-- phpMyAdmin SQL Dump
-- version 5.0.4
-- https://www.phpmyadmin.net/
--
-- Servidor: 127.0.0.1
-- Tiempo de generación: 16-03-2021 a las 03:37:44
-- Versión del servidor: 10.4.17-MariaDB
-- Versión de PHP: 7.4.15

SET SQL_MODE = "NO_AUTO_VALUE_ON_ZERO";
START TRANSACTION;
SET time_zone = "+00:00";


/*!40101 SET @OLD_CHARACTER_SET_CLIENT=@@CHARACTER_SET_CLIENT */;
/*!40101 SET @OLD_CHARACTER_SET_RESULTS=@@CHARACTER_SET_RESULTS */;
/*!40101 SET @OLD_COLLATION_CONNECTION=@@COLLATION_CONNECTION */;
/*!40101 SET NAMES utf8mb4 */;

--
-- Base de datos: `bdistarrhh`
--

DELIMITER $$
--
-- Procedimientos
--
CREATE DEFINER=`root`@`localhost` PROCEDURE `generarAsueto_sp` (IN `fecha` DATE, IN `asueto` VARCHAR(255), IN `dia` VARCHAR(255), IN `mes` VARCHAR(255), IN `anio` VARCHAR(255), IN `formato_fecha` VARCHAR(255), IN `calendario_id` BIGINT)  BEGIN
INSERT INTO `mar_asueto`(`fecha`, `asueto`, `dia`, `mes`, `anio`, `formato_fecha`, `calendario_id`) 
VALUES (fecha,asueto,dia,mes,anio,formato_fecha,calendario_id);

END$$

CREATE DEFINER=`root`@`localhost` PROCEDURE `historialMarcaciones_sp` (IN `fecha_importar` VARCHAR(50), IN `hora_importar` VARCHAR(50), IN `cantidad_registros` INT)  BEGIN
insert into mar_historial(fecha_importar,hora_importar,cantidad_registros) values(fecha_importar,hora_importar,cantidad_registros);
END$$

CREATE DEFINER=`'root'`@`'localhost'` PROCEDURE `historial_sp` (IN `empleado_id` BIGINT(20), IN `usuario_id` BIGINT(20), IN `municipio_id` BIGINT(20), IN `nivel_academico_id` BIGINT(20), IN `cargo_nominal_id` BIGINT(20), IN `tipo_plaza_id` BIGINT(20), IN `estado_civil_id` BIGINT(20), IN `banco_id` BIGINT(20), IN `cargo_funcional_id` BIGINT(20), IN `oficina_id` BIGINT(20), IN `cargo_mp_id` BIGINT(20), IN `cargo_hacienda_id` BIGINT(20), IN `codigo_empleado` CHAR(7), IN `nombre` VARCHAR(80), IN `apellido` VARCHAR(80), IN `fecha_traslado` DATE, IN `pin_empleado` INT(11), IN `numero_expediente` INT(11), IN `tipo_documento` ENUM('Dui','Pasaporte'), IN `numero_documento` CHAR(15), IN `fecha_nacimiento` DATE, IN `lugar_nacimiento` VARCHAR(70), IN `nit` VARCHAR(18), IN `isss` CHAR(9), IN `prevision` CHAR(30), IN `nup` CHAR(15), IN `direccion` VARCHAR(100), IN `telefono` CHAR(9), IN `correo` VARCHAR(255), IN `nombre_contacto` VARCHAR(100), IN `telefono_contacto` CHAR(9), IN `sexo` CHAR(6), IN `fecha_ingreso` DATE, IN `fecha_reingreso` DATE, IN `salario_inicial` DECIMAL(8,2), IN `salario_actual` DECIMAL(8,2), IN `cuenta_banco` VARCHAR(25), IN `cifra_presupuestaria` VARCHAR(30), IN `numero_acuerdo` VARCHAR(30), IN `numero_partida` VARCHAR(30), IN `numero_subpartida` VARCHAR(30), IN `afiliado_sindicato` TINYINT(1), IN `rendir_probidad` TINYINT(1), IN `es_jefe` INT(1), IN `marca` TINYINT(1), IN `autorizado_estudio` TINYINT(1), IN `pensionado` TINYINT(1), IN `enviar_jefe` TINYINT(1), IN `pasivo` TINYINT(1), IN `activo` TINYINT(1), IN `gifcard` VARCHAR(30), IN `numero_acuerdo_retiro` VARCHAR(30), IN `motivo_retiro` VARCHAR(255), IN `fecha_retiro` DATE, IN `created_at` TIMESTAMP, IN `updated_at` TIMESTAMP, IN `guardado` TINYINT(1), IN `traslado` DATE)  SQL SECURITY INVOKER
INSERT INTO `emp_historial`(
    `empleado_id`,
    `usuario_id`,
    `municipio_id`,
    `nivel_academico_id`,
    `cargo_nominal_id`,
    `tipo_plaza_id`,
    `estado_civil_id`,
    `banco_id`,
    `cargo_funcional_id`,
    `oficina_id`,
    `cargo_mp_id`,
    `cargo_hacienda_id`,
    `codigo_empleado`,
    `nombre`,
    `apellido`,
    `fecha_traslado`,
    `pin_empleado`,
    `numero_expediente`,
    `tipo_documento`,
    `numero_documento`,
    `fecha_nacimiento`,
    `lugar_nacimiento`,
    `nit`,
    `isss`,
    `prevision`,
    `nup`,
    `direccion`,
    `telefono`,
    `correo`,
    `nombre_contacto`,
    `telefono_contacto`,
    `sexo`,
    `fecha_ingreso`,
    `fecha_reingreso`,
    `salario_inicial`,
    `salario_actual`,
    `cuenta_banco`,
    `cifra_presupuestaria`,
    `numero_acuerdo`,
    `numero_partida`,
    `numero_subpartida`,
    `afiliado_sindicato`,
    `rendir_probidad`,
    `es_jefe`,
    `marca`,
    `autorizado_estudio`,
    `pensionado`,
    `enviar_jefe`,
    `pasivo`,
    `activo`,
    `gifcard`,
    `numero_acuerdo_retiro`,
    `motivo_retiro`,
    `fecha_retiro`,
    `created_at`,
    `updated_at`,
    `guardado`, 
    `traslado`
)
VALUES(
    empleado_id,
    usuario_id,
    municipio_id,
    nivel_academico_id,
    cargo_nominal_id,
    tipo_plaza_id,
    estado_civil_id,
    banco_id,
    cargo_funcional_id,
    oficina_id,
    cargo_mp_id,
    cargo_hacienda_id,
    codigo_empleado,
    nombre,
    apellido,
    fecha_traslado,
    pin_empleado,
    numero_expediente,
    tipo_documento,
    numero_documento,
    fecha_nacimiento,
    lugar_nacimiento,
    nit,
    isss,
    prevision,
    nup,
    direccion,
    telefono,
    correo,
    nombre_contacto,
    telefono_contacto,
    sexo,
    fecha_ingreso,
    fecha_reingreso,
    salario_inicial,
    salario_actual,
    cuenta_banco,
    cifra_presupuestaria,
    numero_acuerdo,
    numero_partida,
    numero_subpartida,
    afiliado_sindicato,
    rendir_probidad,
    es_jefe,
    marca,
    autorizado_estudio,
    pensionado,
    enviar_jefe,
    pasivo,
    activo,
    gifcard,
    numero_acuerdo_retiro,
    motivo_retiro,
    fecha_retiro,
    created_at,
    updated_at,
    guardado,
    traslado
)$$

CREATE DEFINER=`root`@`localhost` PROCEDURE `marcaciones_sp` (IN `distintivo` VARCHAR(50), IN `formato_fecha` VARCHAR(50), IN `formato_hora` VARCHAR(50), IN `pin_empleado` INT(11), IN `fecha` DATE, IN `hora` TIME, IN `fecha_hora` DATETIME, IN `oficina_id` BIGINT, IN `empleado_id` BIGINT, IN `calendario_id` BIGINT)  BEGIN
insert into mar_marcacion(distintivo, formato_fecha,formato_hora,pin_empleado,fecha,hora,fecha_hora,oficina_id, empleado_id, emp_calendario_id) values(distintivo,formato_fecha, formato_hora,pin_empleado,fecha,hora,fecha_hora,oficina_id,empleado_id, calendario_id);
END$$

DELIMITER ;

-- --------------------------------------------------------

--
-- Estructura de tabla para la tabla `admin_usuario`
--

CREATE TABLE `admin_usuario` (
  `id_usuario` bigint(20) UNSIGNED NOT NULL,
  `empleado_id` bigint(20) UNSIGNED DEFAULT NULL,
  `nombre_usuario` varchar(255) COLLATE utf8_spanish2_ci NOT NULL,
  `email` varchar(255) COLLATE utf8_spanish2_ci NOT NULL,
  `password` varchar(255) COLLATE utf8_spanish2_ci NOT NULL,
  `deleted_at` timestamp NULL DEFAULT NULL,
  `remember_token` varchar(100) COLLATE utf8_spanish2_ci DEFAULT NULL,
  `created_at` timestamp NULL DEFAULT NULL,
  `updated_at` timestamp NULL DEFAULT NULL
) ENGINE=InnoDB DEFAULT CHARSET=utf8 COLLATE=utf8_spanish2_ci;

--
-- Volcado de datos para la tabla `admin_usuario`
--

INSERT INTO `admin_usuario` (`id_usuario`, `empleado_id`, `nombre_usuario`, `email`, `password`, `deleted_at`, `remember_token`, `created_at`, `updated_at`) VALUES
(1, NULL, 'ISTAAdmin', 'istarrhh@gmail.com', '$2y$10$8rMU8PjBgiy4PtY22yc6X.pUwB3phypFgJkyFZahNaAZHxVp/hL5K', NULL, NULL, '2020-08-11 17:42:47', '2020-08-11 17:42:47'),
(2, 2, 'marcos.asc', 'marcos@gmail.com', '$2y$10$OxR1nIKreyiDSmAa1ihpguKleMmoEztj5kJrUGLX/2QTwFVFD1EVe', NULL, NULL, '2020-11-10 15:59:25', '2020-11-10 15:59:25'),
(3, 4, 'sandra.azu', 'sandra@gmail.com', '$2y$10$/dAgXp0f4fU9jZ0BYaCLI..13WU6jAGK31DjNfSFXwpJ04td310Hu', NULL, NULL, '2020-11-10 16:00:17', '2020-11-10 16:00:17'),
(4, 3, 'marta.mil', 'marta@gmail', '$2y$10$4W8wS4sTOg3xHee5aPuel.K.Lati9ADDqMhH8/7vlFY/Max5Lp8ha', NULL, NULL, '2020-11-10 16:00:53', '2020-11-10 16:00:53'),
(9, 5, 'SofyHernandez', 'sofycastillo@gmail.com', '$2y$10$gmC1GEEh2.H3ehDOVWRPd.nwIBMonlAgs.wgvRXH5u7K/9w3T0oaK', NULL, NULL, '2020-11-30 14:05:13', '2021-01-13 08:41:52'),
(10, 8, 'MiaColuchi', 'mia.coluchi@gmail.com', '$2y$10$E.OBi.lAMFGgt6mcO9nLnuJEfbLaGkuTWFh4kaWGhN1Mk2zFyCn76', NULL, NULL, '2020-12-21 15:18:46', '2020-12-21 15:18:46'),
(11, 7, 'MarEscobar', 'mar.escobar@gmail.com', '$2y$10$fKy87g/eh52jFzszCgV76OeufdNY5m/7z9yzfMvX68O7TtAb51ST.', NULL, NULL, '2020-12-21 15:19:29', '2020-12-21 15:19:29'),
(12, 11, 'VictorArriaga', 'victor.arriaga@gmail.com', '$2y$10$aF94x2b/VnJycj1YEb7Bbe87As8Rl3LHXE8cXNDdQxumJ2klzytbK', NULL, NULL, '2020-12-21 15:20:27', '2020-12-21 15:20:27'),
(13, 6, 'AlexisVaquez', 'alexis.vasquez@gmail.com', '$2y$10$i2KPcscE6A4qCuPvDKIGb.kW/KanatPaUUInc7cM8QkzOHwgyniIW', NULL, NULL, '2020-12-29 11:09:46', '2020-12-29 11:09:46'),
(14, 9, 'VeronicaLopez', 'veronica.lopez@gmail.com', '$2y$10$1/l2V2O2SF4PgEzUjSoDeuznzkwyQUtYL4pK1UTVjg1RXM6Ui.ra6', NULL, NULL, '2020-12-29 11:10:27', '2020-12-29 11:10:27'),
(15, 10, 'Griselda.Ramirez', 'griselda.ramirez@gmail.com', '$2y$10$a.oc9lnb5wH7Alx66Qt1POI3gUpHnxYyKyBYMa5ggBFE.TeMF0WGu', NULL, NULL, '2021-02-21 10:09:17', '2021-02-21 10:09:17');

-- --------------------------------------------------------

--
-- Estructura de tabla para la tabla `admin_usuario_oficina`
--

CREATE TABLE `admin_usuario_oficina` (
  `id_usuario_oficina` bigint(20) UNSIGNED NOT NULL,
  `usuario_id` bigint(20) UNSIGNED NOT NULL,
  `oficina_id` bigint(20) UNSIGNED NOT NULL,
  `created_at` timestamp NULL DEFAULT NULL,
  `updated_at` timestamp NULL DEFAULT NULL
) ENGINE=InnoDB DEFAULT CHARSET=utf8 COLLATE=utf8_spanish2_ci;

--
-- Volcado de datos para la tabla `admin_usuario_oficina`
--

INSERT INTO `admin_usuario_oficina` (`id_usuario_oficina`, `usuario_id`, `oficina_id`, `created_at`, `updated_at`) VALUES
(1, 9, 17, NULL, NULL),
(2, 9, 18, NULL, NULL),
(3, 9, 20, NULL, NULL);

-- --------------------------------------------------------

--
-- Estructura Stand-in para la vista `calendario_marcacion_vw`
-- (Véase abajo para la vista actual)
--
CREATE TABLE `calendario_marcacion_vw` (
`id_empleado` bigint(20) unsigned
,`nombre` varchar(80)
,`apellido` varchar(80)
,`codigo_empleado` char(7)
,`pin_empleado` int(11)
,`oficina` varchar(100)
,`unidad_administrativa` varchar(255)
,`centro` varchar(255)
,`fecha` date
,`fecha_marcacion` date
,`hora` time
,`asueto` varchar(255)
,`permisos` varchar(500)
);

-- --------------------------------------------------------

--
-- Estructura Stand-in para la vista `detalle_permiso_empleado_vw`
-- (Véase abajo para la vista actual)
--
CREATE TABLE `detalle_permiso_empleado_vw` (
`empleado_id` bigint(20) unsigned
,`codigo_permiso` varchar(4)
,`descripcion` varchar(500)
,`numero_horas` decimal(8,2)
,`horas_acumuladas` decimal(30,2)
,`resta_hora` decimal(31,2)
);

-- --------------------------------------------------------

--
-- Estructura Stand-in para la vista `empleado_vw`
-- (Véase abajo para la vista actual)
--
CREATE TABLE `empleado_vw` (
`codigo_empleado` char(7)
,`nombre` varchar(80)
,`apellido` varchar(80)
,`departamento` varchar(20)
,`cargo_mp` varchar(100)
,`oficina` varchar(100)
,`unidad_administrativa` varchar(255)
,`tipo_plaza` varchar(50)
,`fecha_nacimiento` date
,`fecha_ingreso` date
,`direccion` varchar(100)
,`sexo` char(6)
,`salario_actual` decimal(8,2)
);

-- --------------------------------------------------------

--
-- Estructura de tabla para la tabla `emp_banco`
--

CREATE TABLE `emp_banco` (
  `id_banco` bigint(20) UNSIGNED NOT NULL,
  `nombre_banco` varchar(100) COLLATE utf8_spanish2_ci NOT NULL,
  `estado` tinyint(1) NOT NULL,
  `created_at` timestamp NULL DEFAULT NULL,
  `updated_at` timestamp NULL DEFAULT NULL
) ENGINE=InnoDB DEFAULT CHARSET=utf8 COLLATE=utf8_spanish2_ci;

--
-- Volcado de datos para la tabla `emp_banco`
--

INSERT INTO `emp_banco` (`id_banco`, `nombre_banco`, `estado`, `created_at`, `updated_at`) VALUES
(1, 'Banco Agricola', 1, NULL, NULL),
(2, 'BANCO AMERICA CENTRAL', 1, '2020-12-17 17:01:44', '2020-12-17 17:01:44'),
(3, 'Banco Cuscatlan', 1, '2020-12-17 17:01:51', '2020-12-17 17:01:51'),
(4, 'Caja de Credito', 1, '2020-12-17 17:01:58', '2020-12-17 17:01:58');

-- --------------------------------------------------------

--
-- Estructura de tabla para la tabla `emp_cargo`
--

CREATE TABLE `emp_cargo` (
  `id_cargo` bigint(20) UNSIGNED NOT NULL,
  `cargo` varchar(100) COLLATE utf8_spanish2_ci NOT NULL,
  `estado` tinyint(1) NOT NULL,
  `created_at` timestamp NULL DEFAULT NULL,
  `updated_at` timestamp NULL DEFAULT NULL
) ENGINE=InnoDB DEFAULT CHARSET=utf8 COLLATE=utf8_spanish2_ci;

--
-- Volcado de datos para la tabla `emp_cargo`
--

INSERT INTO `emp_cargo` (`id_cargo`, `cargo`, `estado`, `created_at`, `updated_at`) VALUES
(1, 'Encargado de Desarrollo de Software', 1, '2020-08-11 18:03:13', '2020-08-11 18:03:13'),
(2, 'Soporte Técnico', 1, '2020-08-11 18:03:25', '2020-08-11 18:03:25'),
(3, 'Jefa Departamento de Asignación Individual y Avalúos', 1, '2020-08-13 12:06:49', '2020-08-13 12:06:49'),
(4, 'Jefa Unidad Financiera Institucional', 1, '2020-08-13 12:06:56', '2020-08-13 12:06:56'),
(5, 'Jefe Oficina Regional Paracental', 1, '2020-08-13 12:07:06', '2020-08-13 12:07:06'),
(6, 'Jefa Departamento de Análisis Jurídico', 1, '2020-08-13 12:07:14', '2020-08-13 12:07:14'),
(7, 'Jefa de Unidad de Asistencia a Junta Directiva', 1, '2020-08-13 12:07:24', '2020-08-13 12:07:24'),
(8, 'Jefe Oficina Regional Usulután', 1, '2020-08-13 12:07:34', '2020-08-13 12:07:34'),
(9, 'Jefe Departamento de Proyectos de Parcelación', 1, '2020-08-13 12:07:45', '2020-08-13 12:07:45'),
(10, 'Gerente de Desarrollo Rural', 1, '2020-08-13 12:07:52', '2020-08-13 12:07:52'),
(11, 'Jefe Departamento de Presupuesto', 1, '2020-08-13 12:08:00', '2020-08-13 12:08:00'),
(12, 'Jefa Departamento de Contabilidad', 1, '2020-08-13 12:08:10', '2020-08-13 12:08:10'),
(13, 'Oficial de la Unidad de Gestión Documental y Archivos', 1, '2020-08-13 12:08:20', '2020-08-13 12:08:20'),
(14, 'Jefa Departamento de Escrituración', 1, '2020-08-13 12:08:30', '2020-08-13 12:08:30'),
(15, '2020-05-10', 0, '2020-09-11 14:25:05', '2020-12-29 09:12:58'),
(16, 'permiso1', 0, '2020-10-30 13:38:07', '2020-12-29 09:13:26'),
(17, 'permisoo1', 0, '2020-10-30 14:07:40', '2020-12-29 09:13:35'),
(18, 'Gerente Recursos Humanos', 1, '2020-12-17 16:28:50', '2020-12-17 16:28:50');

-- --------------------------------------------------------

--
-- Estructura de tabla para la tabla `emp_cargo_hacienda`
--

CREATE TABLE `emp_cargo_hacienda` (
  `id_cargo_hacienda` bigint(20) UNSIGNED NOT NULL,
  `cargo_hacienda` varchar(100) COLLATE utf8_spanish2_ci NOT NULL,
  `estado` tinyint(1) NOT NULL,
  `created_at` timestamp NULL DEFAULT NULL,
  `updated_at` timestamp NULL DEFAULT NULL
) ENGINE=InnoDB DEFAULT CHARSET=utf8 COLLATE=utf8_spanish2_ci;

--
-- Volcado de datos para la tabla `emp_cargo_hacienda`
--

INSERT INTO `emp_cargo_hacienda` (`id_cargo_hacienda`, `cargo_hacienda`, `estado`, `created_at`, `updated_at`) VALUES
(1, 'Soporte Tecnico', 1, '2020-08-11 17:55:45', '2020-08-11 17:55:45'),
(2, 'Encargado Desarrollo de Software', 1, '2020-08-11 17:56:06', '2020-08-11 17:56:06'),
(3, 'Encargado Fcmf', 1, '2020-08-13 12:01:07', '2020-08-13 12:01:07'),
(4, 'Asistencia Informática Safi', 1, '2020-08-13 12:01:21', '2020-08-13 12:01:21'),
(5, 'Jefe Unidad de Planificación', 1, '2020-08-13 12:02:35', '2020-08-13 12:02:35'),
(6, 'Gerente de Recursos Humanos', 1, '2020-08-13 12:02:43', '2020-08-13 12:02:43'),
(7, 'Jefe Departamento de Registro', 1, '2020-08-13 12:02:57', '2020-08-13 12:02:57'),
(8, 'Asesor de Presidencia Institucional', 1, '2020-08-13 12:03:08', '2020-08-13 12:03:08'),
(9, 'Jefe Unidad de Cooperación Externa', 1, '2020-08-13 12:03:21', '2020-08-13 12:03:21'),
(10, 'Gerente de Escuelas Agrarias', 1, '2020-08-13 12:03:29', '2020-08-13 12:03:29'),
(11, 'Jefe Unidad de Informática', 1, '2020-08-13 12:03:38', '2020-08-13 12:03:38'),
(12, 'Jefa Unidad de Género', 1, '2020-08-13 12:03:48', '2020-08-13 12:03:48'),
(13, 'Jefe de Unidad de Auditoría Interna', 1, '2020-08-13 12:03:57', '2020-08-13 12:03:57'),
(14, 'Jefe del Departamento de Procuración Interino', 1, '2020-08-13 12:04:09', '2020-08-13 12:04:09'),
(15, 'Jefa Departamento de Tesorería', 1, '2020-08-13 12:09:49', '2020-08-13 12:09:49'),
(16, 'Gerente Recursos Humanos', 1, '2020-12-17 16:29:20', '2020-12-17 16:29:20'),
(17, 'Jefe de unidad financiera', 1, '2020-12-17 17:23:12', '2020-12-17 17:23:12');

-- --------------------------------------------------------

--
-- Estructura de tabla para la tabla `emp_cargo_mp`
--

CREATE TABLE `emp_cargo_mp` (
  `id_cargo_mp` bigint(20) UNSIGNED NOT NULL,
  `cargo_mp` varchar(100) COLLATE utf8_spanish2_ci NOT NULL,
  `estado` tinyint(1) NOT NULL,
  `created_at` timestamp NULL DEFAULT NULL,
  `updated_at` timestamp NULL DEFAULT NULL
) ENGINE=InnoDB DEFAULT CHARSET=utf8 COLLATE=utf8_spanish2_ci;

--
-- Volcado de datos para la tabla `emp_cargo_mp`
--

INSERT INTO `emp_cargo_mp` (`id_cargo_mp`, `cargo_mp`, `estado`, `created_at`, `updated_at`) VALUES
(1, 'Encargado de Desarrollo de Sofware', 1, '2020-08-11 18:01:44', '2020-08-11 18:01:44'),
(2, 'Soporte Técnico', 1, '2020-08-11 18:02:02', '2020-08-11 18:02:02'),
(3, 'Subgerente de Desarrollo Rural', 1, '2020-08-13 12:04:28', '2020-08-13 12:04:28'),
(4, 'Jefe Departamento de Servicios Generales', 1, '2020-08-13 12:04:38', '2020-08-13 12:04:38'),
(5, 'Jefe Unidad de Adquisiciones y Contrataciones Institucional', 1, '2020-08-13 12:04:47', '2020-08-13 12:04:47'),
(6, 'Jefe Oficina Regional Oriental', 1, '2020-08-13 12:04:56', '2020-08-13 12:04:56'),
(7, 'Jefa Departamento de Asistencia Ciudadana', 1, '2020-08-13 12:05:05', '2020-08-13 12:05:05'),
(8, 'Jefe de la Oficina de Comunicaciones', 1, '2020-08-13 12:05:15', '2020-08-13 12:05:15'),
(9, 'Gerente de Operaciones y Logística', 1, '2020-08-13 12:05:33', '2020-08-13 12:05:33'),
(10, 'Jefa Departamento de Recuperación y Adjudicación de Inmuebles FINATA-Banco de Tierras', 1, '2020-08-13 12:05:46', '2020-08-13 12:05:46'),
(11, 'Jefe Oficina Regional Occidental', 1, '2020-08-13 12:05:55', '2020-08-13 12:05:55'),
(12, 'Sub Gerente Legal', 1, '2020-08-13 12:06:12', '2020-08-13 12:06:12'),
(13, 'Jefa Unidad Ambiental', 1, '2020-08-13 12:06:22', '2020-08-13 12:06:22'),
(14, 'Oficial de Información Interina/Unidad de Acceso a la Información Pública', 1, '2020-08-13 12:09:25', '2020-08-13 12:09:25'),
(15, 'Jefe Departamento de Créditos', 1, '2020-08-13 12:09:37', '2020-08-13 12:09:37'),
(16, 'Gerente Recursos Humanos', 1, '2020-12-17 16:29:03', '2020-12-17 16:29:03'),
(17, 'Jefe de unidad financiera', 1, '2020-12-17 17:22:56', '2020-12-17 17:22:56');

-- --------------------------------------------------------

--
-- Estructura de tabla para la tabla `emp_centro`
--

CREATE TABLE `emp_centro` (
  `id_centro` bigint(20) UNSIGNED NOT NULL,
  `abreviatura` varchar(255) COLLATE utf8_spanish2_ci NOT NULL,
  `centro` varchar(255) COLLATE utf8_spanish2_ci NOT NULL,
  `encargado` varchar(255) COLLATE utf8_spanish2_ci NOT NULL,
  `fecha_inicio` int(11) DEFAULT NULL,
  `hora_inicio` time DEFAULT NULL,
  `fecha_fin` int(11) DEFAULT NULL,
  `hora_fin` time DEFAULT NULL,
  `fin_semana` tinyint(1) NOT NULL,
  `asueto` tinyint(1) NOT NULL,
  `activo` tinyint(1) NOT NULL,
  `estado` tinyint(1) NOT NULL,
  `created_at` timestamp NULL DEFAULT NULL,
  `updated_at` timestamp NULL DEFAULT NULL
) ENGINE=InnoDB DEFAULT CHARSET=utf8 COLLATE=utf8_spanish2_ci;

--
-- Volcado de datos para la tabla `emp_centro`
--

INSERT INTO `emp_centro` (`id_centro`, `abreviatura`, `centro`, `encargado`, `fecha_inicio`, `hora_inicio`, `fecha_fin`, `hora_fin`, `fin_semana`, `asueto`, `activo`, `estado`, `created_at`, `updated_at`) VALUES
(1, 'GRH', 'OFICINA CENTRAL', 'ANDREA MAGALI HERNANDEZ SORTO', 2, '10:00:00', 3, '14:00:00', 1, 1, 0, 1, '2020-10-31 14:28:12', '2020-12-29 14:48:19'),
(2, 'GDR', 'CETIA I', 'JORGE ANTONIO BERNAL CUELLAR', NULL, NULL, NULL, NULL, 1, 1, 0, 1, '2020-10-31 14:28:50', '2021-02-03 14:31:40'),
(3, 'GRH', 'CETIA II', 'FREDDY ALBERTO GARCIA CHACON', 4, '11:30:00', 5, '14:00:00', 1, 1, 0, 1, '2020-10-31 14:28:31', '2020-12-29 14:47:59'),
(4, 'GDR', 'CETIA III', 'MIGUEL ANGEL OLIVA TEJADA', NULL, NULL, NULL, NULL, 1, 1, 0, 1, '2020-12-20 11:14:08', '2021-01-17 08:35:54'),
(5, 'GDR', 'CETIA IV (USULUTAN)', 'Hector Alfredo Nuñez Guardado', NULL, NULL, NULL, NULL, 1, 1, 0, 1, '2020-12-20 11:14:24', '2020-12-29 14:48:14'),
(6, 'GDR', 'CETIA IV', 'Hector Alfredo Nuñez Guardado', NULL, NULL, NULL, NULL, 1, 1, 0, 1, '2020-12-20 11:14:44', '2020-12-29 14:48:09');

-- --------------------------------------------------------

--
-- Estructura de tabla para la tabla `emp_departamento`
--

CREATE TABLE `emp_departamento` (
  `id_departamento` bigint(20) UNSIGNED NOT NULL,
  `departamento` varchar(20) COLLATE utf8_spanish2_ci NOT NULL,
  `created_at` timestamp NULL DEFAULT NULL,
  `updated_at` timestamp NULL DEFAULT NULL
) ENGINE=InnoDB DEFAULT CHARSET=utf8 COLLATE=utf8_spanish2_ci;

--
-- Volcado de datos para la tabla `emp_departamento`
--

INSERT INTO `emp_departamento` (`id_departamento`, `departamento`, `created_at`, `updated_at`) VALUES
(1, 'Santa Ana', '2018-09-26 19:04:45', '2018-09-26 19:04:45'),
(2, 'Ahuachapán', '2018-09-26 19:04:45', '2018-09-26 19:04:45'),
(3, 'Sonsonate', '2018-09-26 19:04:45', '2018-09-26 19:04:45'),
(4, 'Chalatenango', '2018-09-26 19:04:45', '2018-09-26 19:04:45'),
(5, 'San Salvador', '2018-09-26 19:04:45', '2018-09-26 19:04:45'),
(6, 'La Libertad', '2018-09-26 19:04:45', '2018-09-26 19:04:45'),
(7, 'Cuscatlán', '2018-09-26 19:04:45', '2018-09-26 19:04:45'),
(8, 'San Vicente', '2018-09-26 19:04:45', '2018-09-26 19:04:45'),
(9, 'Cabañas', '2018-09-26 19:04:45', '2018-09-26 19:04:45'),
(10, 'La Paz', '2018-09-26 19:04:45', '2018-09-26 19:04:45'),
(11, 'Morazán', '2018-09-26 19:04:45', '2018-09-26 19:04:45'),
(12, 'San Miguel', '2018-09-26 19:04:45', '2018-09-26 19:04:45'),
(13, 'Usulután', '2018-09-26 19:04:46', '2018-09-26 19:04:46'),
(14, 'La Unión', '2018-09-26 19:04:46', '2018-09-26 19:04:46');

-- --------------------------------------------------------

--
-- Estructura de tabla para la tabla `emp_documento`
--

CREATE TABLE `emp_documento` (
  `id_documento` bigint(20) UNSIGNED NOT NULL,
  `empleado_id` bigint(20) UNSIGNED NOT NULL,
  `nombre_documento` varchar(255) COLLATE utf8_spanish2_ci NOT NULL,
  `extension` varchar(255) COLLATE utf8_spanish2_ci NOT NULL,
  `descripcion` varchar(255) COLLATE utf8_spanish2_ci NOT NULL,
  `ruta` varchar(255) COLLATE utf8_spanish2_ci NOT NULL,
  `created_at` timestamp NULL DEFAULT NULL,
  `updated_at` timestamp NULL DEFAULT NULL
) ENGINE=InnoDB DEFAULT CHARSET=utf8 COLLATE=utf8_spanish2_ci;

--
-- Volcado de datos para la tabla `emp_documento`
--

INSERT INTO `emp_documento` (`id_documento`, `empleado_id`, `nombre_documento`, `extension`, `descripcion`, `ruta`, `created_at`, `updated_at`) VALUES
(1, 11, '33 carta.jpg', 'jpg', 'Documento Dui', 'public/documentos/AB11924/33 carta.jpg', '2021-01-21 10:48:01', '2021-01-21 10:53:33');

-- --------------------------------------------------------

--
-- Estructura de tabla para la tabla `emp_empleado`
--

CREATE TABLE `emp_empleado` (
  `id_empleado` bigint(20) UNSIGNED NOT NULL,
  `municipio_id` bigint(20) UNSIGNED DEFAULT NULL,
  `nivel_academico_id` bigint(20) UNSIGNED DEFAULT NULL,
  `cargo_nominal_id` bigint(20) UNSIGNED DEFAULT NULL,
  `tipo_plaza_id` bigint(20) UNSIGNED DEFAULT NULL,
  `estado_civil_id` bigint(20) UNSIGNED DEFAULT NULL,
  `banco_id` bigint(20) UNSIGNED DEFAULT NULL,
  `cargo_funcional_id` bigint(20) UNSIGNED DEFAULT NULL,
  `oficina_id` bigint(20) UNSIGNED DEFAULT NULL,
  `cargo_mp_id` bigint(20) UNSIGNED DEFAULT NULL,
  `cargo_hacienda_id` bigint(20) UNSIGNED DEFAULT NULL,
  `codigo_empleado` char(7) COLLATE utf8_spanish2_ci DEFAULT NULL,
  `nombre` varchar(80) COLLATE utf8_spanish2_ci DEFAULT NULL,
  `apellido` varchar(80) COLLATE utf8_spanish2_ci DEFAULT NULL,
  `fecha_traslado` date DEFAULT NULL,
  `pin_empleado` int(11) DEFAULT NULL,
  `numero_expediente` int(11) DEFAULT NULL,
  `tipo_documento` enum('Dui','Pasaporte') COLLATE utf8_spanish2_ci DEFAULT NULL,
  `numero_documento` char(15) COLLATE utf8_spanish2_ci DEFAULT NULL,
  `fecha_nacimiento` date DEFAULT NULL,
  `lugar_nacimiento` varchar(70) COLLATE utf8_spanish2_ci DEFAULT NULL,
  `nit` varchar(18) COLLATE utf8_spanish2_ci DEFAULT NULL,
  `isss` char(9) COLLATE utf8_spanish2_ci DEFAULT NULL,
  `prevision` char(30) COLLATE utf8_spanish2_ci DEFAULT NULL,
  `nup` char(15) COLLATE utf8_spanish2_ci DEFAULT NULL,
  `direccion` varchar(100) COLLATE utf8_spanish2_ci DEFAULT NULL,
  `telefono` char(9) COLLATE utf8_spanish2_ci DEFAULT NULL,
  `correo` varchar(255) COLLATE utf8_spanish2_ci DEFAULT NULL,
  `nombre_contacto` varchar(100) COLLATE utf8_spanish2_ci DEFAULT NULL,
  `telefono_contacto` char(9) COLLATE utf8_spanish2_ci DEFAULT NULL,
  `sexo` char(6) COLLATE utf8_spanish2_ci DEFAULT NULL,
  `fecha_ingreso` date DEFAULT NULL,
  `fecha_reingreso` date DEFAULT NULL,
  `salario_inicial` decimal(8,2) DEFAULT NULL,
  `salario_actual` decimal(8,2) DEFAULT NULL,
  `cuenta_banco` varchar(25) COLLATE utf8_spanish2_ci DEFAULT NULL,
  `cifra_presupuestaria` varchar(30) COLLATE utf8_spanish2_ci DEFAULT NULL,
  `numero_acuerdo` varchar(30) COLLATE utf8_spanish2_ci DEFAULT NULL,
  `numero_partida` varchar(30) COLLATE utf8_spanish2_ci DEFAULT NULL,
  `numero_subpartida` varchar(30) COLLATE utf8_spanish2_ci DEFAULT NULL,
  `afiliado_sindicato` tinyint(1) DEFAULT NULL,
  `rendir_probidad` tinyint(1) DEFAULT NULL,
  `es_jefe` tinyint(1) DEFAULT NULL,
  `marca` tinyint(1) DEFAULT NULL,
  `autorizado_estudio` tinyint(1) DEFAULT NULL,
  `pensionado` tinyint(1) DEFAULT NULL,
  `enviar_jefe` tinyint(1) DEFAULT NULL,
  `pasivo` tinyint(1) DEFAULT NULL,
  `activo` tinyint(1) DEFAULT NULL,
  `gifcard` varchar(30) COLLATE utf8_spanish2_ci DEFAULT NULL,
  `numero_acuerdo_retiro` varchar(30) COLLATE utf8_spanish2_ci DEFAULT NULL,
  `motivo_retiro` varchar(255) COLLATE utf8_spanish2_ci DEFAULT NULL,
  `fecha_retiro` date DEFAULT NULL,
  `guardado` tinyint(1) NOT NULL,
  `created_at` timestamp NULL DEFAULT NULL,
  `updated_at` timestamp NULL DEFAULT NULL
) ENGINE=InnoDB DEFAULT CHARSET=utf8 COLLATE=utf8_spanish2_ci;

--
-- Volcado de datos para la tabla `emp_empleado`
--

INSERT INTO `emp_empleado` (`id_empleado`, `municipio_id`, `nivel_academico_id`, `cargo_nominal_id`, `tipo_plaza_id`, `estado_civil_id`, `banco_id`, `cargo_funcional_id`, `oficina_id`, `cargo_mp_id`, `cargo_hacienda_id`, `codigo_empleado`, `nombre`, `apellido`, `fecha_traslado`, `pin_empleado`, `numero_expediente`, `tipo_documento`, `numero_documento`, `fecha_nacimiento`, `lugar_nacimiento`, `nit`, `isss`, `prevision`, `nup`, `direccion`, `telefono`, `correo`, `nombre_contacto`, `telefono_contacto`, `sexo`, `fecha_ingreso`, `fecha_reingreso`, `salario_inicial`, `salario_actual`, `cuenta_banco`, `cifra_presupuestaria`, `numero_acuerdo`, `numero_partida`, `numero_subpartida`, `afiliado_sindicato`, `rendir_probidad`, `es_jefe`, `marca`, `autorizado_estudio`, `pensionado`, `enviar_jefe`, `pasivo`, `activo`, `gifcard`, `numero_acuerdo_retiro`, `motivo_retiro`, `fecha_retiro`, `guardado`, `created_at`, `updated_at`) VALUES
(1, 4, 1, 12, 1, 1, 4, 11, 15, 11, 14, 'mc10060', 'Sofia del Carmen', 'Marroquin Castillo', '2021-03-16', 477, 607, 'Dui', '044789783', '1991-08-12', 'San Vicente', '1013-120891-101-0', '903485', 'AFP CONFIA', '904850273', 'Direccion', '2234-9003', 'sofia.marroquin@gmail.com', 'Tamara Marroquin', '2399-8935', 'Mujer', '2020-08-12', NULL, '750.00', '760.00', '070839459', '9103458060', '0348', '7802', '0245', 0, 0, 1, 0, 1, 1, 0, 0, 1, NULL, NULL, NULL, NULL, 1, '2021-01-10 04:23:18', '2021-03-16 08:18:13'),
(2, 2, 1, 7, 1, 2, 1, 6, 16, 7, 7, 'CP12123', 'Marcos Antonio', 'Asesc', NULL, 245, 285051, 'Dui', '02840568', '1980-04-23', 'San Salvador', '0614-230480-284-8', '9024506', 'AFP CONFIA', '02459038', 'Avenida Sur Lourdes', '2345-2390', NULL, NULL, NULL, 'Hombre', '2020-06-10', NULL, '760.00', '760.00', '092940566', '92305', '038556', '0294066', '990245', 1, 1, 0, 0, 0, 0, 0, 0, 1, NULL, NULL, NULL, NULL, 1, '2021-01-10 05:31:24', '2021-01-10 05:38:02'),
(3, 91, 1, 10, 2, 1, 1, 10, 18, 11, 11, 'II02024', 'Martina Luisiana', 'Milado Reyes', NULL, 502, 90249, 'Dui', '09845703', '1993-02-08', 'San Marcos', '0729-120470-382-7', '892359', 'AFP CRECER', '92034596', 'San Marcos', '2305-8389', NULL, NULL, NULL, 'Mujer', '2020-05-10', NULL, '890.00', '890.00', '904830302', '1245-29304953', '02845', '048630', '965', 0, 1, 0, 1, 0, 1, 0, 0, 1, NULL, NULL, NULL, NULL, 1, '2021-01-10 05:39:51', '2021-01-10 05:43:26'),
(4, 167, 1, 2, 1, 2, 4, 7, 20, 4, 7, 'HH25825', 'Sandra Ismel', 'Azucena Hernandez', NULL, 315, 903, 'Dui', '003596', '1976-07-07', 'San Luis Talpa', '0720-458200-348-2', '024955', 'AFP CONFIA', '09034505', 'Luis Talpa', '2305-0305', NULL, NULL, NULL, 'Mujer', '2020-03-07', NULL, '600.00', '600.00', '039505', '91340568394', '9340', '99245', '89023', 0, 0, 0, 0, 1, 1, 0, 0, 1, NULL, NULL, NULL, NULL, 1, '2021-01-10 05:48:37', '2021-01-10 05:51:57'),
(5, 153, 1, 9, 2, 1, 2, 11, 19, 17, 14, 'HC14030', 'Sofia Nohemy', 'Hernandez Corpeño', NULL, 9867, 9035, 'Dui', '920406', '1997-02-17', 'Zacatecoluca', '0629-457295-677-3', '89245606', 'AFP CONFIA', '8930568', 'Zacatecoluca', '2356-7904', NULL, NULL, NULL, 'Mujer', '2020-06-12', NULL, '895.00', '895.00', '9049305', '902455-373204', '892450', '903560', '89244', 1, 0, 0, 1, 0, 0, 1, 0, 1, NULL, NULL, NULL, NULL, 1, '2021-01-10 05:53:09', '2021-01-10 05:56:28'),
(6, 86, 1, 12, 2, 1, 1, 13, 21, 12, 13, 'VN10020', 'Josue Alexis', 'Vasquez Navas', NULL, 567, 9245, 'Dui', '078350683', '1991-08-11', 'Zaragoza', '0768-110891-283-4', '9923459', 'AFP CONFIA', '902486', 'Guazapa', '2234-5690', NULL, NULL, NULL, 'Hombre', '2020-06-12', NULL, '700.00', '700.00', '9024596', '00234965', '893569', '092460', '924', 0, 1, 0, 0, 1, 0, 0, 0, 1, NULL, NULL, NULL, NULL, 1, '2021-01-10 06:12:41', '2021-02-03 15:10:51'),
(7, 81, 1, 8, 1, 1, 1, 5, 16, 6, 13, 'oe10006', 'Lorena Margarita', 'Ordoñez Escobar', '2021-03-17', 120, 345, 'Dui', '9035594', '1991-12-04', 'Usulutan', '1829-041291-828-9', '8923048', 'AFP CRECER', '993595', 'Las Colinas', '2257-8960', NULL, NULL, NULL, 'Mujer', '2012-02-23', NULL, '750.00', '780.00', '9204066', '98249678394', '990234', '002345', '89240', 0, 1, 1, 0, 1, 0, 0, 0, 1, NULL, NULL, NULL, NULL, 1, '2021-01-10 06:18:15', '2021-03-16 08:36:41'),
(8, 88, 1, 18, 1, 2, 1, 18, 23, 16, 16, 'BL8794', 'Mia Roberto', 'Coluchi', NULL, 6952, 93587, 'Dui', '00359663', '1991-02-10', 'Nejapa', '1245-948669-383-0', '892467', 'AFP CONFIA', '9024676', 'Nejapa', '2245-6797', NULL, NULL, NULL, 'Mujer', '2020-02-10', NULL, '800.00', '800.00', '993567', '7824058393', '992456', '924676', '89246', 0, 0, 0, 1, 1, 0, 0, 0, 1, NULL, NULL, NULL, NULL, 1, '2021-01-10 06:29:08', '2021-01-10 06:31:14'),
(9, 105, 1, 13, 1, 2, 2, 13, 15, 12, 12, 'LP01245', 'Veronica Patricia', 'Lopez Perez', NULL, 2563, 902389, 'Dui', '00485937', '1978-12-31', 'La Libertad', '3107-293882-382-9', '9024588', 'AFP CONFIA', '00244902', 'La Libertad, Costa del Sol', '2389-5067', NULL, NULL, NULL, 'Mujer', '2005-06-21', NULL, '849.00', '849.00', '00349550', '9924589372', '929450', '99245', '8923', 0, 1, 1, 1, 0, 0, 0, 0, 1, NULL, NULL, NULL, NULL, 1, '2021-01-10 06:38:04', '2021-02-03 14:31:45'),
(10, 82, 1, 3, 1, 1, 1, 6, 21, 4, 14, 'RM85523', 'Griselda Estela', 'Ramirez Marquez', NULL, 7844, 929333, 'Dui', '093489203', '1978-06-06', 'La Union', '1238-349482-839-2', '8923002', 'AFP CONFIA', '90913482', 'San Salvador, La Palma', '2245-8960', NULL, NULL, NULL, 'Mujer', '2015-07-22', NULL, '670.00', '670.00', '994759676', '947603823', '924566', '99246', '8823', 0, 1, 1, 0, 0, 0, 0, 0, 1, NULL, NULL, NULL, NULL, 1, '2021-01-10 06:45:53', '2021-02-03 14:31:14'),
(11, 3, 1, 18, 2, 1, 4, 14, 19, 14, 14, 'AB11924', 'Victor Manuel', 'Arriaga Borja', NULL, 2255, 9946, 'Dui', '004853994', '1987-06-27', 'Santa Ana', '1128-495823-394-0', '892455', 'AFP CONFIA', '99235959', 'Santa Ana', '2456-7980', NULL, NULL, NULL, 'Hombre', '2020-05-11', NULL, '750.00', '750.00', '94683839', '987458922', '88924', '9092', '8823', 0, 1, 0, 0, 1, 1, 0, 0, 1, NULL, NULL, NULL, NULL, 1, '2021-01-10 06:50:38', '2021-01-10 06:52:58'),
(12, 52, 1, 14, 2, 2, 2, 6, 17, 13, 13, 'RR02151', 'Franco Ernesto', 'Rivera Rivera', NULL, 212, 8294, 'Dui', '094869343', NULL, 'Apopa', '3116-820485-969-0', '892469', 'AFP CRECER', '9456976', 'Apopa', '2345-6997', NULL, NULL, NULL, 'Hombre', '2020-04-12', NULL, '700.00', '700.00', '939394056', '9024856968', '892340', '94950', '8923', 0, 1, 0, 0, 1, 0, 0, 0, 1, NULL, NULL, NULL, NULL, 1, '2021-01-10 06:54:12', '2021-02-03 14:48:49'),
(15, 52, 1, 2, NULL, 1, NULL, 2, 22, 2, 1, 'sg45111', 'Melvin Ulises', 'Herrera Jirón', NULL, 3252, 435, 'Dui', '11111211', '1990-09-08', 'Apopa', '3546-653434-343-3', '5545411', 'AFP CONFIA', '59125682', 'Su casa', '2334-2323', NULL, NULL, NULL, 'Hombre', '2021-03-14', NULL, '500.00', '500.00', NULL, NULL, NULL, NULL, NULL, NULL, NULL, NULL, NULL, NULL, NULL, NULL, NULL, 1, NULL, NULL, NULL, NULL, 0, '2021-03-14 21:15:10', '2021-03-14 21:18:39');

-- --------------------------------------------------------

--
-- Estructura de tabla para la tabla `emp_estado_civil`
--

CREATE TABLE `emp_estado_civil` (
  `id_estado_civil` bigint(20) UNSIGNED NOT NULL,
  `estado_civil` varchar(255) COLLATE utf8_spanish2_ci NOT NULL,
  `created_at` timestamp NULL DEFAULT NULL,
  `updated_at` timestamp NULL DEFAULT NULL
) ENGINE=InnoDB DEFAULT CHARSET=utf8 COLLATE=utf8_spanish2_ci;

--
-- Volcado de datos para la tabla `emp_estado_civil`
--

INSERT INTO `emp_estado_civil` (`id_estado_civil`, `estado_civil`, `created_at`, `updated_at`) VALUES
(1, 'Soltero/a', NULL, NULL),
(2, 'Casado/a', NULL, NULL),
(3, 'Viudo/a', NULL, NULL),
(4, 'Divorciado/a', NULL, NULL);

-- --------------------------------------------------------

--
-- Estructura de tabla para la tabla `emp_historial`
--

CREATE TABLE `emp_historial` (
  `id_historial` bigint(20) UNSIGNED NOT NULL,
  `empleado_id` bigint(20) UNSIGNED DEFAULT NULL,
  `usuario_id` bigint(20) UNSIGNED DEFAULT NULL,
  `municipio_id` bigint(20) UNSIGNED DEFAULT NULL,
  `nivel_academico_id` bigint(20) UNSIGNED DEFAULT NULL,
  `cargo_nominal_id` bigint(20) UNSIGNED DEFAULT NULL,
  `tipo_plaza_id` bigint(20) UNSIGNED DEFAULT NULL,
  `estado_civil_id` bigint(20) UNSIGNED DEFAULT NULL,
  `banco_id` bigint(20) UNSIGNED DEFAULT NULL,
  `cargo_funcional_id` bigint(20) UNSIGNED DEFAULT NULL,
  `oficina_id` bigint(20) UNSIGNED DEFAULT NULL,
  `cargo_mp_id` bigint(20) UNSIGNED DEFAULT NULL,
  `cargo_hacienda_id` bigint(20) UNSIGNED DEFAULT NULL,
  `codigo_empleado` char(7) COLLATE utf8_spanish2_ci DEFAULT NULL,
  `nombre` varchar(80) COLLATE utf8_spanish2_ci DEFAULT NULL,
  `apellido` varchar(80) COLLATE utf8_spanish2_ci DEFAULT NULL,
  `fecha_traslado` date DEFAULT NULL,
  `traslado` date DEFAULT NULL,
  `pin_empleado` int(11) DEFAULT NULL,
  `numero_expediente` int(11) DEFAULT NULL,
  `tipo_documento` enum('Dui','Pasaporte') COLLATE utf8_spanish2_ci DEFAULT NULL,
  `numero_documento` char(15) COLLATE utf8_spanish2_ci DEFAULT NULL,
  `fecha_nacimiento` date DEFAULT NULL,
  `lugar_nacimiento` varchar(70) COLLATE utf8_spanish2_ci DEFAULT NULL,
  `nit` varchar(18) COLLATE utf8_spanish2_ci DEFAULT NULL,
  `isss` char(9) COLLATE utf8_spanish2_ci DEFAULT NULL,
  `prevision` char(30) COLLATE utf8_spanish2_ci DEFAULT NULL,
  `nup` char(15) COLLATE utf8_spanish2_ci DEFAULT NULL,
  `direccion` varchar(100) COLLATE utf8_spanish2_ci DEFAULT NULL,
  `telefono` char(9) COLLATE utf8_spanish2_ci DEFAULT NULL,
  `correo` varchar(255) COLLATE utf8_spanish2_ci DEFAULT NULL,
  `nombre_contacto` varchar(100) COLLATE utf8_spanish2_ci DEFAULT NULL,
  `telefono_contacto` char(9) COLLATE utf8_spanish2_ci DEFAULT NULL,
  `sexo` char(6) COLLATE utf8_spanish2_ci DEFAULT NULL,
  `fecha_ingreso` date DEFAULT NULL,
  `fecha_reingreso` date DEFAULT NULL,
  `salario_inicial` decimal(8,2) DEFAULT NULL,
  `salario_actual` decimal(8,2) DEFAULT NULL,
  `cuenta_banco` varchar(25) COLLATE utf8_spanish2_ci DEFAULT NULL,
  `cifra_presupuestaria` varchar(30) COLLATE utf8_spanish2_ci DEFAULT NULL,
  `numero_acuerdo` varchar(30) COLLATE utf8_spanish2_ci DEFAULT NULL,
  `numero_partida` varchar(30) COLLATE utf8_spanish2_ci DEFAULT NULL,
  `numero_subpartida` varchar(30) COLLATE utf8_spanish2_ci DEFAULT NULL,
  `afiliado_sindicato` tinyint(1) DEFAULT NULL,
  `rendir_probidad` tinyint(1) DEFAULT NULL,
  `es_jefe` tinyint(1) DEFAULT NULL,
  `marca` tinyint(1) DEFAULT NULL,
  `autorizado_estudio` tinyint(1) DEFAULT NULL,
  `pensionado` tinyint(1) DEFAULT NULL,
  `enviar_jefe` tinyint(1) DEFAULT NULL,
  `pasivo` tinyint(1) DEFAULT NULL,
  `activo` tinyint(1) DEFAULT NULL,
  `gifcard` varchar(30) COLLATE utf8_spanish2_ci DEFAULT NULL,
  `numero_acuerdo_retiro` varchar(30) COLLATE utf8_spanish2_ci DEFAULT NULL,
  `motivo_retiro` varchar(255) COLLATE utf8_spanish2_ci DEFAULT NULL,
  `fecha_retiro` date DEFAULT NULL,
  `guardado` tinyint(1) NOT NULL,
  `created_at` timestamp NULL DEFAULT NULL,
  `updated_at` timestamp NULL DEFAULT NULL
) ENGINE=InnoDB DEFAULT CHARSET=utf8 COLLATE=utf8_spanish2_ci;

--
-- Volcado de datos para la tabla `emp_historial`
--

INSERT INTO `emp_historial` (`id_historial`, `empleado_id`, `usuario_id`, `municipio_id`, `nivel_academico_id`, `cargo_nominal_id`, `tipo_plaza_id`, `estado_civil_id`, `banco_id`, `cargo_funcional_id`, `oficina_id`, `cargo_mp_id`, `cargo_hacienda_id`, `codigo_empleado`, `nombre`, `apellido`, `fecha_traslado`, `traslado`, `pin_empleado`, `numero_expediente`, `tipo_documento`, `numero_documento`, `fecha_nacimiento`, `lugar_nacimiento`, `nit`, `isss`, `prevision`, `nup`, `direccion`, `telefono`, `correo`, `nombre_contacto`, `telefono_contacto`, `sexo`, `fecha_ingreso`, `fecha_reingreso`, `salario_inicial`, `salario_actual`, `cuenta_banco`, `cifra_presupuestaria`, `numero_acuerdo`, `numero_partida`, `numero_subpartida`, `afiliado_sindicato`, `rendir_probidad`, `es_jefe`, `marca`, `autorizado_estudio`, `pensionado`, `enviar_jefe`, `pasivo`, `activo`, `gifcard`, `numero_acuerdo_retiro`, `motivo_retiro`, `fecha_retiro`, `guardado`, `created_at`, `updated_at`) VALUES
(1, 1, 1, 4, 1, 10, 1, 1, 4, 10, 15, 10, 13, 'mc10060', 'Sofia del Carmen', 'Marroquin Castillo', NULL, '2020-10-01', 477, 607, 'Dui', '044789783', '1991-08-12', 'San Vicente', '1013-120891-101-0', '903485', 'AFP CONFIA', '904850273', 'Direccion', '2234-9003', 'sofia.marroquin@gmail.com', 'Tamara Marroquin', '2399-8935', 'Mujer', '2020-08-12', NULL, '750.00', '750.00', '070839459', '9103458060', '0348', '7802', '0245', 0, 0, 1, 0, 1, 1, 0, 0, 1, NULL, NULL, NULL, NULL, 1, '2021-01-10 04:23:18', '2021-01-10 04:39:40'),
(2, 2, 1, 2, 1, 7, 1, 2, 1, 6, 16, 7, 7, 'CP12123', 'Marcos Antonio', 'Asesc', NULL, '2020-10-01', 245, 285051, 'Dui', '02840568', '1980-04-23', 'San Salvador', '0614-230480-284-8', '9024506', 'AFP CONFIA', '02459038', 'Avenida Sur Lourdes', '2345-2390', NULL, NULL, NULL, 'Hombre', '2020-06-10', NULL, '760.00', '760.00', '092940566', '92305', '038556', '0294066', '990245', 1, 1, 0, 0, 0, 0, 0, 0, 1, NULL, NULL, NULL, NULL, 1, '2021-01-10 05:31:24', '2021-01-10 05:38:02'),
(3, 3, 1, 91, 1, 10, 2, 1, 1, 10, 18, 11, 11, 'II02024', 'Martina Luisiana', 'Milado Reyes', NULL, '2020-10-01', 502, 90249, 'Dui', '09845703', '1993-02-08', 'San Marcos', '0729-120470-382-7', '892359', 'AFP CRECER', '92034596', 'San Marcos', '2305-8389', NULL, NULL, NULL, 'Mujer', '2020-05-10', NULL, '890.00', '890.00', '904830302', '1245-29304953', '02845', '048630', '965', 0, 1, 0, 1, 0, 1, 0, 0, 1, NULL, NULL, NULL, NULL, 1, '2021-01-10 05:39:51', '2021-01-10 05:43:26'),
(4, 4, 1, 167, 1, 2, 1, 2, 4, 7, 20, 4, 7, 'HH25825', 'Sandra Ismel', 'Azucena Hernandez', NULL, '2020-10-01', 315, 903, 'Dui', '003596', '1976-07-07', 'San Luis Talpa', '0720-458200-348-2', '024955', 'AFP CONFIA', '09034505', 'Luis Talpa', '2305-0305', NULL, NULL, NULL, 'Mujer', '2020-03-07', NULL, '600.00', '600.00', '039505', '91340568394', '9340', '99245', '89023', 0, 0, 0, 0, 1, 1, 0, 0, 1, NULL, NULL, NULL, NULL, 1, '2021-01-10 05:48:37', '2021-01-10 05:51:57'),
(5, 5, 1, 153, 1, 9, 2, 1, 2, 11, 19, 15, 14, 'HC14030', 'Sofia Nohemy', 'Hernandez Corpeño', NULL, '2020-10-01', 9867, 9035, 'Dui', '920406', '1997-02-17', 'Zacatecoluca', '0629-457295-677-3', '89245606', 'AFP CONFIA', '8930568', 'Zacatecoluca', '2356-7904', NULL, NULL, NULL, 'Mujer', '2020-06-12', NULL, '895.00', '895.00', '9049305', '902455-373204', '892450', '903560', '89244', 1, 0, 0, 1, 0, 0, 1, 0, 1, NULL, NULL, NULL, NULL, 1, '2021-01-10 05:53:09', '2021-01-10 05:56:28'),
(6, 6, 1, 86, 1, 12, 2, 1, 1, 13, 21, 12, 13, 'VN10020', 'Josue Alexis', 'Vasquez Navas', NULL, '2020-10-01', 567, 9245, 'Dui', '078350683', '1991-08-11', 'Zaragoza', '0768-110891-283-4', '9923459', 'AFP CONFIA', '902486', 'Guazapa', '2234-5690', NULL, NULL, NULL, 'Hombre', '2020-06-12', NULL, '700.00', '700.00', '9024596', '00234965', '893569', '092460', '924', 1, 1, 0, 0, 1, 0, 0, 0, 1, NULL, NULL, NULL, NULL, 1, '2021-01-10 06:12:41', '2021-01-10 06:16:58'),
(7, 7, 1, 81, 1, 4, 2, 1, 1, 4, 16, 5, 9, 'oe10006', 'Lorena Margarita', 'Ordoñez Escobar', NULL, '2020-10-01', 120, 345, 'Dui', '9035594', '1991-12-04', 'Usulutan', '1829-041291-828-9', '8923048', 'AFP CRECER', '993595', 'Las Colinas', '2257-8960', NULL, NULL, NULL, 'Mujer', '2020-05-05', NULL, '750.00', '750.00', '9204066', '98249678394', '990234', '002345', '89240', 0, 1, 1, 0, 1, 0, 0, 0, 1, NULL, NULL, NULL, NULL, 1, '2021-01-10 06:18:15', '2021-01-10 06:24:55'),
(8, 8, 1, 88, 1, 18, 1, 2, 1, 18, 23, 16, 16, 'BL8794', 'Mia Roberto', 'Coluchi', NULL, '2020-10-01', 6952, 93587, 'Dui', '00359663', '1991-02-10', 'Nejapa', '1245-948669-383-0', '892467', 'AFP CONFIA', '9024676', 'Nejapa', '2245-6797', NULL, NULL, NULL, 'Mujer', '2020-02-10', NULL, '800.00', '800.00', '993567', '7824058393', '992456', '924676', '89246', 0, 0, 0, 1, 1, 0, 0, 0, 1, NULL, NULL, NULL, NULL, 1, '2021-01-10 06:29:08', '2021-01-10 06:31:14'),
(9, 9, 1, 105, 1, 13, 1, 2, 2, 13, 15, 12, 12, 'LP01245', 'Veronica Patricia', 'Lopez Perez', NULL, '2020-10-01', 2563, 902389, 'Dui', '00485937', '1978-12-31', 'La Libertad', '3107-293882-382-9', '9024588', 'AFP CONFIA', '00244902', 'La Libertad, Costa del Sol', '2389-5067', NULL, NULL, NULL, 'Hombre', '2020-04-10', NULL, '849.00', '849.00', '00349550', '9924589372', '929450', '99245', '8923', 0, 1, 1, 1, 0, 0, 0, 0, 1, NULL, NULL, NULL, NULL, 1, '2021-01-10 06:38:04', '2021-01-10 06:42:44'),
(10, 10, 1, 82, 1, 3, 1, 1, 1, 6, 21, 4, 14, 'RM85523', 'Griselda Estela', 'Ramirez Marquez', NULL, '2020-10-01', 7844, 929333, 'Dui', '093489203', '1978-06-06', 'La Union', '1238-349482-839-2', '8923002', 'AFP CONFIA', '90913482', 'San Salvador, La Palma', '2245-8960', NULL, NULL, NULL, 'Mujer', '2020-03-12', NULL, '670.00', '670.00', '994759676', '947603823', '924566', '99246', '8823', 1, 1, 1, 0, 0, 0, 0, 0, 1, NULL, NULL, NULL, NULL, 1, '2021-01-10 06:45:53', '2021-01-10 06:48:38'),
(11, 11, 1, 3, 1, 18, 2, 1, 4, 14, 19, 14, 14, 'AB11924', 'Victor Manuel', 'Arriaga Borja', NULL, '2020-10-01', 2255, 9946, 'Dui', '004853994', '1987-06-27', 'Santa Ana', '1128-495823-394-0', '892455', 'AFP CONFIA', '99235959', 'Santa Ana', '2456-7980', NULL, NULL, NULL, 'Hombre', '2020-05-11', NULL, '750.00', '750.00', '94683839', '987458922', '88924', '9092', '8823', 0, 1, 0, 0, 1, 1, 0, 0, 1, NULL, NULL, NULL, NULL, 1, '2021-01-10 06:50:38', '2021-01-10 06:52:58'),
(12, 12, 1, 52, 1, 14, 1, 2, 2, 6, 17, 13, 13, 'RR02151', 'Franco Ernesto', 'Rivera Rivera', NULL, '2020-10-01', 212, 8294, 'Dui', '094869343', NULL, 'Apopa', '3116-820485-969-0', '892469', 'AFP CRECER', '9456976', 'Apopa', '2345-6997', NULL, NULL, NULL, 'Hombre', '2020-04-12', NULL, '700.00', '700.00', '939394056', '9024856968', '892340', '94950', '8923', 1, 1, 0, 0, 1, 0, 0, 0, 1, NULL, NULL, NULL, NULL, 1, '2021-01-10 06:54:12', '2021-01-10 06:57:04'),
(13, 10, 1, 82, 1, 3, 2, 1, 1, 6, 21, 4, 14, 'RM85523', 'Griselda Estela', 'Ramirez Marquez', NULL, NULL, 7844, 929333, 'Dui', '093489203', '1978-06-06', 'La Union', '1238-349482-839-2', '8923002', 'AFP CONFIA', '90913482', 'San Salvador, La Palma', '2245-8960', NULL, NULL, NULL, 'Mujer', '2020-03-12', NULL, '670.00', '670.00', '994759676', '947603823', '924566', '99246', '8823', 0, 1, 1, 0, 0, 0, 0, 0, 1, NULL, NULL, NULL, NULL, 1, '2021-01-10 06:45:53', '2021-02-03 08:49:51'),
(14, 7, 1, 81, 1, 4, 1, 1, 1, 4, 16, 5, 9, 'oe10006', 'Lorena Margarita', 'Ordoñez Escobar', NULL, NULL, 120, 345, 'Dui', '9035594', '1991-12-04', 'Usulutan', '1829-041291-828-9', '8923048', 'AFP CRECER', '993595', 'Las Colinas', '2257-8960', NULL, NULL, NULL, 'Mujer', '2012-02-23', NULL, '750.00', '750.00', '9204066', '98249678394', '990234', '002345', '89240', 0, 1, 1, 0, 1, 0, 0, 0, 1, NULL, NULL, NULL, NULL, 1, '2021-01-10 06:18:15', '2021-02-03 14:30:48'),
(15, 10, 1, 82, 1, 3, 1, 1, 1, 6, 21, 4, 14, 'RM85523', 'Griselda Estela', 'Ramirez Marquez', NULL, NULL, 7844, 929333, 'Dui', '093489203', '1978-06-06', 'La Union', '1238-349482-839-2', '8923002', 'AFP CONFIA', '90913482', 'San Salvador, La Palma', '2245-8960', NULL, NULL, NULL, 'Mujer', '2015-07-22', NULL, '670.00', '670.00', '994759676', '947603823', '924566', '99246', '8823', 0, 1, 1, 0, 0, 0, 0, 0, 1, NULL, NULL, NULL, NULL, 1, '2021-01-10 06:45:53', '2021-02-03 14:31:14'),
(16, 9, 1, 105, 1, 13, 1, 2, 2, 13, 15, 12, 12, 'LP01245', 'Veronica Patricia', 'Lopez Perez', NULL, NULL, 2563, 902389, 'Dui', '00485937', '1978-12-31', 'La Libertad', '3107-293882-382-9', '9024588', 'AFP CONFIA', '00244902', 'La Libertad, Costa del Sol', '2389-5067', NULL, NULL, NULL, 'Mujer', '2005-06-21', NULL, '849.00', '849.00', '00349550', '9924589372', '929450', '99245', '8923', 0, 1, 1, 1, 0, 0, 0, 0, 1, NULL, NULL, NULL, NULL, 1, '2021-01-10 06:38:04', '2021-02-03 14:31:45'),
(17, 12, 1, 52, 1, 14, 2, 2, 2, 6, 17, 13, 13, 'RR02151', 'Franco Ernesto', 'Rivera Rivera', NULL, NULL, 212, 8294, 'Dui', '094869343', NULL, 'Apopa', '3116-820485-969-0', '892469', 'AFP CRECER', '9456976', 'Apopa', '2345-6997', NULL, NULL, NULL, 'Hombre', '2020-04-12', NULL, '700.00', '700.00', '939394056', '9024856968', '892340', '94950', '8923', 0, 1, 0, 0, 1, 0, 0, 0, 1, NULL, NULL, NULL, NULL, 1, '2021-01-10 06:54:12', '2021-02-03 14:48:49'),
(18, 6, 1, 86, 1, 12, 2, 1, 1, 13, 21, 12, 13, 'VN10020', 'Josue Alexis', 'Vasquez Navas', NULL, NULL, 567, 9245, 'Dui', '078350683', '1991-08-11', 'Zaragoza', '0768-110891-283-4', '9923459', 'AFP CONFIA', '902486', 'Guazapa', '2234-5690', NULL, NULL, NULL, 'Hombre', '2020-06-12', NULL, '700.00', '700.00', '9024596', '00234965', '893569', '092460', '924', 0, 1, 0, 0, 1, 0, 0, 0, 1, NULL, NULL, NULL, NULL, 1, '2021-01-10 06:12:41', '2021-02-03 15:10:51'),
(19, 1, 1, 4, 1, 12, 1, 1, 4, 11, 15, 11, 14, 'mc10060', 'Sofia del Carmen', 'Marroquin Castillo', '2021-03-16', '2021-03-15', 477, 607, 'Dui', '044789783', '1991-08-12', 'San Vicente', '1013-120891-101-0', '903485', 'AFP CONFIA', '904850273', 'Direccion', '2234-9003', 'sofia.marroquin@gmail.com', 'Tamara Marroquin', '2399-8935', 'Mujer', '2020-08-12', NULL, '750.00', '760.00', '070839459', '9103458060', '0348', '7802', '0245', 0, 0, 1, 0, 1, 1, 0, 0, 1, NULL, NULL, NULL, NULL, 1, '2021-01-10 04:23:18', '2021-03-16 08:18:13'),
(20, 7, 1, 81, 1, 8, 1, 1, 1, 5, 16, 6, 13, 'oe10006', 'Lorena Margarita', 'Ordoñez Escobar', '2021-03-17', '2021-03-15', 120, 345, 'Dui', '9035594', '1991-12-04', 'Usulutan', '1829-041291-828-9', '8923048', 'AFP CRECER', '993595', 'Las Colinas', '2257-8960', NULL, NULL, NULL, 'Mujer', '2012-02-23', NULL, '750.00', '780.00', '9204066', '98249678394', '990234', '002345', '89240', 0, 1, 1, 0, 1, 0, 0, 0, 1, NULL, NULL, NULL, NULL, 1, '2021-01-10 06:18:15', '2021-03-16 08:36:41');

-- --------------------------------------------------------

--
-- Estructura de tabla para la tabla `emp_municipio`
--

CREATE TABLE `emp_municipio` (
  `id_municipio` bigint(20) UNSIGNED NOT NULL,
  `departamento_id` bigint(20) UNSIGNED NOT NULL,
  `municipio` varchar(50) COLLATE utf8_spanish2_ci NOT NULL,
  `created_at` timestamp NULL DEFAULT NULL,
  `updated_at` timestamp NULL DEFAULT NULL
) ENGINE=InnoDB DEFAULT CHARSET=utf8 COLLATE=utf8_spanish2_ci;

--
-- Volcado de datos para la tabla `emp_municipio`
--

INSERT INTO `emp_municipio` (`id_municipio`, `departamento_id`, `municipio`, `created_at`, `updated_at`) VALUES
(1, 5, 'San Salvador', NULL, NULL),
(2, 5, 'Aguilares', NULL, NULL),
(3, 5, 'Mejicanos', NULL, NULL),
(4, 6, 'Quezaltepeque', NULL, NULL),
(5, 6, 'Santa Tecla', NULL, NULL),
(6, 6, 'Antiguo Cuscatlan', NULL, NULL),
(7, 1, 'Santa Ana', NULL, NULL),
(8, 1, 'Candelaria de la Frontera', NULL, NULL),
(9, 1, 'Chalchuapa', NULL, NULL),
(10, 1, 'Coatepeque', NULL, NULL),
(11, 1, 'El Congo', NULL, NULL),
(12, 1, 'El Porvenir', NULL, NULL),
(13, 1, 'Masahuat', NULL, NULL),
(14, 1, 'Metapán', NULL, NULL),
(15, 1, 'San Antonio Pajonal', NULL, NULL),
(16, 1, 'San Sebastián Salitrillo', NULL, NULL),
(17, 1, 'Santa Rosa Guachipilín', NULL, NULL),
(18, 1, 'Santiago de la Frontera', NULL, NULL),
(19, 7, 'Monte San Juan', NULL, NULL),
(20, 1, 'Texistepeque', NULL, NULL),
(21, 2, 'Ahuachapán', NULL, NULL),
(22, 2, 'Apaneca', NULL, NULL),
(23, 2, 'Atiquizaya', NULL, NULL),
(24, 2, 'Concepción de Ataco', NULL, NULL),
(25, 2, 'Refugio', NULL, NULL),
(26, 2, 'Guaymango', NULL, NULL),
(27, 2, 'San Francisco Menéndez', NULL, NULL),
(28, 2, 'San Pedro Puxtla', NULL, NULL),
(29, 2, 'Tacuba', NULL, NULL),
(30, 2, 'Turín', NULL, NULL),
(31, 2, 'San Lorenzo', NULL, NULL),
(32, 2, 'Jujutla', NULL, NULL),
(33, 3, 'Sonsonate', NULL, NULL),
(34, 3, 'Acajutla', NULL, NULL),
(35, 3, 'Armenia', NULL, NULL),
(36, 3, 'Caluco', NULL, NULL),
(37, 3, 'Cuisnahuat', NULL, NULL),
(38, 3, 'Izalco', NULL, NULL),
(39, 3, 'Juayúa', NULL, NULL),
(40, 3, 'Nahuilingo', NULL, NULL),
(41, 3, 'Nahuizalco', NULL, NULL),
(42, 3, 'Salcoatitán', NULL, NULL),
(43, 3, 'San Antonio del Monte', NULL, NULL),
(44, 3, 'San Julián', NULL, NULL),
(45, 3, 'Santa Catarina Masahuat', NULL, NULL),
(46, 3, 'Santa Isabel Ishuatán', NULL, NULL),
(47, 3, 'Santo Domingo de Guzmán', NULL, NULL),
(48, 3, 'Sonzacate', NULL, NULL),
(49, 4, 'Chalatenango', NULL, NULL),
(50, 4, 'Agua Caliente', NULL, NULL),
(51, 4, 'Arcatao', NULL, NULL),
(52, 4, 'Azacualpa', NULL, NULL),
(53, 4, 'Citalá', NULL, NULL),
(54, 4, 'Comalapa', NULL, NULL),
(55, 4, 'Concepción Quezaltepeque', NULL, NULL),
(56, 4, 'Dulce Nombre de María', NULL, NULL),
(57, 4, 'El Carrizal', NULL, NULL),
(58, 4, 'El Paraíso', NULL, NULL),
(59, 4, 'La Laguna', NULL, NULL),
(60, 4, 'La Palma', NULL, NULL),
(61, 4, 'La Reina', NULL, NULL),
(62, 4, 'Las Vueltas', NULL, NULL),
(63, 4, 'Nombre de Jesús', NULL, NULL),
(64, 4, 'Nueva Concepción', NULL, NULL),
(65, 4, 'Nueva Trinidad', NULL, NULL),
(66, 4, 'Ojos de Agua', NULL, NULL),
(67, 4, 'Potonico', NULL, NULL),
(68, 4, 'San Antonio de La Cruz', NULL, NULL),
(69, 4, 'San Antonio Los Ranchos', NULL, NULL),
(70, 4, 'San Fernando', NULL, NULL),
(71, 4, 'San Francisco Lempa', NULL, NULL),
(72, 4, 'San Francisco Morazán', NULL, NULL),
(73, 4, 'San Ignacio', NULL, NULL),
(74, 4, 'San Isidro Labrador', NULL, NULL),
(75, 4, 'San José Cancasque', NULL, NULL),
(76, 4, 'San Luis del Carmen', NULL, NULL),
(77, 4, 'San Miguel de Mercedes', NULL, NULL),
(78, 4, 'San Rafael', NULL, NULL),
(79, 4, 'Santa Rita', NULL, NULL),
(80, 4, 'Tejutla', NULL, NULL),
(81, 5, 'Apopa', NULL, NULL),
(82, 5, 'Ayutuxtepeque', NULL, NULL),
(83, 5, 'Cuscatancingo', NULL, NULL),
(84, 5, 'Ciudad Delgado', NULL, NULL),
(85, 5, 'El Paisnal', NULL, NULL),
(86, 5, 'Guazapa', NULL, NULL),
(87, 5, 'Ilopango', NULL, NULL),
(88, 5, 'Nejapa', NULL, NULL),
(89, 5, 'Panchimalco', NULL, NULL),
(90, 5, 'Rosario de Mora', NULL, NULL),
(91, 5, 'San Marcos', NULL, NULL),
(92, 5, 'San Martín', NULL, NULL),
(93, 5, 'Santiago Texacuangos', NULL, NULL),
(94, 5, 'Santo Tomás', NULL, NULL),
(95, 5, 'Soyapango', NULL, NULL),
(96, 5, 'Tonacatepeque', NULL, NULL),
(97, 6, 'Chiltiupán', NULL, NULL),
(98, 6, 'Ciudad Arce', NULL, NULL),
(99, 6, 'Colón', NULL, NULL),
(100, 6, 'Comasagua', NULL, NULL),
(101, 6, 'Huizúcar', NULL, NULL),
(102, 6, 'Jayaque', NULL, NULL),
(103, 6, 'Jicalapa', NULL, NULL),
(104, 6, 'Nuevo Cuscatlán', NULL, NULL),
(105, 6, 'Puerto de la Libertad', NULL, NULL),
(106, 6, 'Sacacoyo', NULL, NULL),
(107, 6, 'San José Villanueva', NULL, NULL),
(108, 6, 'San Juan Opico', NULL, NULL),
(109, 6, 'San Matías', NULL, NULL),
(110, 6, 'San Pablo Tacachico', NULL, NULL),
(111, 6, 'Talnique', NULL, NULL),
(112, 6, 'Tamanique', NULL, NULL),
(113, 6, 'Teotepeque', NULL, NULL),
(114, 6, 'Tepecoyo', NULL, NULL),
(115, 6, 'Zaragoza', NULL, NULL),
(116, 7, 'Cojutepeque', NULL, NULL),
(117, 7, 'Candelaria', NULL, NULL),
(118, 7, 'El Carmen', NULL, NULL),
(119, 7, 'El Rosario', NULL, NULL),
(120, 7, 'Oratorio de Concepción', NULL, NULL),
(121, 7, 'San Bartolomé Perulapía', NULL, NULL),
(122, 7, 'San Cristóbal', NULL, NULL),
(123, 7, 'San José Guayabal', NULL, NULL),
(124, 7, 'San Pedro Perulapán', NULL, NULL),
(125, 7, 'San Rafael Cedros', NULL, NULL),
(126, 7, 'San Ramón', NULL, NULL),
(127, 7, 'Santa Cruz Analquito', NULL, NULL),
(128, 7, 'Santa Cruz Michapa', NULL, NULL),
(129, 7, 'Suchitoto', NULL, NULL),
(130, 7, 'Tenancingo', NULL, NULL),
(131, 8, 'San Vicente', NULL, NULL),
(132, 8, 'Apastepeque', NULL, NULL),
(133, 8, 'Guadalupe', NULL, NULL),
(134, 8, 'San Cayetano Istepeque', NULL, NULL),
(135, 8, 'San Esteban Catarina', NULL, NULL),
(136, 8, 'San Ildefonso', NULL, NULL),
(137, 8, 'San Lorenzo', NULL, NULL),
(138, 8, 'San Sebastián', NULL, NULL),
(139, 8, 'Santa Clara', NULL, NULL),
(140, 8, 'Santo Domingo', NULL, NULL),
(141, 8, 'Tecoluca', NULL, NULL),
(142, 8, 'Tepetitán', NULL, NULL),
(143, 8, 'Verapaz', NULL, NULL),
(144, 9, 'Sensuntepeque', NULL, NULL),
(145, 9, 'Cinquera', NULL, NULL),
(146, 9, 'Dolores', NULL, NULL),
(147, 9, 'Guacotecti', NULL, NULL),
(148, 8, 'Ilobasco', NULL, NULL),
(149, 9, 'Jutiapa', NULL, NULL),
(150, 9, 'San Isidro', NULL, NULL),
(151, 9, 'Tejutepeque', NULL, NULL),
(152, 9, 'Victoria', NULL, NULL),
(153, 10, 'Zacatecoluca', NULL, NULL),
(154, 10, 'Cuyultitán', NULL, NULL),
(155, 10, 'El Rosario', NULL, NULL),
(156, 10, 'Jerusalén', NULL, NULL),
(157, 10, 'Mercedes La Ceiba', NULL, NULL),
(158, 10, 'Olocuilta', NULL, NULL),
(159, 10, 'Paraíso de Osorio', NULL, NULL),
(160, 10, 'San Antonio Masahuat', NULL, NULL),
(161, 10, 'San Emigdio', NULL, NULL),
(162, 10, 'San Francisco Chinameca', NULL, NULL),
(163, 10, 'San Juan Nonualco', NULL, NULL),
(164, 10, 'San Juan Talpa', NULL, NULL),
(165, 10, 'San Juan Tepezontes', NULL, NULL),
(166, 10, 'San Luis La Herradura', NULL, NULL),
(167, 10, 'San Luis Talpa', NULL, NULL),
(168, 10, 'San Miguel Tepezontes', NULL, NULL),
(169, 10, 'San Pedro Masahuat', NULL, NULL),
(170, 10, 'San Pedro Nonualco', NULL, NULL),
(171, 10, 'San Rafael Obrajuelo', NULL, NULL),
(172, 10, 'Santa María Ostuma', NULL, NULL),
(173, 10, 'Santiago Nonualco', NULL, NULL),
(174, 10, 'Tapalhauca', NULL, NULL),
(175, 11, 'San Francisco Gotera', NULL, NULL),
(176, 11, 'Arambala', NULL, NULL),
(177, 11, 'Cacaopera', NULL, NULL),
(178, 11, 'Chilanga', NULL, NULL),
(179, 11, 'Corinto', NULL, NULL),
(180, 11, 'Delicias de Concepción', NULL, NULL),
(181, 11, 'El Divisadero', NULL, NULL),
(182, 11, 'El Rosario', NULL, NULL),
(183, 11, 'Gualococti', NULL, NULL),
(184, 11, 'Guatajiagua', NULL, NULL),
(185, 11, 'Joateca', NULL, NULL),
(186, 11, 'Jocoaitique', NULL, NULL),
(187, 11, 'Jocoro', NULL, NULL),
(188, 11, 'Lolotiquillo', NULL, NULL),
(189, 11, 'Meanguera', NULL, NULL),
(190, 11, 'Osicala', NULL, NULL),
(191, 11, 'Perquín', NULL, NULL),
(192, 11, 'San Carlos', NULL, NULL),
(193, 11, 'San Fernando', NULL, NULL),
(194, 11, 'San Isidro', NULL, NULL),
(195, 11, 'San Simón', NULL, NULL),
(196, 11, 'Sensembra', NULL, NULL),
(197, 11, 'Sociedad', NULL, NULL),
(198, 11, 'Torola', NULL, NULL),
(199, 11, 'Yamabal', NULL, NULL),
(200, 11, 'Yoloaiquín', NULL, NULL),
(201, 12, 'San Miguel', NULL, NULL),
(202, 12, 'Carolina', NULL, NULL),
(203, 12, 'Chapeltique', NULL, NULL),
(204, 12, 'Chinameca', NULL, NULL),
(205, 12, 'Chirilagua', NULL, NULL),
(206, 12, 'Ciudad Barrios', NULL, NULL),
(207, 12, 'Comacarán', NULL, NULL),
(208, 12, 'El Tránsito', NULL, NULL),
(209, 12, 'Lolotique', NULL, NULL),
(210, 12, 'Moncagua', NULL, NULL),
(211, 12, 'Nueva Guadalupe', NULL, NULL),
(212, 12, 'Nuevo Edén de San Juan', NULL, NULL),
(213, 12, 'Quelepa', NULL, NULL),
(214, 12, 'San Antonio del Mosco', NULL, NULL),
(215, 12, 'San Gerardo', NULL, NULL),
(216, 12, 'San Jorge', NULL, NULL),
(217, 12, 'San Luis de La Reina', NULL, NULL),
(218, 12, 'San Rafael Oriente\r\n ', NULL, NULL),
(219, 12, 'Sesori', NULL, NULL),
(220, 12, 'Uluazapa', NULL, NULL),
(221, 13, 'Usulután', NULL, NULL),
(222, 13, 'Alegría', NULL, NULL),
(223, 13, 'Berlín', NULL, NULL),
(224, 13, 'California', NULL, NULL),
(225, 13, 'Concepción Batres', NULL, NULL),
(226, 13, 'El Triunfo', NULL, NULL),
(227, 13, 'Ereguayquín', NULL, NULL),
(228, 13, 'Estanzuelas', NULL, NULL),
(229, 13, 'Jiquilisco', NULL, NULL),
(230, 13, 'Jucuapa', NULL, NULL),
(231, 13, 'Jucuarán', NULL, NULL),
(232, 13, 'Mercedes Umaña', NULL, NULL),
(233, 13, 'Nueva Granada', NULL, NULL),
(234, 13, 'Ozatlán', NULL, NULL),
(235, 13, 'Puerto El Triunfo', NULL, NULL),
(236, 13, 'San Agustín', NULL, NULL),
(237, 13, 'San Buenaventura', NULL, NULL),
(238, 13, 'San Dionisio', NULL, NULL),
(239, 13, 'San Francisco Javier', NULL, NULL),
(240, 13, 'Santa Elena', NULL, NULL),
(241, 13, 'Santa María', NULL, NULL),
(242, 13, 'Santiago de María', NULL, NULL),
(243, 13, 'Tecapán', NULL, NULL),
(244, 14, 'La Unión', NULL, NULL),
(245, 14, 'Anamorós', NULL, NULL),
(246, 14, 'Bolívar', NULL, NULL),
(247, 14, 'Concepción de Oriente', NULL, NULL),
(248, 14, 'Conchagua', NULL, NULL),
(249, 14, 'El Carmen', NULL, NULL),
(250, 14, 'El Sauce', NULL, NULL),
(251, 14, 'Intipucá', NULL, NULL),
(252, 14, 'Lislique', NULL, NULL),
(253, 14, 'Meanguera del Golfo', NULL, NULL),
(254, 14, 'Nueva Esparta', NULL, NULL),
(255, 14, 'Pasaquina', NULL, NULL),
(256, 14, 'Polorós', NULL, NULL),
(257, 14, 'San Alejo', NULL, NULL),
(258, 14, 'San José La Fuente', NULL, NULL),
(259, 14, 'Santa Rosa de Lima', NULL, NULL),
(260, 14, 'Yayantique', NULL, NULL),
(261, 14, 'Yucuaiquín', NULL, NULL),
(262, 4, ' San José Las Flores', NULL, NULL);

-- --------------------------------------------------------

--
-- Estructura de tabla para la tabla `emp_nivel_academico`
--

CREATE TABLE `emp_nivel_academico` (
  `id_nivel_academico` bigint(20) UNSIGNED NOT NULL,
  `nivel_academico` varchar(150) COLLATE utf8_spanish2_ci NOT NULL,
  `created_at` timestamp NULL DEFAULT NULL,
  `updated_at` timestamp NULL DEFAULT NULL,
  `estado` tinyint(1) NOT NULL
) ENGINE=InnoDB DEFAULT CHARSET=utf8 COLLATE=utf8_spanish2_ci;

--
-- Volcado de datos para la tabla `emp_nivel_academico`
--

INSERT INTO `emp_nivel_academico` (`id_nivel_academico`, `nivel_academico`, `created_at`, `updated_at`, `estado`) VALUES
(1, 'Ingeniero en Sistemas Informáticos', NULL, NULL, 1);

-- --------------------------------------------------------

--
-- Estructura de tabla para la tabla `emp_oficina`
--

CREATE TABLE `emp_oficina` (
  `id_oficina` bigint(20) UNSIGNED NOT NULL,
  `unidad_administrativa_id` bigint(20) UNSIGNED NOT NULL,
  `centro_id` bigint(20) UNSIGNED NOT NULL,
  `oficina` varchar(100) COLLATE utf8_spanish2_ci NOT NULL,
  `telefono_oficina` varchar(9) COLLATE utf8_spanish2_ci NOT NULL,
  `estado` tinyint(1) NOT NULL,
  `created_at` timestamp NULL DEFAULT NULL,
  `updated_at` timestamp NULL DEFAULT NULL
) ENGINE=InnoDB DEFAULT CHARSET=utf8 COLLATE=utf8_spanish2_ci;

--
-- Volcado de datos para la tabla `emp_oficina`
--

INSERT INTO `emp_oficina` (`id_oficina`, `unidad_administrativa_id`, `centro_id`, `oficina`, `telefono_oficina`, `estado`, `created_at`, `updated_at`) VALUES
(15, 18, 1, 'Oficina Administrativa', '2345-5645', 1, '2020-10-31 14:29:50', '2020-10-31 14:29:50'),
(16, 17, 6, 'Oficina Financiera', '2234-5906', 1, '2020-10-31 14:30:21', '2020-12-20 11:33:30'),
(17, 13, 2, 'Oficina de Comunicaciones', '2290-3902', 1, '2020-10-31 14:30:50', '2020-10-31 14:30:50'),
(18, 14, 2, 'Oficina Ambiental', '2399-2233', 1, '2020-10-31 14:31:56', '2020-10-31 14:31:56'),
(19, 18, 3, 'Oficina de Innovacion', '2340-9589', 1, '2020-10-31 14:33:13', '2020-12-23 08:46:57'),
(20, 19, 4, 'Oficina Planificacion', '2359-2835', 1, '2020-10-31 14:37:03', '2020-10-31 14:37:03'),
(21, 17, 5, 'Unidad financiera', '2629-8596', 1, '2020-12-17 16:21:01', '2020-12-20 11:33:18'),
(22, 21, 1, 'Recursos Humanos', '2597-8952', 1, '2020-12-17 16:29:52', '2020-12-17 16:29:52'),
(23, 21, 2, 'Gerencia Recurso Humano', '2522-8996', 1, '2020-12-17 17:27:56', '2020-12-17 17:27:56');

-- --------------------------------------------------------

--
-- Estructura de tabla para la tabla `emp_tipo_plaza`
--

CREATE TABLE `emp_tipo_plaza` (
  `id_tipo_plaza` bigint(20) UNSIGNED NOT NULL,
  `tipo_plaza` varchar(50) COLLATE utf8_spanish2_ci NOT NULL,
  `estado` tinyint(1) NOT NULL,
  `created_at` timestamp NULL DEFAULT NULL,
  `updated_at` timestamp NULL DEFAULT NULL
) ENGINE=InnoDB DEFAULT CHARSET=utf8 COLLATE=utf8_spanish2_ci;

--
-- Volcado de datos para la tabla `emp_tipo_plaza`
--

INSERT INTO `emp_tipo_plaza` (`id_tipo_plaza`, `tipo_plaza`, `estado`, `created_at`, `updated_at`) VALUES
(1, 'Contrato', 1, '2020-08-11 18:05:03', '2020-08-11 18:05:03'),
(2, 'Ley de Salarios', 1, '2020-08-11 18:05:12', '2020-08-11 18:05:12');

-- --------------------------------------------------------

--
-- Estructura de tabla para la tabla `emp_unidad_administrativa`
--

CREATE TABLE `emp_unidad_administrativa` (
  `id_unidad_administrativa` bigint(20) UNSIGNED NOT NULL,
  `unidad_administrativa` varchar(255) COLLATE utf8_spanish2_ci NOT NULL,
  `estado` tinyint(1) NOT NULL,
  `created_at` timestamp NULL DEFAULT NULL,
  `updated_at` timestamp NULL DEFAULT NULL
) ENGINE=InnoDB DEFAULT CHARSET=utf8 COLLATE=utf8_spanish2_ci;

--
-- Volcado de datos para la tabla `emp_unidad_administrativa`
--

INSERT INTO `emp_unidad_administrativa` (`id_unidad_administrativa`, `unidad_administrativa`, `estado`, `created_at`, `updated_at`) VALUES
(10, 'Unidad Cooperación Externa', 1, '2020-08-13 11:34:54', '2020-08-13 11:34:54'),
(11, 'Unidad De Adquisiciones Y Contrataciones Institucional', 1, '2020-08-13 11:35:10', '2020-08-13 11:47:08'),
(12, 'Unidad De Acceso A La Información Pública', 1, '2020-08-13 11:35:26', '2020-08-13 11:47:29'),
(13, 'Unidad De Comunicaciones', 1, '2020-08-13 11:35:47', '2020-08-13 11:47:50'),
(14, 'Unidad Ambiental', 1, '2020-08-13 11:35:58', '2020-08-13 11:48:14'),
(15, 'Unidad De Género', 1, '2020-08-13 11:36:18', '2020-08-13 11:48:32'),
(16, 'Unidad De Asistencia A Junta Directiva', 1, '2020-08-13 11:36:46', '2020-08-13 11:48:58'),
(17, 'Unidad Financiera Institucional', 1, '2020-08-13 11:36:58', '2020-08-13 11:46:30'),
(18, 'Unidad De Auditoria Interna', 1, '2020-08-13 11:40:40', '2020-08-13 11:45:38'),
(19, 'Unidad De Planificación', 1, '2020-08-13 11:49:20', '2020-08-13 11:49:20'),
(20, 'Unidad De Gestión Documental Y Archivos', 1, '2020-08-13 11:49:42', '2020-08-13 11:49:42'),
(21, 'Unidad de Recursos Humanos', 1, '2020-12-17 16:28:12', '2020-12-17 16:28:12');

-- --------------------------------------------------------

--
-- Estructura Stand-in para la vista `filp27_liquidacion_vw`
-- (Véase abajo para la vista actual)
--
CREATE TABLE `filp27_liquidacion_vw` (
`referencia` varchar(255)
,`cheque` varchar(255)
,`pago` double(8,2)
,`estado_v` int(11)
,`estado_pd` int(11)
,`desde` date
,`hasta` date
,`centro` varchar(255)
);

-- --------------------------------------------------------

--
-- Estructura Stand-in para la vista `filp80_liquidacion_vw`
-- (Véase abajo para la vista actual)
--
CREATE TABLE `filp80_liquidacion_vw` (
`codigo` char(7)
,`nombre` varchar(80)
,`apellido` varchar(80)
,`fecha` date
,`valor` double(8,2)
,`referencia` varchar(255)
,`estado_v` int(11)
,`estado_pd` int(11)
,`desde` date
,`hasta` date
,`forma_pago` varchar(255)
);

-- --------------------------------------------------------

--
-- Estructura Stand-in para la vista `generar_cco_vw`
-- (Véase abajo para la vista actual)
--
CREATE TABLE `generar_cco_vw` (
`id` bigint(20) unsigned
,`codigo` char(7)
,`nombre` varchar(80)
,`apellido` varchar(80)
,`lugar` varchar(255)
,`desde` date
,`hasta` date
,`actividad` varchar(255)
,`departamento` varchar(20)
,`salario` decimal(8,2)
,`fecha_registro` date
,`usuario_id` bigint(20) unsigned
,`diario` decimal(9,2)
,`tipo_plaza` varchar(50)
,`pago_viatico` double(8,2)
,`tipo_viatico` varchar(255)
,`valor` int(11)
,`codigo_viatico` char(1)
,`unidad` varchar(255)
,`sede_oficial` varchar(255)
,`id_centro` bigint(20) unsigned
,`dias` int(8)
,`impreso` tinyint(1)
,`cargo` varchar(100)
,`estado` tinyint(1)
);

-- --------------------------------------------------------

--
-- Estructura Stand-in para la vista `generar_horas_extras_vw`
-- (Véase abajo para la vista actual)
--
CREATE TABLE `generar_horas_extras_vw` (
`codigo` char(7)
,`nombre` varchar(80)
,`apellido` varchar(80)
,`salario_actual` decimal(8,2)
,`fecha_registro` date
,`mes` int(11)
,`horas` decimal(32,0)
,`minutos` decimal(32,0)
,`devengo` decimal(30,4)
,`total` decimal(30,4)
,`tipo_plaza` varchar(50)
,`unidad_administrativa` varchar(255)
);

-- --------------------------------------------------------

--
-- Estructura Stand-in para la vista `genero_vw`
-- (Véase abajo para la vista actual)
--
CREATE TABLE `genero_vw` (
`Oficina` varchar(100)
,`Mujer` bigint(20) unsigned
,`Hombre` bigint(20) unsigned
,`ID` bigint(20) unsigned
);

-- --------------------------------------------------------

--
-- Estructura Stand-in para la vista `informes_viaticos_vw`
-- (Véase abajo para la vista actual)
--
CREATE TABLE `informes_viaticos_vw` (
`id` bigint(20) unsigned
,`id_centro` bigint(20) unsigned
,`centro` varchar(255)
,`fecha_inicio` date
,`fecha_fin` date
,`referencia` varchar(255)
,`monto` double(19,2)
,`tipo` varchar(255)
,`estado` int(11)
,`pago` varchar(255)
);

-- --------------------------------------------------------

--
-- Estructura Stand-in para la vista `informe_empleado_vw`
-- (Véase abajo para la vista actual)
--
CREATE TABLE `informe_empleado_vw` (
`id` bigint(20) unsigned
,`codigo` char(7)
,`nombre` varchar(80)
,`apellido` varchar(80)
,`centro` varchar(255)
,`empleado` varchar(170)
,`fecha` date
,`pago` double(8,2)
,`tipo_programacion` varchar(255)
);

-- --------------------------------------------------------

--
-- Estructura Stand-in para la vista `informe_liquidaciones_vw`
-- (Véase abajo para la vista actual)
--
CREATE TABLE `informe_liquidaciones_vw` (
`id_programacion_detalle` bigint(20) unsigned
,`referencia` varchar(255)
,`codigo_empleado` char(7)
,`nombre` varchar(80)
,`apellido` varchar(80)
,`fecha_programacion` date
,`pago_viatico` double(8,2)
,`estado_programacion` int(11)
,`estado` int(11)
,`id_centro` bigint(20) unsigned
,`centro` varchar(255)
,`oficina` varchar(100)
);

-- --------------------------------------------------------

--
-- Estructura Stand-in para la vista `informe_programacion_vw`
-- (Véase abajo para la vista actual)
--
CREATE TABLE `informe_programacion_vw` (
`id_unidad_administrativa` bigint(20) unsigned
,`viatico_id` bigint(20) unsigned
,`id_programacion` bigint(20) unsigned
,`fecha_programacion` date
,`fecha_registro` date
,`pago_viatico` double(8,2)
,`estado` int(11)
,`estado_programacion` tinyint(1)
,`impreso` tinyint(1)
,`codigo_empleado` char(7)
,`nombre` varchar(80)
,`apellido` varchar(80)
,`tipo_plaza` varchar(50)
,`oficina` varchar(100)
,`unidad_administrativa` varchar(255)
,`centro` varchar(255)
,`actividad` varchar(255)
,`lugar_mision` varchar(255)
,`departamento` varchar(20)
,`tipo_viatico` varchar(255)
,`valor` int(11)
,`codigo` char(1)
,`nombre_usuario` varchar(255)
,`referencia` varchar(255)
,`usuario_id` bigint(20) unsigned
,`id_centro` bigint(20) unsigned
,`id_banco` bigint(20) unsigned
,`banco` varchar(100)
);

-- --------------------------------------------------------

--
-- Estructura Stand-in para la vista `jefaturas_vw`
-- (Véase abajo para la vista actual)
--
CREATE TABLE `jefaturas_vw` (
`codigo_empleado` char(7)
,`nombre` varchar(80)
,`apellido` varchar(80)
,`correo` varchar(255)
,`unidad_administrativa` varchar(255)
,`cargo_mp` varchar(100)
,`oficina` varchar(100)
,`telefono_oficina` varchar(9)
);

-- --------------------------------------------------------

--
-- Estructura Stand-in para la vista `listado_programaciones_vw`
-- (Véase abajo para la vista actual)
--
CREATE TABLE `listado_programaciones_vw` (
`id_programacion` bigint(20) unsigned
,`id_empleado` bigint(20) unsigned
,`nombre` varchar(80)
,`apellido` varchar(80)
,`codigo_empleado` char(7)
,`oficina` varchar(100)
,`centro` varchar(255)
,`id_centro` bigint(20) unsigned
,`fecha_desde` date
,`fecha_hasta` date
,`tipo_viatico` varchar(255)
,`pago_viatico` double(8,2)
,`estado` tinyint(1)
,`id_oficina` bigint(20) unsigned
,`usuario_id` bigint(20) unsigned
);

-- --------------------------------------------------------

--
-- Estructura Stand-in para la vista `llegada_tarde_fecha_vw`
-- (Véase abajo para la vista actual)
--
CREATE TABLE `llegada_tarde_fecha_vw` (
`id_empleado` bigint(20) unsigned
,`mes` int(2)
,`semana` varchar(11)
,`fecha_marcacion` date
);

-- --------------------------------------------------------

--
-- Estructura Stand-in para la vista `marcaciones_ausencia_vw`
-- (Véase abajo para la vista actual)
--
CREATE TABLE `marcaciones_ausencia_vw` (
`empleado` varchar(425)
,`salario` decimal(8,2)
,`mes` int(2)
,`id_empleado` bigint(20) unsigned
,`codigo_empleado` char(7)
,`nombre` varchar(80)
,`apellido` varchar(80)
,`tipo_plaza` varchar(50)
,`oficina` varchar(100)
,`fecha` date
,`fecha_marcacion` date
,`fecha_asueto` date
,`fecha_permiso` date
,`hora_ausencia` int(1)
);

-- --------------------------------------------------------

--
-- Estructura Stand-in para la vista `marcacion_falta_entrada_vw`
-- (Véase abajo para la vista actual)
--
CREATE TABLE `marcacion_falta_entrada_vw` (
`id_empleado` bigint(20) unsigned
,`codigo_empleado` char(7)
,`nombre` varchar(80)
,`apellido` varchar(80)
,`pin_empleado` int(11)
,`id_unidad_administrativa` bigint(20) unsigned
,`oficina` varchar(100)
,`fecha_marcacion` date
,`mes` int(2)
,`tipo` varchar(50)
,`salario` decimal(8,2)
,`hora_marcacion` time
,`permiso_fecha` date
);

-- --------------------------------------------------------

--
-- Estructura Stand-in para la vista `marcacion_falta_salida_vw`
-- (Véase abajo para la vista actual)
--
CREATE TABLE `marcacion_falta_salida_vw` (
`id_empleado` bigint(20) unsigned
,`codigo_empleado` char(7)
,`nombre` varchar(80)
,`apellido` varchar(80)
,`pin_empleado` int(11)
,`id_unidad_administrativa` bigint(20) unsigned
,`oficina` varchar(100)
,`fecha_marcacion` date
,`mes` int(2)
,`tipo` varchar(50)
,`salario` decimal(8,2)
,`hora_marcacion` time
,`permiso_fecha` date
);

-- --------------------------------------------------------

--
-- Estructura Stand-in para la vista `marcacion_intermedias_vw`
-- (Véase abajo para la vista actual)
--
CREATE TABLE `marcacion_intermedias_vw` (
`id_empleado` bigint(20) unsigned
,`codigo_empleado` char(7)
,`nombre` varchar(80)
,`apellido` varchar(80)
,`pin_empleado` int(11)
,`id_unidad_administrativa` bigint(20) unsigned
,`oficina` varchar(100)
,`fecha_marcacion` date
,`mes` int(2)
,`tipo` varchar(50)
,`salario` decimal(8,2)
,`hora_marcacion` time
,`permiso_fecha` date
,`fecha_asueto` date
);

-- --------------------------------------------------------

--
-- Estructura Stand-in para la vista `marcacion_llegada_tarde_vw`
-- (Véase abajo para la vista actual)
--
CREATE TABLE `marcacion_llegada_tarde_vw` (
`codigo_empleado` char(7)
,`id_empleado` bigint(20) unsigned
,`nombre` varchar(80)
,`apellido` varchar(80)
,`pin_empleado` int(11)
,`unidad_administrativa` varchar(255)
,`oficina` varchar(100)
,`tipo_plaza` varchar(50)
,`salario_actual` decimal(8,2)
,`fecha_marcacion` date
,`hora` time
,`fecha_hora` datetime
,`minutos` time
,`semana` varchar(11)
,`mes` int(2)
,`permiso_fecha` date
,`fecha_asueto` date
);

-- --------------------------------------------------------

--
-- Estructura Stand-in para la vista `marcacion_salida_temprano_vw`
-- (Véase abajo para la vista actual)
--
CREATE TABLE `marcacion_salida_temprano_vw` (
`codigo_empleado` char(7)
,`nombre` varchar(80)
,`apellido` varchar(80)
,`pin_empleado` int(11)
,`id_unidad_administrativa` bigint(20) unsigned
,`oficina` varchar(100)
,`fecha_marcacion` date
,`anio_marcacion` int(4)
,`tipo` varchar(50)
,`mes` int(2)
,`salario` decimal(8,2)
,`hora_marcacion` time
,`permiso_fecha` date
,`minutos` time
);

-- --------------------------------------------------------

--
-- Estructura de tabla para la tabla `mar_asueto`
--

CREATE TABLE `mar_asueto` (
  `id_asueto` bigint(20) UNSIGNED NOT NULL,
  `calendario_id` bigint(20) UNSIGNED NOT NULL,
  `fecha` date NOT NULL,
  `asueto` varchar(255) COLLATE utf8_spanish2_ci NOT NULL,
  `dia` varchar(255) COLLATE utf8_spanish2_ci NOT NULL,
  `mes` varchar(255) COLLATE utf8_spanish2_ci NOT NULL,
  `anio` varchar(255) COLLATE utf8_spanish2_ci NOT NULL,
  `formato_fecha` varchar(255) COLLATE utf8_spanish2_ci NOT NULL,
  `created_at` timestamp NULL DEFAULT NULL,
  `updated_at` timestamp NULL DEFAULT NULL
) ENGINE=InnoDB DEFAULT CHARSET=utf8 COLLATE=utf8_spanish2_ci;

--
-- Volcado de datos para la tabla `mar_asueto`
--

INSERT INTO `mar_asueto` (`id_asueto`, `calendario_id`, `fecha`, `asueto`, `dia`, `mes`, `anio`, `formato_fecha`, `created_at`, `updated_at`) VALUES
(1, 1, '2020-01-01', 'Uno de Enero', '01', '01', '20', '010120', NULL, NULL),
(2, 122, '2020-05-01', 'Dia del Trabajo', '01', '05', '20', '010520', NULL, NULL),
(3, 131, '2020-05-10', 'Dia de la Madre', '10', '05', '20', '100520', NULL, NULL),
(4, 148, '2020-05-27', 'Dia de Aniversario de constitucion del Sindicato', '27', '05', '20', '270520', NULL, NULL),
(5, 169, '2020-06-17', 'Dia del Padre', '17', '06', '20', '170620', NULL, NULL),
(6, 174, '2020-06-22', 'Dia del Maestro', '22', '06', '20', '220620', NULL, NULL),
(7, 216, '2020-08-03', 'Fiestas Agosto', '03', '08', '20', '030820', NULL, NULL),
(8, 217, '2020-08-04', 'Fiestas Agosto', '04', '08', '20', '040820', NULL, NULL),
(9, 218, '2020-08-05', 'Fiestas Agosto', '05', '08', '20', '050820', NULL, NULL),
(10, 219, '2020-08-06', 'Fiestas Agosto', '06', '08', '20', '060820', NULL, NULL),
(11, 259, '2020-09-15', 'Dia de la Independencia', '15', '09', '20', '150920', NULL, NULL),
(12, 286, '2020-10-12', 'Dia de la Raza', '12', '10', '20', '121020', NULL, NULL),
(13, 307, '2020-11-02', 'Dia de los Difuntos', '02', '11', '20', '021120', NULL, NULL),
(14, 310, '2020-11-05', 'Aniversario del primer grito de Independencia', '05', '11', '20', '051120', NULL, NULL),
(15, 360, '2020-12-25', 'Navidad', '25', '12', '20', '251220', NULL, NULL),
(16, 367, '2021-01-01', 'Uno de Enero', '01', '01', '21', '010121', NULL, NULL),
(17, 487, '2021-05-01', 'Dia del Trabajo', '01', '05', '21', '010521', NULL, NULL),
(18, 496, '2021-05-10', 'Dia de la Madre', '10', '05', '21', '100521', NULL, NULL),
(19, 513, '2021-05-27', 'Dia de Aniversario de constitucion del Sindicato', '27', '05', '21', '270521', NULL, NULL),
(20, 534, '2021-06-17', 'Dia del Padre', '17', '06', '21', '170621', NULL, NULL),
(21, 539, '2021-06-22', 'Dia del Maestro', '22', '06', '21', '220621', NULL, NULL),
(22, 581, '2021-08-03', 'Fiestas Agosto', '03', '08', '21', '030821', NULL, NULL),
(23, 582, '2021-08-04', 'Fiestas Agosto', '04', '08', '21', '040821', NULL, NULL),
(24, 583, '2021-08-05', 'Fiestas Agosto', '05', '08', '21', '050821', NULL, NULL),
(25, 584, '2021-08-06', 'Fiestas Agosto', '06', '08', '21', '060821', NULL, NULL),
(26, 624, '2021-09-15', 'Dia de la Independencia', '15', '09', '21', '150921', NULL, NULL),
(27, 651, '2021-10-12', 'Dia de la Raza', '12', '10', '21', '121021', NULL, NULL),
(28, 672, '2021-11-02', 'Dia de los Difuntos', '02', '11', '21', '021121', NULL, NULL),
(29, 675, '2021-11-05', 'Aniversario del primer grito de Independencia', '05', '11', '21', '051121', NULL, NULL),
(30, 725, '2021-12-25', 'Navidad', '25', '12', '21', '251221', NULL, NULL);

-- --------------------------------------------------------

--
-- Estructura de tabla para la tabla `mar_calendario`
--

CREATE TABLE `mar_calendario` (
  `id_calendario` bigint(20) UNSIGNED NOT NULL,
  `fecha` date NOT NULL,
  `dia` varchar(255) COLLATE utf8_spanish2_ci NOT NULL,
  `mes` varchar(255) COLLATE utf8_spanish2_ci NOT NULL,
  `anio` varchar(255) COLLATE utf8_spanish2_ci NOT NULL,
  `formato_fecha` varchar(255) COLLATE utf8_spanish2_ci NOT NULL,
  `created_at` timestamp NULL DEFAULT NULL,
  `updated_at` timestamp NULL DEFAULT NULL
) ENGINE=InnoDB DEFAULT CHARSET=utf8 COLLATE=utf8_spanish2_ci;

--
-- Volcado de datos para la tabla `mar_calendario`
--

INSERT INTO `mar_calendario` (`id_calendario`, `fecha`, `dia`, `mes`, `anio`, `formato_fecha`, `created_at`, `updated_at`) VALUES
(1, '2020-01-01', '01', '01', '2020', '010120', '2021-01-10 07:44:15', '2021-01-10 07:44:15'),
(2, '2020-01-02', '02', '01', '2020', '020120', '2021-01-10 07:44:15', '2021-01-10 07:44:15'),
(3, '2020-01-03', '03', '01', '2020', '030120', '2021-01-10 07:44:15', '2021-01-10 07:44:15'),
(4, '2020-01-04', '04', '01', '2020', '040120', '2021-01-10 07:44:15', '2021-01-10 07:44:15'),
(5, '2020-01-05', '05', '01', '2020', '050120', '2021-01-10 07:44:15', '2021-01-10 07:44:15'),
(6, '2020-01-06', '06', '01', '2020', '060120', '2021-01-10 07:44:15', '2021-01-10 07:44:15'),
(7, '2020-01-07', '07', '01', '2020', '070120', '2021-01-10 07:44:15', '2021-01-10 07:44:15'),
(8, '2020-01-08', '08', '01', '2020', '080120', '2021-01-10 07:44:15', '2021-01-10 07:44:15'),
(9, '2020-01-09', '09', '01', '2020', '090120', '2021-01-10 07:44:15', '2021-01-10 07:44:15'),
(10, '2020-01-10', '10', '01', '2020', '100120', '2021-01-10 07:44:15', '2021-01-10 07:44:15'),
(11, '2020-01-11', '11', '01', '2020', '110120', '2021-01-10 07:44:15', '2021-01-10 07:44:15'),
(12, '2020-01-12', '12', '01', '2020', '120120', '2021-01-10 07:44:15', '2021-01-10 07:44:15'),
(13, '2020-01-13', '13', '01', '2020', '130120', '2021-01-10 07:44:15', '2021-01-10 07:44:15'),
(14, '2020-01-14', '14', '01', '2020', '140120', '2021-01-10 07:44:15', '2021-01-10 07:44:15'),
(15, '2020-01-15', '15', '01', '2020', '150120', '2021-01-10 07:44:15', '2021-01-10 07:44:15'),
(16, '2020-01-16', '16', '01', '2020', '160120', '2021-01-10 07:44:15', '2021-01-10 07:44:15'),
(17, '2020-01-17', '17', '01', '2020', '170120', '2021-01-10 07:44:15', '2021-01-10 07:44:15'),
(18, '2020-01-18', '18', '01', '2020', '180120', '2021-01-10 07:44:15', '2021-01-10 07:44:15'),
(19, '2020-01-19', '19', '01', '2020', '190120', '2021-01-10 07:44:16', '2021-01-10 07:44:16'),
(20, '2020-01-20', '20', '01', '2020', '200120', '2021-01-10 07:44:16', '2021-01-10 07:44:16'),
(21, '2020-01-21', '21', '01', '2020', '210120', '2021-01-10 07:44:16', '2021-01-10 07:44:16'),
(22, '2020-01-22', '22', '01', '2020', '220120', '2021-01-10 07:44:16', '2021-01-10 07:44:16'),
(23, '2020-01-23', '23', '01', '2020', '230120', '2021-01-10 07:44:16', '2021-01-10 07:44:16'),
(24, '2020-01-24', '24', '01', '2020', '240120', '2021-01-10 07:44:16', '2021-01-10 07:44:16'),
(25, '2020-01-25', '25', '01', '2020', '250120', '2021-01-10 07:44:16', '2021-01-10 07:44:16'),
(26, '2020-01-26', '26', '01', '2020', '260120', '2021-01-10 07:44:16', '2021-01-10 07:44:16'),
(27, '2020-01-27', '27', '01', '2020', '270120', '2021-01-10 07:44:16', '2021-01-10 07:44:16'),
(28, '2020-01-28', '28', '01', '2020', '280120', '2021-01-10 07:44:16', '2021-01-10 07:44:16'),
(29, '2020-01-29', '29', '01', '2020', '290120', '2021-01-10 07:44:16', '2021-01-10 07:44:16'),
(30, '2020-01-30', '30', '01', '2020', '300120', '2021-01-10 07:44:16', '2021-01-10 07:44:16'),
(31, '2020-01-31', '31', '01', '2020', '310120', '2021-01-10 07:44:16', '2021-01-10 07:44:16'),
(32, '2020-02-01', '01', '02', '2020', '010220', '2021-01-10 07:44:16', '2021-01-10 07:44:16'),
(33, '2020-02-02', '02', '02', '2020', '020220', '2021-01-10 07:44:16', '2021-01-10 07:44:16'),
(34, '2020-02-03', '03', '02', '2020', '030220', '2021-01-10 07:44:16', '2021-01-10 07:44:16'),
(35, '2020-02-04', '04', '02', '2020', '040220', '2021-01-10 07:44:16', '2021-01-10 07:44:16'),
(36, '2020-02-05', '05', '02', '2020', '050220', '2021-01-10 07:44:16', '2021-01-10 07:44:16'),
(37, '2020-02-06', '06', '02', '2020', '060220', '2021-01-10 07:44:16', '2021-01-10 07:44:16'),
(38, '2020-02-07', '07', '02', '2020', '070220', '2021-01-10 07:44:16', '2021-01-10 07:44:16'),
(39, '2020-02-08', '08', '02', '2020', '080220', '2021-01-10 07:44:16', '2021-01-10 07:44:16'),
(40, '2020-02-09', '09', '02', '2020', '090220', '2021-01-10 07:44:16', '2021-01-10 07:44:16'),
(41, '2020-02-10', '10', '02', '2020', '100220', '2021-01-10 07:44:16', '2021-01-10 07:44:16'),
(42, '2020-02-11', '11', '02', '2020', '110220', '2021-01-10 07:44:16', '2021-01-10 07:44:16'),
(43, '2020-02-12', '12', '02', '2020', '120220', '2021-01-10 07:44:16', '2021-01-10 07:44:16'),
(44, '2020-02-13', '13', '02', '2020', '130220', '2021-01-10 07:44:16', '2021-01-10 07:44:16'),
(45, '2020-02-14', '14', '02', '2020', '140220', '2021-01-10 07:44:16', '2021-01-10 07:44:16'),
(46, '2020-02-15', '15', '02', '2020', '150220', '2021-01-10 07:44:17', '2021-01-10 07:44:17'),
(47, '2020-02-16', '16', '02', '2020', '160220', '2021-01-10 07:44:17', '2021-01-10 07:44:17'),
(48, '2020-02-17', '17', '02', '2020', '170220', '2021-01-10 07:44:17', '2021-01-10 07:44:17'),
(49, '2020-02-18', '18', '02', '2020', '180220', '2021-01-10 07:44:17', '2021-01-10 07:44:17'),
(50, '2020-02-19', '19', '02', '2020', '190220', '2021-01-10 07:44:17', '2021-01-10 07:44:17'),
(51, '2020-02-20', '20', '02', '2020', '200220', '2021-01-10 07:44:17', '2021-01-10 07:44:17'),
(52, '2020-02-21', '21', '02', '2020', '210220', '2021-01-10 07:44:17', '2021-01-10 07:44:17'),
(53, '2020-02-22', '22', '02', '2020', '220220', '2021-01-10 07:44:17', '2021-01-10 07:44:17'),
(54, '2020-02-23', '23', '02', '2020', '230220', '2021-01-10 07:44:17', '2021-01-10 07:44:17'),
(55, '2020-02-24', '24', '02', '2020', '240220', '2021-01-10 07:44:17', '2021-01-10 07:44:17'),
(56, '2020-02-25', '25', '02', '2020', '250220', '2021-01-10 07:44:17', '2021-01-10 07:44:17'),
(57, '2020-02-26', '26', '02', '2020', '260220', '2021-01-10 07:44:17', '2021-01-10 07:44:17'),
(58, '2020-02-27', '27', '02', '2020', '270220', '2021-01-10 07:44:17', '2021-01-10 07:44:17'),
(59, '2020-02-28', '28', '02', '2020', '280220', '2021-01-10 07:44:17', '2021-01-10 07:44:17'),
(60, '2020-02-29', '29', '02', '2020', '290220', '2021-01-10 07:44:17', '2021-01-10 07:44:17'),
(61, '2020-03-01', '01', '03', '2020', '010320', '2021-01-10 07:44:17', '2021-01-10 07:44:17'),
(62, '2020-03-02', '02', '03', '2020', '020320', '2021-01-10 07:44:17', '2021-01-10 07:44:17'),
(63, '2020-03-03', '03', '03', '2020', '030320', '2021-01-10 07:44:17', '2021-01-10 07:44:17'),
(64, '2020-03-04', '04', '03', '2020', '040320', '2021-01-10 07:44:17', '2021-01-10 07:44:17'),
(65, '2020-03-05', '05', '03', '2020', '050320', '2021-01-10 07:44:17', '2021-01-10 07:44:17'),
(66, '2020-03-06', '06', '03', '2020', '060320', '2021-01-10 07:44:17', '2021-01-10 07:44:17'),
(67, '2020-03-07', '07', '03', '2020', '070320', '2021-01-10 07:44:17', '2021-01-10 07:44:17'),
(68, '2020-03-08', '08', '03', '2020', '080320', '2021-01-10 07:44:17', '2021-01-10 07:44:17'),
(69, '2020-03-09', '09', '03', '2020', '090320', '2021-01-10 07:44:17', '2021-01-10 07:44:17'),
(70, '2020-03-10', '10', '03', '2020', '100320', '2021-01-10 07:44:17', '2021-01-10 07:44:17'),
(71, '2020-03-11', '11', '03', '2020', '110320', '2021-01-10 07:44:17', '2021-01-10 07:44:17'),
(72, '2020-03-12', '12', '03', '2020', '120320', '2021-01-10 07:44:17', '2021-01-10 07:44:17'),
(73, '2020-03-13', '13', '03', '2020', '130320', '2021-01-10 07:44:17', '2021-01-10 07:44:17'),
(74, '2020-03-14', '14', '03', '2020', '140320', '2021-01-10 07:44:17', '2021-01-10 07:44:17'),
(75, '2020-03-15', '15', '03', '2020', '150320', '2021-01-10 07:44:17', '2021-01-10 07:44:17'),
(76, '2020-03-16', '16', '03', '2020', '160320', '2021-01-10 07:44:17', '2021-01-10 07:44:17'),
(77, '2020-03-17', '17', '03', '2020', '170320', '2021-01-10 07:44:18', '2021-01-10 07:44:18'),
(78, '2020-03-18', '18', '03', '2020', '180320', '2021-01-10 07:44:18', '2021-01-10 07:44:18'),
(79, '2020-03-19', '19', '03', '2020', '190320', '2021-01-10 07:44:18', '2021-01-10 07:44:18'),
(80, '2020-03-20', '20', '03', '2020', '200320', '2021-01-10 07:44:18', '2021-01-10 07:44:18'),
(81, '2020-03-21', '21', '03', '2020', '210320', '2021-01-10 07:44:18', '2021-01-10 07:44:18'),
(82, '2020-03-22', '22', '03', '2020', '220320', '2021-01-10 07:44:18', '2021-01-10 07:44:18'),
(83, '2020-03-23', '23', '03', '2020', '230320', '2021-01-10 07:44:18', '2021-01-10 07:44:18'),
(84, '2020-03-24', '24', '03', '2020', '240320', '2021-01-10 07:44:18', '2021-01-10 07:44:18'),
(85, '2020-03-25', '25', '03', '2020', '250320', '2021-01-10 07:44:18', '2021-01-10 07:44:18'),
(86, '2020-03-26', '26', '03', '2020', '260320', '2021-01-10 07:44:18', '2021-01-10 07:44:18'),
(87, '2020-03-27', '27', '03', '2020', '270320', '2021-01-10 07:44:18', '2021-01-10 07:44:18'),
(88, '2020-03-28', '28', '03', '2020', '280320', '2021-01-10 07:44:18', '2021-01-10 07:44:18'),
(89, '2020-03-29', '29', '03', '2020', '290320', '2021-01-10 07:44:18', '2021-01-10 07:44:18'),
(90, '2020-03-30', '30', '03', '2020', '300320', '2021-01-10 07:44:18', '2021-01-10 07:44:18'),
(91, '2020-03-31', '31', '03', '2020', '310320', '2021-01-10 07:44:18', '2021-01-10 07:44:18'),
(92, '2020-04-01', '01', '04', '2020', '010420', '2021-01-10 07:44:18', '2021-01-10 07:44:18'),
(93, '2020-04-02', '02', '04', '2020', '020420', '2021-01-10 07:44:18', '2021-01-10 07:44:18'),
(94, '2020-04-03', '03', '04', '2020', '030420', '2021-01-10 07:44:18', '2021-01-10 07:44:18'),
(95, '2020-04-04', '04', '04', '2020', '040420', '2021-01-10 07:44:18', '2021-01-10 07:44:18'),
(96, '2020-04-05', '05', '04', '2020', '050420', '2021-01-10 07:44:18', '2021-01-10 07:44:18'),
(97, '2020-04-06', '06', '04', '2020', '060420', '2021-01-10 07:44:18', '2021-01-10 07:44:18'),
(98, '2020-04-07', '07', '04', '2020', '070420', '2021-01-10 07:44:18', '2021-01-10 07:44:18'),
(99, '2020-04-08', '08', '04', '2020', '080420', '2021-01-10 07:44:18', '2021-01-10 07:44:18'),
(100, '2020-04-09', '09', '04', '2020', '090420', '2021-01-10 07:44:18', '2021-01-10 07:44:18'),
(101, '2020-04-10', '10', '04', '2020', '100420', '2021-01-10 07:44:18', '2021-01-10 07:44:18'),
(102, '2020-04-11', '11', '04', '2020', '110420', '2021-01-10 07:44:18', '2021-01-10 07:44:18'),
(103, '2020-04-12', '12', '04', '2020', '120420', '2021-01-10 07:44:18', '2021-01-10 07:44:18'),
(104, '2020-04-13', '13', '04', '2020', '130420', '2021-01-10 07:44:18', '2021-01-10 07:44:18'),
(105, '2020-04-14', '14', '04', '2020', '140420', '2021-01-10 07:44:19', '2021-01-10 07:44:19'),
(106, '2020-04-15', '15', '04', '2020', '150420', '2021-01-10 07:44:19', '2021-01-10 07:44:19'),
(107, '2020-04-16', '16', '04', '2020', '160420', '2021-01-10 07:44:19', '2021-01-10 07:44:19'),
(108, '2020-04-17', '17', '04', '2020', '170420', '2021-01-10 07:44:19', '2021-01-10 07:44:19'),
(109, '2020-04-18', '18', '04', '2020', '180420', '2021-01-10 07:44:19', '2021-01-10 07:44:19'),
(110, '2020-04-19', '19', '04', '2020', '190420', '2021-01-10 07:44:19', '2021-01-10 07:44:19'),
(111, '2020-04-20', '20', '04', '2020', '200420', '2021-01-10 07:44:19', '2021-01-10 07:44:19'),
(112, '2020-04-21', '21', '04', '2020', '210420', '2021-01-10 07:44:19', '2021-01-10 07:44:19'),
(113, '2020-04-22', '22', '04', '2020', '220420', '2021-01-10 07:44:19', '2021-01-10 07:44:19'),
(114, '2020-04-23', '23', '04', '2020', '230420', '2021-01-10 07:44:19', '2021-01-10 07:44:19'),
(115, '2020-04-24', '24', '04', '2020', '240420', '2021-01-10 07:44:19', '2021-01-10 07:44:19'),
(116, '2020-04-25', '25', '04', '2020', '250420', '2021-01-10 07:44:19', '2021-01-10 07:44:19'),
(117, '2020-04-26', '26', '04', '2020', '260420', '2021-01-10 07:44:19', '2021-01-10 07:44:19'),
(118, '2020-04-27', '27', '04', '2020', '270420', '2021-01-10 07:44:19', '2021-01-10 07:44:19'),
(119, '2020-04-28', '28', '04', '2020', '280420', '2021-01-10 07:44:19', '2021-01-10 07:44:19'),
(120, '2020-04-29', '29', '04', '2020', '290420', '2021-01-10 07:44:19', '2021-01-10 07:44:19'),
(121, '2020-04-30', '30', '04', '2020', '300420', '2021-01-10 07:44:19', '2021-01-10 07:44:19'),
(122, '2020-05-01', '01', '05', '2020', '010520', '2021-01-10 07:44:19', '2021-01-10 07:44:19'),
(123, '2020-05-02', '02', '05', '2020', '020520', '2021-01-10 07:44:19', '2021-01-10 07:44:19'),
(124, '2020-05-03', '03', '05', '2020', '030520', '2021-01-10 07:44:19', '2021-01-10 07:44:19'),
(125, '2020-05-04', '04', '05', '2020', '040520', '2021-01-10 07:44:19', '2021-01-10 07:44:19'),
(126, '2020-05-05', '05', '05', '2020', '050520', '2021-01-10 07:44:20', '2021-01-10 07:44:20'),
(127, '2020-05-06', '06', '05', '2020', '060520', '2021-01-10 07:44:20', '2021-01-10 07:44:20'),
(128, '2020-05-07', '07', '05', '2020', '070520', '2021-01-10 07:44:20', '2021-01-10 07:44:20'),
(129, '2020-05-08', '08', '05', '2020', '080520', '2021-01-10 07:44:20', '2021-01-10 07:44:20'),
(130, '2020-05-09', '09', '05', '2020', '090520', '2021-01-10 07:44:20', '2021-01-10 07:44:20'),
(131, '2020-05-10', '10', '05', '2020', '100520', '2021-01-10 07:44:20', '2021-01-10 07:44:20'),
(132, '2020-05-11', '11', '05', '2020', '110520', '2021-01-10 07:44:20', '2021-01-10 07:44:20'),
(133, '2020-05-12', '12', '05', '2020', '120520', '2021-01-10 07:44:20', '2021-01-10 07:44:20'),
(134, '2020-05-13', '13', '05', '2020', '130520', '2021-01-10 07:44:20', '2021-01-10 07:44:20'),
(135, '2020-05-14', '14', '05', '2020', '140520', '2021-01-10 07:44:20', '2021-01-10 07:44:20'),
(136, '2020-05-15', '15', '05', '2020', '150520', '2021-01-10 07:44:20', '2021-01-10 07:44:20'),
(137, '2020-05-16', '16', '05', '2020', '160520', '2021-01-10 07:44:20', '2021-01-10 07:44:20'),
(138, '2020-05-17', '17', '05', '2020', '170520', '2021-01-10 07:44:20', '2021-01-10 07:44:20'),
(139, '2020-05-18', '18', '05', '2020', '180520', '2021-01-10 07:44:20', '2021-01-10 07:44:20'),
(140, '2020-05-19', '19', '05', '2020', '190520', '2021-01-10 07:44:20', '2021-01-10 07:44:20'),
(141, '2020-05-20', '20', '05', '2020', '200520', '2021-01-10 07:44:20', '2021-01-10 07:44:20'),
(142, '2020-05-21', '21', '05', '2020', '210520', '2021-01-10 07:44:20', '2021-01-10 07:44:20'),
(143, '2020-05-22', '22', '05', '2020', '220520', '2021-01-10 07:44:20', '2021-01-10 07:44:20'),
(144, '2020-05-23', '23', '05', '2020', '230520', '2021-01-10 07:44:20', '2021-01-10 07:44:20'),
(145, '2020-05-24', '24', '05', '2020', '240520', '2021-01-10 07:44:20', '2021-01-10 07:44:20'),
(146, '2020-05-25', '25', '05', '2020', '250520', '2021-01-10 07:44:20', '2021-01-10 07:44:20'),
(147, '2020-05-26', '26', '05', '2020', '260520', '2021-01-10 07:44:20', '2021-01-10 07:44:20'),
(148, '2020-05-27', '27', '05', '2020', '270520', '2021-01-10 07:44:20', '2021-01-10 07:44:20'),
(149, '2020-05-28', '28', '05', '2020', '280520', '2021-01-10 07:44:20', '2021-01-10 07:44:20'),
(150, '2020-05-29', '29', '05', '2020', '290520', '2021-01-10 07:44:21', '2021-01-10 07:44:21'),
(151, '2020-05-30', '30', '05', '2020', '300520', '2021-01-10 07:44:21', '2021-01-10 07:44:21'),
(152, '2020-05-31', '31', '05', '2020', '310520', '2021-01-10 07:44:21', '2021-01-10 07:44:21'),
(153, '2020-06-01', '01', '06', '2020', '010620', '2021-01-10 07:44:21', '2021-01-10 07:44:21'),
(154, '2020-06-02', '02', '06', '2020', '020620', '2021-01-10 07:44:21', '2021-01-10 07:44:21'),
(155, '2020-06-03', '03', '06', '2020', '030620', '2021-01-10 07:44:21', '2021-01-10 07:44:21'),
(156, '2020-06-04', '04', '06', '2020', '040620', '2021-01-10 07:44:21', '2021-01-10 07:44:21'),
(157, '2020-06-05', '05', '06', '2020', '050620', '2021-01-10 07:44:21', '2021-01-10 07:44:21'),
(158, '2020-06-06', '06', '06', '2020', '060620', '2021-01-10 07:44:21', '2021-01-10 07:44:21'),
(159, '2020-06-07', '07', '06', '2020', '070620', '2021-01-10 07:44:21', '2021-01-10 07:44:21'),
(160, '2020-06-08', '08', '06', '2020', '080620', '2021-01-10 07:44:21', '2021-01-10 07:44:21'),
(161, '2020-06-09', '09', '06', '2020', '090620', '2021-01-10 07:44:21', '2021-01-10 07:44:21'),
(162, '2020-06-10', '10', '06', '2020', '100620', '2021-01-10 07:44:21', '2021-01-10 07:44:21'),
(163, '2020-06-11', '11', '06', '2020', '110620', '2021-01-10 07:44:21', '2021-01-10 07:44:21'),
(164, '2020-06-12', '12', '06', '2020', '120620', '2021-01-10 07:44:21', '2021-01-10 07:44:21'),
(165, '2020-06-13', '13', '06', '2020', '130620', '2021-01-10 07:44:21', '2021-01-10 07:44:21'),
(166, '2020-06-14', '14', '06', '2020', '140620', '2021-01-10 07:44:21', '2021-01-10 07:44:21'),
(167, '2020-06-15', '15', '06', '2020', '150620', '2021-01-10 07:44:21', '2021-01-10 07:44:21'),
(168, '2020-06-16', '16', '06', '2020', '160620', '2021-01-10 07:44:21', '2021-01-10 07:44:21'),
(169, '2020-06-17', '17', '06', '2020', '170620', '2021-01-10 07:44:21', '2021-01-10 07:44:21'),
(170, '2020-06-18', '18', '06', '2020', '180620', '2021-01-10 07:44:21', '2021-01-10 07:44:21'),
(171, '2020-06-19', '19', '06', '2020', '190620', '2021-01-10 07:44:21', '2021-01-10 07:44:21'),
(172, '2020-06-20', '20', '06', '2020', '200620', '2021-01-10 07:44:21', '2021-01-10 07:44:21'),
(173, '2020-06-21', '21', '06', '2020', '210620', '2021-01-10 07:44:21', '2021-01-10 07:44:21'),
(174, '2020-06-22', '22', '06', '2020', '220620', '2021-01-10 07:44:21', '2021-01-10 07:44:21'),
(175, '2020-06-23', '23', '06', '2020', '230620', '2021-01-10 07:44:21', '2021-01-10 07:44:21'),
(176, '2020-06-24', '24', '06', '2020', '240620', '2021-01-10 07:44:21', '2021-01-10 07:44:21'),
(177, '2020-06-25', '25', '06', '2020', '250620', '2021-01-10 07:44:21', '2021-01-10 07:44:21'),
(178, '2020-06-26', '26', '06', '2020', '260620', '2021-01-10 07:44:21', '2021-01-10 07:44:21'),
(179, '2020-06-27', '27', '06', '2020', '270620', '2021-01-10 07:44:21', '2021-01-10 07:44:21'),
(180, '2020-06-28', '28', '06', '2020', '280620', '2021-01-10 07:44:21', '2021-01-10 07:44:21'),
(181, '2020-06-29', '29', '06', '2020', '290620', '2021-01-10 07:44:21', '2021-01-10 07:44:21'),
(182, '2020-06-30', '30', '06', '2020', '300620', '2021-01-10 07:44:22', '2021-01-10 07:44:22'),
(183, '2020-07-01', '01', '07', '2020', '010720', '2021-01-10 07:44:22', '2021-01-10 07:44:22'),
(184, '2020-07-02', '02', '07', '2020', '020720', '2021-01-10 07:44:22', '2021-01-10 07:44:22'),
(185, '2020-07-03', '03', '07', '2020', '030720', '2021-01-10 07:44:22', '2021-01-10 07:44:22'),
(186, '2020-07-04', '04', '07', '2020', '040720', '2021-01-10 07:44:22', '2021-01-10 07:44:22'),
(187, '2020-07-05', '05', '07', '2020', '050720', '2021-01-10 07:44:22', '2021-01-10 07:44:22'),
(188, '2020-07-06', '06', '07', '2020', '060720', '2021-01-10 07:44:22', '2021-01-10 07:44:22'),
(189, '2020-07-07', '07', '07', '2020', '070720', '2021-01-10 07:44:22', '2021-01-10 07:44:22'),
(190, '2020-07-08', '08', '07', '2020', '080720', '2021-01-10 07:44:22', '2021-01-10 07:44:22'),
(191, '2020-07-09', '09', '07', '2020', '090720', '2021-01-10 07:44:22', '2021-01-10 07:44:22'),
(192, '2020-07-10', '10', '07', '2020', '100720', '2021-01-10 07:44:22', '2021-01-10 07:44:22'),
(193, '2020-07-11', '11', '07', '2020', '110720', '2021-01-10 07:44:22', '2021-01-10 07:44:22'),
(194, '2020-07-12', '12', '07', '2020', '120720', '2021-01-10 07:44:22', '2021-01-10 07:44:22'),
(195, '2020-07-13', '13', '07', '2020', '130720', '2021-01-10 07:44:22', '2021-01-10 07:44:22'),
(196, '2020-07-14', '14', '07', '2020', '140720', '2021-01-10 07:44:22', '2021-01-10 07:44:22'),
(197, '2020-07-15', '15', '07', '2020', '150720', '2021-01-10 07:44:22', '2021-01-10 07:44:22'),
(198, '2020-07-16', '16', '07', '2020', '160720', '2021-01-10 07:44:22', '2021-01-10 07:44:22'),
(199, '2020-07-17', '17', '07', '2020', '170720', '2021-01-10 07:44:22', '2021-01-10 07:44:22'),
(200, '2020-07-18', '18', '07', '2020', '180720', '2021-01-10 07:44:22', '2021-01-10 07:44:22'),
(201, '2020-07-19', '19', '07', '2020', '190720', '2021-01-10 07:44:22', '2021-01-10 07:44:22'),
(202, '2020-07-20', '20', '07', '2020', '200720', '2021-01-10 07:44:22', '2021-01-10 07:44:22'),
(203, '2020-07-21', '21', '07', '2020', '210720', '2021-01-10 07:44:22', '2021-01-10 07:44:22'),
(204, '2020-07-22', '22', '07', '2020', '220720', '2021-01-10 07:44:22', '2021-01-10 07:44:22'),
(205, '2020-07-23', '23', '07', '2020', '230720', '2021-01-10 07:44:22', '2021-01-10 07:44:22'),
(206, '2020-07-24', '24', '07', '2020', '240720', '2021-01-10 07:44:22', '2021-01-10 07:44:22'),
(207, '2020-07-25', '25', '07', '2020', '250720', '2021-01-10 07:44:22', '2021-01-10 07:44:22'),
(208, '2020-07-26', '26', '07', '2020', '260720', '2021-01-10 07:44:23', '2021-01-10 07:44:23'),
(209, '2020-07-27', '27', '07', '2020', '270720', '2021-01-10 07:44:23', '2021-01-10 07:44:23'),
(210, '2020-07-28', '28', '07', '2020', '280720', '2021-01-10 07:44:23', '2021-01-10 07:44:23'),
(211, '2020-07-29', '29', '07', '2020', '290720', '2021-01-10 07:44:23', '2021-01-10 07:44:23'),
(212, '2020-07-30', '30', '07', '2020', '300720', '2021-01-10 07:44:23', '2021-01-10 07:44:23'),
(213, '2020-07-31', '31', '07', '2020', '310720', '2021-01-10 07:44:23', '2021-01-10 07:44:23'),
(214, '2020-08-01', '01', '08', '2020', '010820', '2021-01-10 07:44:23', '2021-01-10 07:44:23'),
(215, '2020-08-02', '02', '08', '2020', '020820', '2021-01-10 07:44:23', '2021-01-10 07:44:23'),
(216, '2020-08-03', '03', '08', '2020', '030820', '2021-01-10 07:44:23', '2021-01-10 07:44:23'),
(217, '2020-08-04', '04', '08', '2020', '040820', '2021-01-10 07:44:23', '2021-01-10 07:44:23'),
(218, '2020-08-05', '05', '08', '2020', '050820', '2021-01-10 07:44:23', '2021-01-10 07:44:23'),
(219, '2020-08-06', '06', '08', '2020', '060820', '2021-01-10 07:44:23', '2021-01-10 07:44:23'),
(220, '2020-08-07', '07', '08', '2020', '070820', '2021-01-10 07:44:23', '2021-01-10 07:44:23'),
(221, '2020-08-08', '08', '08', '2020', '080820', '2021-01-10 07:44:23', '2021-01-10 07:44:23'),
(222, '2020-08-09', '09', '08', '2020', '090820', '2021-01-10 07:44:23', '2021-01-10 07:44:23'),
(223, '2020-08-10', '10', '08', '2020', '100820', '2021-01-10 07:44:23', '2021-01-10 07:44:23'),
(224, '2020-08-11', '11', '08', '2020', '110820', '2021-01-10 07:44:23', '2021-01-10 07:44:23'),
(225, '2020-08-12', '12', '08', '2020', '120820', '2021-01-10 07:44:23', '2021-01-10 07:44:23'),
(226, '2020-08-13', '13', '08', '2020', '130820', '2021-01-10 07:44:23', '2021-01-10 07:44:23'),
(227, '2020-08-14', '14', '08', '2020', '140820', '2021-01-10 07:44:23', '2021-01-10 07:44:23'),
(228, '2020-08-15', '15', '08', '2020', '150820', '2021-01-10 07:44:23', '2021-01-10 07:44:23'),
(229, '2020-08-16', '16', '08', '2020', '160820', '2021-01-10 07:44:23', '2021-01-10 07:44:23'),
(230, '2020-08-17', '17', '08', '2020', '170820', '2021-01-10 07:44:23', '2021-01-10 07:44:23'),
(231, '2020-08-18', '18', '08', '2020', '180820', '2021-01-10 07:44:23', '2021-01-10 07:44:23'),
(232, '2020-08-19', '19', '08', '2020', '190820', '2021-01-10 07:44:23', '2021-01-10 07:44:23'),
(233, '2020-08-20', '20', '08', '2020', '200820', '2021-01-10 07:44:23', '2021-01-10 07:44:23'),
(234, '2020-08-21', '21', '08', '2020', '210820', '2021-01-10 07:44:23', '2021-01-10 07:44:23'),
(235, '2020-08-22', '22', '08', '2020', '220820', '2021-01-10 07:44:23', '2021-01-10 07:44:23'),
(236, '2020-08-23', '23', '08', '2020', '230820', '2021-01-10 07:44:23', '2021-01-10 07:44:23'),
(237, '2020-08-24', '24', '08', '2020', '240820', '2021-01-10 07:44:23', '2021-01-10 07:44:23'),
(238, '2020-08-25', '25', '08', '2020', '250820', '2021-01-10 07:44:23', '2021-01-10 07:44:23'),
(239, '2020-08-26', '26', '08', '2020', '260820', '2021-01-10 07:44:23', '2021-01-10 07:44:23'),
(240, '2020-08-27', '27', '08', '2020', '270820', '2021-01-10 07:44:23', '2021-01-10 07:44:23'),
(241, '2020-08-28', '28', '08', '2020', '280820', '2021-01-10 07:44:24', '2021-01-10 07:44:24'),
(242, '2020-08-29', '29', '08', '2020', '290820', '2021-01-10 07:44:24', '2021-01-10 07:44:24'),
(243, '2020-08-30', '30', '08', '2020', '300820', '2021-01-10 07:44:24', '2021-01-10 07:44:24'),
(244, '2020-08-31', '31', '08', '2020', '310820', '2021-01-10 07:44:24', '2021-01-10 07:44:24'),
(245, '2020-09-01', '01', '09', '2020', '010920', '2021-01-10 07:44:24', '2021-01-10 07:44:24'),
(246, '2020-09-02', '02', '09', '2020', '020920', '2021-01-10 07:44:24', '2021-01-10 07:44:24'),
(247, '2020-09-03', '03', '09', '2020', '030920', '2021-01-10 07:44:24', '2021-01-10 07:44:24'),
(248, '2020-09-04', '04', '09', '2020', '040920', '2021-01-10 07:44:24', '2021-01-10 07:44:24'),
(249, '2020-09-05', '05', '09', '2020', '050920', '2021-01-10 07:44:24', '2021-01-10 07:44:24'),
(250, '2020-09-06', '06', '09', '2020', '060920', '2021-01-10 07:44:24', '2021-01-10 07:44:24'),
(251, '2020-09-07', '07', '09', '2020', '070920', '2021-01-10 07:44:24', '2021-01-10 07:44:24'),
(252, '2020-09-08', '08', '09', '2020', '080920', '2021-01-10 07:44:24', '2021-01-10 07:44:24'),
(253, '2020-09-09', '09', '09', '2020', '090920', '2021-01-10 07:44:24', '2021-01-10 07:44:24'),
(254, '2020-09-10', '10', '09', '2020', '100920', '2021-01-10 07:44:24', '2021-01-10 07:44:24'),
(255, '2020-09-11', '11', '09', '2020', '110920', '2021-01-10 07:44:24', '2021-01-10 07:44:24'),
(256, '2020-09-12', '12', '09', '2020', '120920', '2021-01-10 07:44:24', '2021-01-10 07:44:24'),
(257, '2020-09-13', '13', '09', '2020', '130920', '2021-01-10 07:44:24', '2021-01-10 07:44:24'),
(258, '2020-09-14', '14', '09', '2020', '140920', '2021-01-10 07:44:24', '2021-01-10 07:44:24'),
(259, '2020-09-15', '15', '09', '2020', '150920', '2021-01-10 07:44:24', '2021-01-10 07:44:24'),
(260, '2020-09-16', '16', '09', '2020', '160920', '2021-01-10 07:44:24', '2021-01-10 07:44:24'),
(261, '2020-09-17', '17', '09', '2020', '170920', '2021-01-10 07:44:24', '2021-01-10 07:44:24'),
(262, '2020-09-18', '18', '09', '2020', '180920', '2021-01-10 07:44:24', '2021-01-10 07:44:24'),
(263, '2020-09-19', '19', '09', '2020', '190920', '2021-01-10 07:44:24', '2021-01-10 07:44:24'),
(264, '2020-09-20', '20', '09', '2020', '200920', '2021-01-10 07:44:24', '2021-01-10 07:44:24'),
(265, '2020-09-21', '21', '09', '2020', '210920', '2021-01-10 07:44:24', '2021-01-10 07:44:24'),
(266, '2020-09-22', '22', '09', '2020', '220920', '2021-01-10 07:44:25', '2021-01-10 07:44:25'),
(267, '2020-09-23', '23', '09', '2020', '230920', '2021-01-10 07:44:25', '2021-01-10 07:44:25'),
(268, '2020-09-24', '24', '09', '2020', '240920', '2021-01-10 07:44:25', '2021-01-10 07:44:25'),
(269, '2020-09-25', '25', '09', '2020', '250920', '2021-01-10 07:44:25', '2021-01-10 07:44:25'),
(270, '2020-09-26', '26', '09', '2020', '260920', '2021-01-10 07:44:25', '2021-01-10 07:44:25'),
(271, '2020-09-27', '27', '09', '2020', '270920', '2021-01-10 07:44:25', '2021-01-10 07:44:25'),
(272, '2020-09-28', '28', '09', '2020', '280920', '2021-01-10 07:44:25', '2021-01-10 07:44:25'),
(273, '2020-09-29', '29', '09', '2020', '290920', '2021-01-10 07:44:25', '2021-01-10 07:44:25'),
(274, '2020-09-30', '30', '09', '2020', '300920', '2021-01-10 07:44:25', '2021-01-10 07:44:25'),
(275, '2020-10-01', '01', '10', '2020', '011020', '2021-01-10 07:44:25', '2021-01-10 07:44:25'),
(276, '2020-10-02', '02', '10', '2020', '021020', '2021-01-10 07:44:25', '2021-01-10 07:44:25'),
(277, '2020-10-03', '03', '10', '2020', '031020', '2021-01-10 07:44:25', '2021-01-10 07:44:25'),
(278, '2020-10-04', '04', '10', '2020', '041020', '2021-01-10 07:44:26', '2021-01-10 07:44:26'),
(279, '2020-10-05', '05', '10', '2020', '051020', '2021-01-10 07:44:26', '2021-01-10 07:44:26'),
(280, '2020-10-06', '06', '10', '2020', '061020', '2021-01-10 07:44:26', '2021-01-10 07:44:26'),
(281, '2020-10-07', '07', '10', '2020', '071020', '2021-01-10 07:44:26', '2021-01-10 07:44:26'),
(282, '2020-10-08', '08', '10', '2020', '081020', '2021-01-10 07:44:26', '2021-01-10 07:44:26'),
(283, '2020-10-09', '09', '10', '2020', '091020', '2021-01-10 07:44:26', '2021-01-10 07:44:26'),
(284, '2020-10-10', '10', '10', '2020', '101020', '2021-01-10 07:44:26', '2021-01-10 07:44:26'),
(285, '2020-10-11', '11', '10', '2020', '111020', '2021-01-10 07:44:26', '2021-01-10 07:44:26'),
(286, '2020-10-12', '12', '10', '2020', '121020', '2021-01-10 07:44:26', '2021-01-10 07:44:26'),
(287, '2020-10-13', '13', '10', '2020', '131020', '2021-01-10 07:44:26', '2021-01-10 07:44:26'),
(288, '2020-10-14', '14', '10', '2020', '141020', '2021-01-10 07:44:26', '2021-01-10 07:44:26'),
(289, '2020-10-15', '15', '10', '2020', '151020', '2021-01-10 07:44:26', '2021-01-10 07:44:26'),
(290, '2020-10-16', '16', '10', '2020', '161020', '2021-01-10 07:44:26', '2021-01-10 07:44:26'),
(291, '2020-10-17', '17', '10', '2020', '171020', '2021-01-10 07:44:26', '2021-01-10 07:44:26'),
(292, '2020-10-18', '18', '10', '2020', '181020', '2021-01-10 07:44:26', '2021-01-10 07:44:26'),
(293, '2020-10-19', '19', '10', '2020', '191020', '2021-01-10 07:44:26', '2021-01-10 07:44:26'),
(294, '2020-10-20', '20', '10', '2020', '201020', '2021-01-10 07:44:26', '2021-01-10 07:44:26'),
(295, '2020-10-21', '21', '10', '2020', '211020', '2021-01-10 07:44:26', '2021-01-10 07:44:26'),
(296, '2020-10-22', '22', '10', '2020', '221020', '2021-01-10 07:44:26', '2021-01-10 07:44:26'),
(297, '2020-10-23', '23', '10', '2020', '231020', '2021-01-10 07:44:26', '2021-01-10 07:44:26'),
(298, '2020-10-24', '24', '10', '2020', '241020', '2021-01-10 07:44:26', '2021-01-10 07:44:26'),
(299, '2020-10-25', '25', '10', '2020', '251020', '2021-01-10 07:44:27', '2021-01-10 07:44:27'),
(300, '2020-10-26', '26', '10', '2020', '261020', '2021-01-10 07:44:27', '2021-01-10 07:44:27'),
(301, '2020-10-27', '27', '10', '2020', '271020', '2021-01-10 07:44:27', '2021-01-10 07:44:27'),
(302, '2020-10-28', '28', '10', '2020', '281020', '2021-01-10 07:44:27', '2021-01-10 07:44:27'),
(303, '2020-10-29', '29', '10', '2020', '291020', '2021-01-10 07:44:27', '2021-01-10 07:44:27'),
(304, '2020-10-30', '30', '10', '2020', '301020', '2021-01-10 07:44:27', '2021-01-10 07:44:27'),
(305, '2020-10-31', '31', '10', '2020', '311020', '2021-01-10 07:44:27', '2021-01-10 07:44:27'),
(306, '2020-11-01', '01', '11', '2020', '011120', '2021-01-10 07:44:27', '2021-01-10 07:44:27'),
(307, '2020-11-02', '02', '11', '2020', '021120', '2021-01-10 07:44:27', '2021-01-10 07:44:27'),
(308, '2020-11-03', '03', '11', '2020', '031120', '2021-01-10 07:44:27', '2021-01-10 07:44:27'),
(309, '2020-11-04', '04', '11', '2020', '041120', '2021-01-10 07:44:27', '2021-01-10 07:44:27'),
(310, '2020-11-05', '05', '11', '2020', '051120', '2021-01-10 07:44:27', '2021-01-10 07:44:27'),
(311, '2020-11-06', '06', '11', '2020', '061120', '2021-01-10 07:44:27', '2021-01-10 07:44:27'),
(312, '2020-11-07', '07', '11', '2020', '071120', '2021-01-10 07:44:27', '2021-01-10 07:44:27'),
(313, '2020-11-08', '08', '11', '2020', '081120', '2021-01-10 07:44:27', '2021-01-10 07:44:27'),
(314, '2020-11-09', '09', '11', '2020', '091120', '2021-01-10 07:44:27', '2021-01-10 07:44:27'),
(315, '2020-11-10', '10', '11', '2020', '101120', '2021-01-10 07:44:27', '2021-01-10 07:44:27'),
(316, '2020-11-11', '11', '11', '2020', '111120', '2021-01-10 07:44:27', '2021-01-10 07:44:27'),
(317, '2020-11-12', '12', '11', '2020', '121120', '2021-01-10 07:44:27', '2021-01-10 07:44:27'),
(318, '2020-11-13', '13', '11', '2020', '131120', '2021-01-10 07:44:27', '2021-01-10 07:44:27'),
(319, '2020-11-14', '14', '11', '2020', '141120', '2021-01-10 07:44:27', '2021-01-10 07:44:27'),
(320, '2020-11-15', '15', '11', '2020', '151120', '2021-01-10 07:44:27', '2021-01-10 07:44:27'),
(321, '2020-11-16', '16', '11', '2020', '161120', '2021-01-10 07:44:27', '2021-01-10 07:44:27'),
(322, '2020-11-17', '17', '11', '2020', '171120', '2021-01-10 07:44:27', '2021-01-10 07:44:27'),
(323, '2020-11-18', '18', '11', '2020', '181120', '2021-01-10 07:44:27', '2021-01-10 07:44:27'),
(324, '2020-11-19', '19', '11', '2020', '191120', '2021-01-10 07:44:27', '2021-01-10 07:44:27'),
(325, '2020-11-20', '20', '11', '2020', '201120', '2021-01-10 07:44:27', '2021-01-10 07:44:27'),
(326, '2020-11-21', '21', '11', '2020', '211120', '2021-01-10 07:44:27', '2021-01-10 07:44:27'),
(327, '2020-11-22', '22', '11', '2020', '221120', '2021-01-10 07:44:27', '2021-01-10 07:44:27'),
(328, '2020-11-23', '23', '11', '2020', '231120', '2021-01-10 07:44:27', '2021-01-10 07:44:27'),
(329, '2020-11-24', '24', '11', '2020', '241120', '2021-01-10 07:44:27', '2021-01-10 07:44:27'),
(330, '2020-11-25', '25', '11', '2020', '251120', '2021-01-10 07:44:27', '2021-01-10 07:44:27'),
(331, '2020-11-26', '26', '11', '2020', '261120', '2021-01-10 07:44:27', '2021-01-10 07:44:27'),
(332, '2020-11-27', '27', '11', '2020', '271120', '2021-01-10 07:44:27', '2021-01-10 07:44:27'),
(333, '2020-11-28', '28', '11', '2020', '281120', '2021-01-10 07:44:28', '2021-01-10 07:44:28'),
(334, '2020-11-29', '29', '11', '2020', '291120', '2021-01-10 07:44:28', '2021-01-10 07:44:28'),
(335, '2020-11-30', '30', '11', '2020', '301120', '2021-01-10 07:44:28', '2021-01-10 07:44:28'),
(336, '2020-12-01', '01', '12', '2020', '011220', '2021-01-10 07:44:28', '2021-01-10 07:44:28'),
(337, '2020-12-02', '02', '12', '2020', '021220', '2021-01-10 07:44:28', '2021-01-10 07:44:28'),
(338, '2020-12-03', '03', '12', '2020', '031220', '2021-01-10 07:44:28', '2021-01-10 07:44:28'),
(339, '2020-12-04', '04', '12', '2020', '041220', '2021-01-10 07:44:28', '2021-01-10 07:44:28'),
(340, '2020-12-05', '05', '12', '2020', '051220', '2021-01-10 07:44:28', '2021-01-10 07:44:28'),
(341, '2020-12-06', '06', '12', '2020', '061220', '2021-01-10 07:44:28', '2021-01-10 07:44:28'),
(342, '2020-12-07', '07', '12', '2020', '071220', '2021-01-10 07:44:28', '2021-01-10 07:44:28'),
(343, '2020-12-08', '08', '12', '2020', '081220', '2021-01-10 07:44:28', '2021-01-10 07:44:28'),
(344, '2020-12-09', '09', '12', '2020', '091220', '2021-01-10 07:44:28', '2021-01-10 07:44:28'),
(345, '2020-12-10', '10', '12', '2020', '101220', '2021-01-10 07:44:28', '2021-01-10 07:44:28'),
(346, '2020-12-11', '11', '12', '2020', '111220', '2021-01-10 07:44:28', '2021-01-10 07:44:28'),
(347, '2020-12-12', '12', '12', '2020', '121220', '2021-01-10 07:44:28', '2021-01-10 07:44:28'),
(348, '2020-12-13', '13', '12', '2020', '131220', '2021-01-10 07:44:28', '2021-01-10 07:44:28'),
(349, '2020-12-14', '14', '12', '2020', '141220', '2021-01-10 07:44:28', '2021-01-10 07:44:28'),
(350, '2020-12-15', '15', '12', '2020', '151220', '2021-01-10 07:44:28', '2021-01-10 07:44:28'),
(351, '2020-12-16', '16', '12', '2020', '161220', '2021-01-10 07:44:28', '2021-01-10 07:44:28'),
(352, '2020-12-17', '17', '12', '2020', '171220', '2021-01-10 07:44:29', '2021-01-10 07:44:29'),
(353, '2020-12-18', '18', '12', '2020', '181220', '2021-01-10 07:44:29', '2021-01-10 07:44:29'),
(354, '2020-12-19', '19', '12', '2020', '191220', '2021-01-10 07:44:29', '2021-01-10 07:44:29'),
(355, '2020-12-20', '20', '12', '2020', '201220', '2021-01-10 07:44:29', '2021-01-10 07:44:29'),
(356, '2020-12-21', '21', '12', '2020', '211220', '2021-01-10 07:44:29', '2021-01-10 07:44:29'),
(357, '2020-12-22', '22', '12', '2020', '221220', '2021-01-10 07:44:29', '2021-01-10 07:44:29'),
(358, '2020-12-23', '23', '12', '2020', '231220', '2021-01-10 07:44:29', '2021-01-10 07:44:29'),
(359, '2020-12-24', '24', '12', '2020', '241220', '2021-01-10 07:44:29', '2021-01-10 07:44:29'),
(360, '2020-12-25', '25', '12', '2020', '251220', '2021-01-10 07:44:29', '2021-01-10 07:44:29'),
(361, '2020-12-26', '26', '12', '2020', '261220', '2021-01-10 07:44:29', '2021-01-10 07:44:29'),
(362, '2020-12-27', '27', '12', '2020', '271220', '2021-01-10 07:44:29', '2021-01-10 07:44:29'),
(363, '2020-12-28', '28', '12', '2020', '281220', '2021-01-10 07:44:29', '2021-01-10 07:44:29'),
(364, '2020-12-29', '29', '12', '2020', '291220', '2021-01-10 07:44:29', '2021-01-10 07:44:29'),
(365, '2020-12-30', '30', '12', '2020', '301220', '2021-01-10 07:44:29', '2021-01-10 07:44:29'),
(366, '2020-12-31', '31', '12', '2020', '311220', '2021-01-10 07:44:29', '2021-01-10 07:44:29'),
(367, '2021-01-01', '01', '01', '2021', '010121', '2021-01-10 07:47:50', '2021-01-10 07:47:50'),
(368, '2021-01-02', '02', '01', '2021', '020121', '2021-01-10 07:47:51', '2021-01-10 07:47:51'),
(369, '2021-01-03', '03', '01', '2021', '030121', '2021-01-10 07:47:51', '2021-01-10 07:47:51'),
(370, '2021-01-04', '04', '01', '2021', '040121', '2021-01-10 07:47:51', '2021-01-10 07:47:51'),
(371, '2021-01-05', '05', '01', '2021', '050121', '2021-01-10 07:47:51', '2021-01-10 07:47:51'),
(372, '2021-01-06', '06', '01', '2021', '060121', '2021-01-10 07:47:51', '2021-01-10 07:47:51'),
(373, '2021-01-07', '07', '01', '2021', '070121', '2021-01-10 07:47:51', '2021-01-10 07:47:51'),
(374, '2021-01-08', '08', '01', '2021', '080121', '2021-01-10 07:47:51', '2021-01-10 07:47:51'),
(375, '2021-01-09', '09', '01', '2021', '090121', '2021-01-10 07:47:51', '2021-01-10 07:47:51'),
(376, '2021-01-10', '10', '01', '2021', '100121', '2021-01-10 07:47:51', '2021-01-10 07:47:51'),
(377, '2021-01-11', '11', '01', '2021', '110121', '2021-01-10 07:47:51', '2021-01-10 07:47:51'),
(378, '2021-01-12', '12', '01', '2021', '120121', '2021-01-10 07:47:51', '2021-01-10 07:47:51'),
(379, '2021-01-13', '13', '01', '2021', '130121', '2021-01-10 07:47:51', '2021-01-10 07:47:51'),
(380, '2021-01-14', '14', '01', '2021', '140121', '2021-01-10 07:47:51', '2021-01-10 07:47:51'),
(381, '2021-01-15', '15', '01', '2021', '150121', '2021-01-10 07:47:51', '2021-01-10 07:47:51'),
(382, '2021-01-16', '16', '01', '2021', '160121', '2021-01-10 07:47:51', '2021-01-10 07:47:51'),
(383, '2021-01-17', '17', '01', '2021', '170121', '2021-01-10 07:47:51', '2021-01-10 07:47:51'),
(384, '2021-01-18', '18', '01', '2021', '180121', '2021-01-10 07:47:51', '2021-01-10 07:47:51'),
(385, '2021-01-19', '19', '01', '2021', '190121', '2021-01-10 07:47:51', '2021-01-10 07:47:51'),
(386, '2021-01-20', '20', '01', '2021', '200121', '2021-01-10 07:47:52', '2021-01-10 07:47:52'),
(387, '2021-01-21', '21', '01', '2021', '210121', '2021-01-10 07:47:52', '2021-01-10 07:47:52'),
(388, '2021-01-22', '22', '01', '2021', '220121', '2021-01-10 07:47:52', '2021-01-10 07:47:52'),
(389, '2021-01-23', '23', '01', '2021', '230121', '2021-01-10 07:47:52', '2021-01-10 07:47:52'),
(390, '2021-01-24', '24', '01', '2021', '240121', '2021-01-10 07:47:52', '2021-01-10 07:47:52'),
(391, '2021-01-25', '25', '01', '2021', '250121', '2021-01-10 07:47:52', '2021-01-10 07:47:52'),
(392, '2021-01-26', '26', '01', '2021', '260121', '2021-01-10 07:47:52', '2021-01-10 07:47:52'),
(393, '2021-01-27', '27', '01', '2021', '270121', '2021-01-10 07:47:52', '2021-01-10 07:47:52'),
(394, '2021-01-28', '28', '01', '2021', '280121', '2021-01-10 07:47:52', '2021-01-10 07:47:52'),
(395, '2021-01-29', '29', '01', '2021', '290121', '2021-01-10 07:47:52', '2021-01-10 07:47:52'),
(396, '2021-01-30', '30', '01', '2021', '300121', '2021-01-10 07:47:52', '2021-01-10 07:47:52'),
(397, '2021-01-31', '31', '01', '2021', '310121', '2021-01-10 07:47:52', '2021-01-10 07:47:52'),
(398, '2021-02-01', '01', '02', '2021', '010221', '2021-01-10 07:47:52', '2021-01-10 07:47:52'),
(399, '2021-02-02', '02', '02', '2021', '020221', '2021-01-10 07:47:52', '2021-01-10 07:47:52'),
(400, '2021-02-03', '03', '02', '2021', '030221', '2021-01-10 07:47:52', '2021-01-10 07:47:52'),
(401, '2021-02-04', '04', '02', '2021', '040221', '2021-01-10 07:47:52', '2021-01-10 07:47:52'),
(402, '2021-02-05', '05', '02', '2021', '050221', '2021-01-10 07:47:52', '2021-01-10 07:47:52'),
(403, '2021-02-06', '06', '02', '2021', '060221', '2021-01-10 07:47:52', '2021-01-10 07:47:52'),
(404, '2021-02-07', '07', '02', '2021', '070221', '2021-01-10 07:47:52', '2021-01-10 07:47:52'),
(405, '2021-02-08', '08', '02', '2021', '080221', '2021-01-10 07:47:52', '2021-01-10 07:47:52'),
(406, '2021-02-09', '09', '02', '2021', '090221', '2021-01-10 07:47:52', '2021-01-10 07:47:52'),
(407, '2021-02-10', '10', '02', '2021', '100221', '2021-01-10 07:47:52', '2021-01-10 07:47:52'),
(408, '2021-02-11', '11', '02', '2021', '110221', '2021-01-10 07:47:52', '2021-01-10 07:47:52'),
(409, '2021-02-12', '12', '02', '2021', '120221', '2021-01-10 07:47:52', '2021-01-10 07:47:52'),
(410, '2021-02-13', '13', '02', '2021', '130221', '2021-01-10 07:47:52', '2021-01-10 07:47:52'),
(411, '2021-02-14', '14', '02', '2021', '140221', '2021-01-10 07:47:52', '2021-01-10 07:47:52'),
(412, '2021-02-15', '15', '02', '2021', '150221', '2021-01-10 07:47:52', '2021-01-10 07:47:52'),
(413, '2021-02-16', '16', '02', '2021', '160221', '2021-01-10 07:47:53', '2021-01-10 07:47:53'),
(414, '2021-02-17', '17', '02', '2021', '170221', '2021-01-10 07:47:53', '2021-01-10 07:47:53'),
(415, '2021-02-18', '18', '02', '2021', '180221', '2021-01-10 07:47:53', '2021-01-10 07:47:53'),
(416, '2021-02-19', '19', '02', '2021', '190221', '2021-01-10 07:47:53', '2021-01-10 07:47:53'),
(417, '2021-02-20', '20', '02', '2021', '200221', '2021-01-10 07:47:53', '2021-01-10 07:47:53'),
(418, '2021-02-21', '21', '02', '2021', '210221', '2021-01-10 07:47:53', '2021-01-10 07:47:53'),
(419, '2021-02-22', '22', '02', '2021', '220221', '2021-01-10 07:47:53', '2021-01-10 07:47:53'),
(420, '2021-02-23', '23', '02', '2021', '230221', '2021-01-10 07:47:53', '2021-01-10 07:47:53'),
(421, '2021-02-24', '24', '02', '2021', '240221', '2021-01-10 07:47:53', '2021-01-10 07:47:53'),
(422, '2021-02-25', '25', '02', '2021', '250221', '2021-01-10 07:47:53', '2021-01-10 07:47:53'),
(423, '2021-02-26', '26', '02', '2021', '260221', '2021-01-10 07:47:53', '2021-01-10 07:47:53'),
(424, '2021-02-27', '27', '02', '2021', '270221', '2021-01-10 07:47:53', '2021-01-10 07:47:53'),
(425, '2021-02-28', '28', '02', '2021', '280221', '2021-01-10 07:47:53', '2021-01-10 07:47:53'),
(426, '2021-03-01', '01', '03', '2021', '010321', '2021-01-10 07:47:53', '2021-01-10 07:47:53'),
(427, '2021-03-02', '02', '03', '2021', '020321', '2021-01-10 07:47:53', '2021-01-10 07:47:53'),
(428, '2021-03-03', '03', '03', '2021', '030321', '2021-01-10 07:47:53', '2021-01-10 07:47:53'),
(429, '2021-03-04', '04', '03', '2021', '040321', '2021-01-10 07:47:53', '2021-01-10 07:47:53'),
(430, '2021-03-05', '05', '03', '2021', '050321', '2021-01-10 07:47:53', '2021-01-10 07:47:53'),
(431, '2021-03-06', '06', '03', '2021', '060321', '2021-01-10 07:47:53', '2021-01-10 07:47:53'),
(432, '2021-03-07', '07', '03', '2021', '070321', '2021-01-10 07:47:53', '2021-01-10 07:47:53'),
(433, '2021-03-08', '08', '03', '2021', '080321', '2021-01-10 07:47:53', '2021-01-10 07:47:53'),
(434, '2021-03-09', '09', '03', '2021', '090321', '2021-01-10 07:47:53', '2021-01-10 07:47:53'),
(435, '2021-03-10', '10', '03', '2021', '100321', '2021-01-10 07:47:53', '2021-01-10 07:47:53'),
(436, '2021-03-11', '11', '03', '2021', '110321', '2021-01-10 07:47:53', '2021-01-10 07:47:53'),
(437, '2021-03-12', '12', '03', '2021', '120321', '2021-01-10 07:47:53', '2021-01-10 07:47:53'),
(438, '2021-03-13', '13', '03', '2021', '130321', '2021-01-10 07:47:53', '2021-01-10 07:47:53'),
(439, '2021-03-14', '14', '03', '2021', '140321', '2021-01-10 07:47:53', '2021-01-10 07:47:53'),
(440, '2021-03-15', '15', '03', '2021', '150321', '2021-01-10 07:47:54', '2021-01-10 07:47:54'),
(441, '2021-03-16', '16', '03', '2021', '160321', '2021-01-10 07:47:54', '2021-01-10 07:47:54'),
(442, '2021-03-17', '17', '03', '2021', '170321', '2021-01-10 07:47:54', '2021-01-10 07:47:54'),
(443, '2021-03-18', '18', '03', '2021', '180321', '2021-01-10 07:47:54', '2021-01-10 07:47:54'),
(444, '2021-03-19', '19', '03', '2021', '190321', '2021-01-10 07:47:54', '2021-01-10 07:47:54'),
(445, '2021-03-20', '20', '03', '2021', '200321', '2021-01-10 07:47:54', '2021-01-10 07:47:54'),
(446, '2021-03-21', '21', '03', '2021', '210321', '2021-01-10 07:47:54', '2021-01-10 07:47:54'),
(447, '2021-03-22', '22', '03', '2021', '220321', '2021-01-10 07:47:54', '2021-01-10 07:47:54'),
(448, '2021-03-23', '23', '03', '2021', '230321', '2021-01-10 07:47:54', '2021-01-10 07:47:54'),
(449, '2021-03-24', '24', '03', '2021', '240321', '2021-01-10 07:47:54', '2021-01-10 07:47:54'),
(450, '2021-03-25', '25', '03', '2021', '250321', '2021-01-10 07:47:54', '2021-01-10 07:47:54'),
(451, '2021-03-26', '26', '03', '2021', '260321', '2021-01-10 07:47:54', '2021-01-10 07:47:54'),
(452, '2021-03-27', '27', '03', '2021', '270321', '2021-01-10 07:47:54', '2021-01-10 07:47:54'),
(453, '2021-03-28', '28', '03', '2021', '280321', '2021-01-10 07:47:54', '2021-01-10 07:47:54'),
(454, '2021-03-29', '29', '03', '2021', '290321', '2021-01-10 07:47:54', '2021-01-10 07:47:54'),
(455, '2021-03-30', '30', '03', '2021', '300321', '2021-01-10 07:47:54', '2021-01-10 07:47:54'),
(456, '2021-03-31', '31', '03', '2021', '310321', '2021-01-10 07:47:54', '2021-01-10 07:47:54'),
(457, '2021-04-01', '01', '04', '2021', '010421', '2021-01-10 07:47:54', '2021-01-10 07:47:54'),
(458, '2021-04-02', '02', '04', '2021', '020421', '2021-01-10 07:47:54', '2021-01-10 07:47:54'),
(459, '2021-04-03', '03', '04', '2021', '030421', '2021-01-10 07:47:54', '2021-01-10 07:47:54'),
(460, '2021-04-04', '04', '04', '2021', '040421', '2021-01-10 07:47:54', '2021-01-10 07:47:54'),
(461, '2021-04-05', '05', '04', '2021', '050421', '2021-01-10 07:47:54', '2021-01-10 07:47:54'),
(462, '2021-04-06', '06', '04', '2021', '060421', '2021-01-10 07:47:54', '2021-01-10 07:47:54'),
(463, '2021-04-07', '07', '04', '2021', '070421', '2021-01-10 07:47:54', '2021-01-10 07:47:54'),
(464, '2021-04-08', '08', '04', '2021', '080421', '2021-01-10 07:47:55', '2021-01-10 07:47:55'),
(465, '2021-04-09', '09', '04', '2021', '090421', '2021-01-10 07:47:55', '2021-01-10 07:47:55'),
(466, '2021-04-10', '10', '04', '2021', '100421', '2021-01-10 07:47:55', '2021-01-10 07:47:55'),
(467, '2021-04-11', '11', '04', '2021', '110421', '2021-01-10 07:47:55', '2021-01-10 07:47:55'),
(468, '2021-04-12', '12', '04', '2021', '120421', '2021-01-10 07:47:55', '2021-01-10 07:47:55'),
(469, '2021-04-13', '13', '04', '2021', '130421', '2021-01-10 07:47:55', '2021-01-10 07:47:55'),
(470, '2021-04-14', '14', '04', '2021', '140421', '2021-01-10 07:47:55', '2021-01-10 07:47:55'),
(471, '2021-04-15', '15', '04', '2021', '150421', '2021-01-10 07:47:55', '2021-01-10 07:47:55'),
(472, '2021-04-16', '16', '04', '2021', '160421', '2021-01-10 07:47:55', '2021-01-10 07:47:55'),
(473, '2021-04-17', '17', '04', '2021', '170421', '2021-01-10 07:47:55', '2021-01-10 07:47:55'),
(474, '2021-04-18', '18', '04', '2021', '180421', '2021-01-10 07:47:55', '2021-01-10 07:47:55'),
(475, '2021-04-19', '19', '04', '2021', '190421', '2021-01-10 07:47:55', '2021-01-10 07:47:55'),
(476, '2021-04-20', '20', '04', '2021', '200421', '2021-01-10 07:47:55', '2021-01-10 07:47:55'),
(477, '2021-04-21', '21', '04', '2021', '210421', '2021-01-10 07:47:55', '2021-01-10 07:47:55'),
(478, '2021-04-22', '22', '04', '2021', '220421', '2021-01-10 07:47:55', '2021-01-10 07:47:55'),
(479, '2021-04-23', '23', '04', '2021', '230421', '2021-01-10 07:47:55', '2021-01-10 07:47:55'),
(480, '2021-04-24', '24', '04', '2021', '240421', '2021-01-10 07:47:55', '2021-01-10 07:47:55'),
(481, '2021-04-25', '25', '04', '2021', '250421', '2021-01-10 07:47:55', '2021-01-10 07:47:55'),
(482, '2021-04-26', '26', '04', '2021', '260421', '2021-01-10 07:47:55', '2021-01-10 07:47:55'),
(483, '2021-04-27', '27', '04', '2021', '270421', '2021-01-10 07:47:55', '2021-01-10 07:47:55'),
(484, '2021-04-28', '28', '04', '2021', '280421', '2021-01-10 07:47:55', '2021-01-10 07:47:55'),
(485, '2021-04-29', '29', '04', '2021', '290421', '2021-01-10 07:47:55', '2021-01-10 07:47:55'),
(486, '2021-04-30', '30', '04', '2021', '300421', '2021-01-10 07:47:55', '2021-01-10 07:47:55'),
(487, '2021-05-01', '01', '05', '2021', '010521', '2021-01-10 07:47:55', '2021-01-10 07:47:55'),
(488, '2021-05-02', '02', '05', '2021', '020521', '2021-01-10 07:47:55', '2021-01-10 07:47:55'),
(489, '2021-05-03', '03', '05', '2021', '030521', '2021-01-10 07:47:56', '2021-01-10 07:47:56'),
(490, '2021-05-04', '04', '05', '2021', '040521', '2021-01-10 07:47:56', '2021-01-10 07:47:56'),
(491, '2021-05-05', '05', '05', '2021', '050521', '2021-01-10 07:47:56', '2021-01-10 07:47:56'),
(492, '2021-05-06', '06', '05', '2021', '060521', '2021-01-10 07:47:56', '2021-01-10 07:47:56'),
(493, '2021-05-07', '07', '05', '2021', '070521', '2021-01-10 07:47:56', '2021-01-10 07:47:56'),
(494, '2021-05-08', '08', '05', '2021', '080521', '2021-01-10 07:47:56', '2021-01-10 07:47:56'),
(495, '2021-05-09', '09', '05', '2021', '090521', '2021-01-10 07:47:56', '2021-01-10 07:47:56'),
(496, '2021-05-10', '10', '05', '2021', '100521', '2021-01-10 07:47:56', '2021-01-10 07:47:56'),
(497, '2021-05-11', '11', '05', '2021', '110521', '2021-01-10 07:47:56', '2021-01-10 07:47:56'),
(498, '2021-05-12', '12', '05', '2021', '120521', '2021-01-10 07:47:56', '2021-01-10 07:47:56'),
(499, '2021-05-13', '13', '05', '2021', '130521', '2021-01-10 07:47:56', '2021-01-10 07:47:56'),
(500, '2021-05-14', '14', '05', '2021', '140521', '2021-01-10 07:47:56', '2021-01-10 07:47:56'),
(501, '2021-05-15', '15', '05', '2021', '150521', '2021-01-10 07:47:56', '2021-01-10 07:47:56'),
(502, '2021-05-16', '16', '05', '2021', '160521', '2021-01-10 07:47:56', '2021-01-10 07:47:56'),
(503, '2021-05-17', '17', '05', '2021', '170521', '2021-01-10 07:47:56', '2021-01-10 07:47:56'),
(504, '2021-05-18', '18', '05', '2021', '180521', '2021-01-10 07:47:56', '2021-01-10 07:47:56'),
(505, '2021-05-19', '19', '05', '2021', '190521', '2021-01-10 07:47:56', '2021-01-10 07:47:56'),
(506, '2021-05-20', '20', '05', '2021', '200521', '2021-01-10 07:47:56', '2021-01-10 07:47:56'),
(507, '2021-05-21', '21', '05', '2021', '210521', '2021-01-10 07:47:56', '2021-01-10 07:47:56'),
(508, '2021-05-22', '22', '05', '2021', '220521', '2021-01-10 07:47:56', '2021-01-10 07:47:56'),
(509, '2021-05-23', '23', '05', '2021', '230521', '2021-01-10 07:47:56', '2021-01-10 07:47:56'),
(510, '2021-05-24', '24', '05', '2021', '240521', '2021-01-10 07:47:56', '2021-01-10 07:47:56'),
(511, '2021-05-25', '25', '05', '2021', '250521', '2021-01-10 07:47:56', '2021-01-10 07:47:56'),
(512, '2021-05-26', '26', '05', '2021', '260521', '2021-01-10 07:47:56', '2021-01-10 07:47:56'),
(513, '2021-05-27', '27', '05', '2021', '270521', '2021-01-10 07:47:56', '2021-01-10 07:47:56'),
(514, '2021-05-28', '28', '05', '2021', '280521', '2021-01-10 07:47:56', '2021-01-10 07:47:56'),
(515, '2021-05-29', '29', '05', '2021', '290521', '2021-01-10 07:47:56', '2021-01-10 07:47:56'),
(516, '2021-05-30', '30', '05', '2021', '300521', '2021-01-10 07:47:56', '2021-01-10 07:47:56'),
(517, '2021-05-31', '31', '05', '2021', '310521', '2021-01-10 07:47:56', '2021-01-10 07:47:56'),
(518, '2021-06-01', '01', '06', '2021', '010621', '2021-01-10 07:47:56', '2021-01-10 07:47:56'),
(519, '2021-06-02', '02', '06', '2021', '020621', '2021-01-10 07:47:56', '2021-01-10 07:47:56'),
(520, '2021-06-03', '03', '06', '2021', '030621', '2021-01-10 07:47:56', '2021-01-10 07:47:56'),
(521, '2021-06-04', '04', '06', '2021', '040621', '2021-01-10 07:47:56', '2021-01-10 07:47:56'),
(522, '2021-06-05', '05', '06', '2021', '050621', '2021-01-10 07:47:56', '2021-01-10 07:47:56'),
(523, '2021-06-06', '06', '06', '2021', '060621', '2021-01-10 07:47:57', '2021-01-10 07:47:57'),
(524, '2021-06-07', '07', '06', '2021', '070621', '2021-01-10 07:47:57', '2021-01-10 07:47:57'),
(525, '2021-06-08', '08', '06', '2021', '080621', '2021-01-10 07:47:57', '2021-01-10 07:47:57'),
(526, '2021-06-09', '09', '06', '2021', '090621', '2021-01-10 07:47:57', '2021-01-10 07:47:57');
INSERT INTO `mar_calendario` (`id_calendario`, `fecha`, `dia`, `mes`, `anio`, `formato_fecha`, `created_at`, `updated_at`) VALUES
(527, '2021-06-10', '10', '06', '2021', '100621', '2021-01-10 07:47:57', '2021-01-10 07:47:57'),
(528, '2021-06-11', '11', '06', '2021', '110621', '2021-01-10 07:47:57', '2021-01-10 07:47:57'),
(529, '2021-06-12', '12', '06', '2021', '120621', '2021-01-10 07:47:57', '2021-01-10 07:47:57'),
(530, '2021-06-13', '13', '06', '2021', '130621', '2021-01-10 07:47:57', '2021-01-10 07:47:57'),
(531, '2021-06-14', '14', '06', '2021', '140621', '2021-01-10 07:47:57', '2021-01-10 07:47:57'),
(532, '2021-06-15', '15', '06', '2021', '150621', '2021-01-10 07:47:57', '2021-01-10 07:47:57'),
(533, '2021-06-16', '16', '06', '2021', '160621', '2021-01-10 07:47:57', '2021-01-10 07:47:57'),
(534, '2021-06-17', '17', '06', '2021', '170621', '2021-01-10 07:47:57', '2021-01-10 07:47:57'),
(535, '2021-06-18', '18', '06', '2021', '180621', '2021-01-10 07:47:57', '2021-01-10 07:47:57'),
(536, '2021-06-19', '19', '06', '2021', '190621', '2021-01-10 07:47:57', '2021-01-10 07:47:57'),
(537, '2021-06-20', '20', '06', '2021', '200621', '2021-01-10 07:47:57', '2021-01-10 07:47:57'),
(538, '2021-06-21', '21', '06', '2021', '210621', '2021-01-10 07:47:57', '2021-01-10 07:47:57'),
(539, '2021-06-22', '22', '06', '2021', '220621', '2021-01-10 07:47:58', '2021-01-10 07:47:58'),
(540, '2021-06-23', '23', '06', '2021', '230621', '2021-01-10 07:47:58', '2021-01-10 07:47:58'),
(541, '2021-06-24', '24', '06', '2021', '240621', '2021-01-10 07:47:58', '2021-01-10 07:47:58'),
(542, '2021-06-25', '25', '06', '2021', '250621', '2021-01-10 07:47:58', '2021-01-10 07:47:58'),
(543, '2021-06-26', '26', '06', '2021', '260621', '2021-01-10 07:47:58', '2021-01-10 07:47:58'),
(544, '2021-06-27', '27', '06', '2021', '270621', '2021-01-10 07:47:58', '2021-01-10 07:47:58'),
(545, '2021-06-28', '28', '06', '2021', '280621', '2021-01-10 07:47:58', '2021-01-10 07:47:58'),
(546, '2021-06-29', '29', '06', '2021', '290621', '2021-01-10 07:47:58', '2021-01-10 07:47:58'),
(547, '2021-06-30', '30', '06', '2021', '300621', '2021-01-10 07:47:58', '2021-01-10 07:47:58'),
(548, '2021-07-01', '01', '07', '2021', '010721', '2021-01-10 07:47:58', '2021-01-10 07:47:58'),
(549, '2021-07-02', '02', '07', '2021', '020721', '2021-01-10 07:47:58', '2021-01-10 07:47:58'),
(550, '2021-07-03', '03', '07', '2021', '030721', '2021-01-10 07:47:58', '2021-01-10 07:47:58'),
(551, '2021-07-04', '04', '07', '2021', '040721', '2021-01-10 07:47:58', '2021-01-10 07:47:58'),
(552, '2021-07-05', '05', '07', '2021', '050721', '2021-01-10 07:47:58', '2021-01-10 07:47:58'),
(553, '2021-07-06', '06', '07', '2021', '060721', '2021-01-10 07:47:58', '2021-01-10 07:47:58'),
(554, '2021-07-07', '07', '07', '2021', '070721', '2021-01-10 07:47:58', '2021-01-10 07:47:58'),
(555, '2021-07-08', '08', '07', '2021', '080721', '2021-01-10 07:47:58', '2021-01-10 07:47:58'),
(556, '2021-07-09', '09', '07', '2021', '090721', '2021-01-10 07:47:58', '2021-01-10 07:47:58'),
(557, '2021-07-10', '10', '07', '2021', '100721', '2021-01-10 07:47:59', '2021-01-10 07:47:59'),
(558, '2021-07-11', '11', '07', '2021', '110721', '2021-01-10 07:47:59', '2021-01-10 07:47:59'),
(559, '2021-07-12', '12', '07', '2021', '120721', '2021-01-10 07:47:59', '2021-01-10 07:47:59'),
(560, '2021-07-13', '13', '07', '2021', '130721', '2021-01-10 07:47:59', '2021-01-10 07:47:59'),
(561, '2021-07-14', '14', '07', '2021', '140721', '2021-01-10 07:47:59', '2021-01-10 07:47:59'),
(562, '2021-07-15', '15', '07', '2021', '150721', '2021-01-10 07:47:59', '2021-01-10 07:47:59'),
(563, '2021-07-16', '16', '07', '2021', '160721', '2021-01-10 07:47:59', '2021-01-10 07:47:59'),
(564, '2021-07-17', '17', '07', '2021', '170721', '2021-01-10 07:47:59', '2021-01-10 07:47:59'),
(565, '2021-07-18', '18', '07', '2021', '180721', '2021-01-10 07:47:59', '2021-01-10 07:47:59'),
(566, '2021-07-19', '19', '07', '2021', '190721', '2021-01-10 07:47:59', '2021-01-10 07:47:59'),
(567, '2021-07-20', '20', '07', '2021', '200721', '2021-01-10 07:47:59', '2021-01-10 07:47:59'),
(568, '2021-07-21', '21', '07', '2021', '210721', '2021-01-10 07:47:59', '2021-01-10 07:47:59'),
(569, '2021-07-22', '22', '07', '2021', '220721', '2021-01-10 07:47:59', '2021-01-10 07:47:59'),
(570, '2021-07-23', '23', '07', '2021', '230721', '2021-01-10 07:47:59', '2021-01-10 07:47:59'),
(571, '2021-07-24', '24', '07', '2021', '240721', '2021-01-10 07:47:59', '2021-01-10 07:47:59'),
(572, '2021-07-25', '25', '07', '2021', '250721', '2021-01-10 07:47:59', '2021-01-10 07:47:59'),
(573, '2021-07-26', '26', '07', '2021', '260721', '2021-01-10 07:47:59', '2021-01-10 07:47:59'),
(574, '2021-07-27', '27', '07', '2021', '270721', '2021-01-10 07:47:59', '2021-01-10 07:47:59'),
(575, '2021-07-28', '28', '07', '2021', '280721', '2021-01-10 07:47:59', '2021-01-10 07:47:59'),
(576, '2021-07-29', '29', '07', '2021', '290721', '2021-01-10 07:47:59', '2021-01-10 07:47:59'),
(577, '2021-07-30', '30', '07', '2021', '300721', '2021-01-10 07:47:59', '2021-01-10 07:47:59'),
(578, '2021-07-31', '31', '07', '2021', '310721', '2021-01-10 07:47:59', '2021-01-10 07:47:59'),
(579, '2021-08-01', '01', '08', '2021', '010821', '2021-01-10 07:47:59', '2021-01-10 07:47:59'),
(580, '2021-08-02', '02', '08', '2021', '020821', '2021-01-10 07:48:00', '2021-01-10 07:48:00'),
(581, '2021-08-03', '03', '08', '2021', '030821', '2021-01-10 07:48:00', '2021-01-10 07:48:00'),
(582, '2021-08-04', '04', '08', '2021', '040821', '2021-01-10 07:48:00', '2021-01-10 07:48:00'),
(583, '2021-08-05', '05', '08', '2021', '050821', '2021-01-10 07:48:00', '2021-01-10 07:48:00'),
(584, '2021-08-06', '06', '08', '2021', '060821', '2021-01-10 07:48:00', '2021-01-10 07:48:00'),
(585, '2021-08-07', '07', '08', '2021', '070821', '2021-01-10 07:48:00', '2021-01-10 07:48:00'),
(586, '2021-08-08', '08', '08', '2021', '080821', '2021-01-10 07:48:00', '2021-01-10 07:48:00'),
(587, '2021-08-09', '09', '08', '2021', '090821', '2021-01-10 07:48:00', '2021-01-10 07:48:00'),
(588, '2021-08-10', '10', '08', '2021', '100821', '2021-01-10 07:48:00', '2021-01-10 07:48:00'),
(589, '2021-08-11', '11', '08', '2021', '110821', '2021-01-10 07:48:00', '2021-01-10 07:48:00'),
(590, '2021-08-12', '12', '08', '2021', '120821', '2021-01-10 07:48:00', '2021-01-10 07:48:00'),
(591, '2021-08-13', '13', '08', '2021', '130821', '2021-01-10 07:48:00', '2021-01-10 07:48:00'),
(592, '2021-08-14', '14', '08', '2021', '140821', '2021-01-10 07:48:00', '2021-01-10 07:48:00'),
(593, '2021-08-15', '15', '08', '2021', '150821', '2021-01-10 07:48:00', '2021-01-10 07:48:00'),
(594, '2021-08-16', '16', '08', '2021', '160821', '2021-01-10 07:48:00', '2021-01-10 07:48:00'),
(595, '2021-08-17', '17', '08', '2021', '170821', '2021-01-10 07:48:00', '2021-01-10 07:48:00'),
(596, '2021-08-18', '18', '08', '2021', '180821', '2021-01-10 07:48:00', '2021-01-10 07:48:00'),
(597, '2021-08-19', '19', '08', '2021', '190821', '2021-01-10 07:48:00', '2021-01-10 07:48:00'),
(598, '2021-08-20', '20', '08', '2021', '200821', '2021-01-10 07:48:00', '2021-01-10 07:48:00'),
(599, '2021-08-21', '21', '08', '2021', '210821', '2021-01-10 07:48:00', '2021-01-10 07:48:00'),
(600, '2021-08-22', '22', '08', '2021', '220821', '2021-01-10 07:48:00', '2021-01-10 07:48:00'),
(601, '2021-08-23', '23', '08', '2021', '230821', '2021-01-10 07:48:00', '2021-01-10 07:48:00'),
(602, '2021-08-24', '24', '08', '2021', '240821', '2021-01-10 07:48:00', '2021-01-10 07:48:00'),
(603, '2021-08-25', '25', '08', '2021', '250821', '2021-01-10 07:48:00', '2021-01-10 07:48:00'),
(604, '2021-08-26', '26', '08', '2021', '260821', '2021-01-10 07:48:00', '2021-01-10 07:48:00'),
(605, '2021-08-27', '27', '08', '2021', '270821', '2021-01-10 07:48:00', '2021-01-10 07:48:00'),
(606, '2021-08-28', '28', '08', '2021', '280821', '2021-01-10 07:48:00', '2021-01-10 07:48:00'),
(607, '2021-08-29', '29', '08', '2021', '290821', '2021-01-10 07:48:00', '2021-01-10 07:48:00'),
(608, '2021-08-30', '30', '08', '2021', '300821', '2021-01-10 07:48:00', '2021-01-10 07:48:00'),
(609, '2021-08-31', '31', '08', '2021', '310821', '2021-01-10 07:48:00', '2021-01-10 07:48:00'),
(610, '2021-09-01', '01', '09', '2021', '010921', '2021-01-10 07:48:00', '2021-01-10 07:48:00'),
(611, '2021-09-02', '02', '09', '2021', '020921', '2021-01-10 07:48:01', '2021-01-10 07:48:01'),
(612, '2021-09-03', '03', '09', '2021', '030921', '2021-01-10 07:48:01', '2021-01-10 07:48:01'),
(613, '2021-09-04', '04', '09', '2021', '040921', '2021-01-10 07:48:01', '2021-01-10 07:48:01'),
(614, '2021-09-05', '05', '09', '2021', '050921', '2021-01-10 07:48:01', '2021-01-10 07:48:01'),
(615, '2021-09-06', '06', '09', '2021', '060921', '2021-01-10 07:48:01', '2021-01-10 07:48:01'),
(616, '2021-09-07', '07', '09', '2021', '070921', '2021-01-10 07:48:01', '2021-01-10 07:48:01'),
(617, '2021-09-08', '08', '09', '2021', '080921', '2021-01-10 07:48:01', '2021-01-10 07:48:01'),
(618, '2021-09-09', '09', '09', '2021', '090921', '2021-01-10 07:48:01', '2021-01-10 07:48:01'),
(619, '2021-09-10', '10', '09', '2021', '100921', '2021-01-10 07:48:01', '2021-01-10 07:48:01'),
(620, '2021-09-11', '11', '09', '2021', '110921', '2021-01-10 07:48:01', '2021-01-10 07:48:01'),
(621, '2021-09-12', '12', '09', '2021', '120921', '2021-01-10 07:48:01', '2021-01-10 07:48:01'),
(622, '2021-09-13', '13', '09', '2021', '130921', '2021-01-10 07:48:01', '2021-01-10 07:48:01'),
(623, '2021-09-14', '14', '09', '2021', '140921', '2021-01-10 07:48:01', '2021-01-10 07:48:01'),
(624, '2021-09-15', '15', '09', '2021', '150921', '2021-01-10 07:48:01', '2021-01-10 07:48:01'),
(625, '2021-09-16', '16', '09', '2021', '160921', '2021-01-10 07:48:01', '2021-01-10 07:48:01'),
(626, '2021-09-17', '17', '09', '2021', '170921', '2021-01-10 07:48:01', '2021-01-10 07:48:01'),
(627, '2021-09-18', '18', '09', '2021', '180921', '2021-01-10 07:48:01', '2021-01-10 07:48:01'),
(628, '2021-09-19', '19', '09', '2021', '190921', '2021-01-10 07:48:01', '2021-01-10 07:48:01'),
(629, '2021-09-20', '20', '09', '2021', '200921', '2021-01-10 07:48:01', '2021-01-10 07:48:01'),
(630, '2021-09-21', '21', '09', '2021', '210921', '2021-01-10 07:48:01', '2021-01-10 07:48:01'),
(631, '2021-09-22', '22', '09', '2021', '220921', '2021-01-10 07:48:01', '2021-01-10 07:48:01'),
(632, '2021-09-23', '23', '09', '2021', '230921', '2021-01-10 07:48:01', '2021-01-10 07:48:01'),
(633, '2021-09-24', '24', '09', '2021', '240921', '2021-01-10 07:48:01', '2021-01-10 07:48:01'),
(634, '2021-09-25', '25', '09', '2021', '250921', '2021-01-10 07:48:01', '2021-01-10 07:48:01'),
(635, '2021-09-26', '26', '09', '2021', '260921', '2021-01-10 07:48:01', '2021-01-10 07:48:01'),
(636, '2021-09-27', '27', '09', '2021', '270921', '2021-01-10 07:48:01', '2021-01-10 07:48:01'),
(637, '2021-09-28', '28', '09', '2021', '280921', '2021-01-10 07:48:01', '2021-01-10 07:48:01'),
(638, '2021-09-29', '29', '09', '2021', '290921', '2021-01-10 07:48:01', '2021-01-10 07:48:01'),
(639, '2021-09-30', '30', '09', '2021', '300921', '2021-01-10 07:48:01', '2021-01-10 07:48:01'),
(640, '2021-10-01', '01', '10', '2021', '011021', '2021-01-10 07:48:01', '2021-01-10 07:48:01'),
(641, '2021-10-02', '02', '10', '2021', '021021', '2021-01-10 07:48:01', '2021-01-10 07:48:01'),
(642, '2021-10-03', '03', '10', '2021', '031021', '2021-01-10 07:48:01', '2021-01-10 07:48:01'),
(643, '2021-10-04', '04', '10', '2021', '041021', '2021-01-10 07:48:01', '2021-01-10 07:48:01'),
(644, '2021-10-05', '05', '10', '2021', '051021', '2021-01-10 07:48:01', '2021-01-10 07:48:01'),
(645, '2021-10-06', '06', '10', '2021', '061021', '2021-01-10 07:48:01', '2021-01-10 07:48:01'),
(646, '2021-10-07', '07', '10', '2021', '071021', '2021-01-10 07:48:02', '2021-01-10 07:48:02'),
(647, '2021-10-08', '08', '10', '2021', '081021', '2021-01-10 07:48:02', '2021-01-10 07:48:02'),
(648, '2021-10-09', '09', '10', '2021', '091021', '2021-01-10 07:48:02', '2021-01-10 07:48:02'),
(649, '2021-10-10', '10', '10', '2021', '101021', '2021-01-10 07:48:02', '2021-01-10 07:48:02'),
(650, '2021-10-11', '11', '10', '2021', '111021', '2021-01-10 07:48:02', '2021-01-10 07:48:02'),
(651, '2021-10-12', '12', '10', '2021', '121021', '2021-01-10 07:48:02', '2021-01-10 07:48:02'),
(652, '2021-10-13', '13', '10', '2021', '131021', '2021-01-10 07:48:02', '2021-01-10 07:48:02'),
(653, '2021-10-14', '14', '10', '2021', '141021', '2021-01-10 07:48:02', '2021-01-10 07:48:02'),
(654, '2021-10-15', '15', '10', '2021', '151021', '2021-01-10 07:48:02', '2021-01-10 07:48:02'),
(655, '2021-10-16', '16', '10', '2021', '161021', '2021-01-10 07:48:02', '2021-01-10 07:48:02'),
(656, '2021-10-17', '17', '10', '2021', '171021', '2021-01-10 07:48:02', '2021-01-10 07:48:02'),
(657, '2021-10-18', '18', '10', '2021', '181021', '2021-01-10 07:48:02', '2021-01-10 07:48:02'),
(658, '2021-10-19', '19', '10', '2021', '191021', '2021-01-10 07:48:02', '2021-01-10 07:48:02'),
(659, '2021-10-20', '20', '10', '2021', '201021', '2021-01-10 07:48:02', '2021-01-10 07:48:02'),
(660, '2021-10-21', '21', '10', '2021', '211021', '2021-01-10 07:48:02', '2021-01-10 07:48:02'),
(661, '2021-10-22', '22', '10', '2021', '221021', '2021-01-10 07:48:02', '2021-01-10 07:48:02'),
(662, '2021-10-23', '23', '10', '2021', '231021', '2021-01-10 07:48:02', '2021-01-10 07:48:02'),
(663, '2021-10-24', '24', '10', '2021', '241021', '2021-01-10 07:48:02', '2021-01-10 07:48:02'),
(664, '2021-10-25', '25', '10', '2021', '251021', '2021-01-10 07:48:02', '2021-01-10 07:48:02'),
(665, '2021-10-26', '26', '10', '2021', '261021', '2021-01-10 07:48:02', '2021-01-10 07:48:02'),
(666, '2021-10-27', '27', '10', '2021', '271021', '2021-01-10 07:48:02', '2021-01-10 07:48:02'),
(667, '2021-10-28', '28', '10', '2021', '281021', '2021-01-10 07:48:02', '2021-01-10 07:48:02'),
(668, '2021-10-29', '29', '10', '2021', '291021', '2021-01-10 07:48:02', '2021-01-10 07:48:02'),
(669, '2021-10-30', '30', '10', '2021', '301021', '2021-01-10 07:48:02', '2021-01-10 07:48:02'),
(670, '2021-10-31', '31', '10', '2021', '311021', '2021-01-10 07:48:02', '2021-01-10 07:48:02'),
(671, '2021-11-01', '01', '11', '2021', '011121', '2021-01-10 07:48:02', '2021-01-10 07:48:02'),
(672, '2021-11-02', '02', '11', '2021', '021121', '2021-01-10 07:48:02', '2021-01-10 07:48:02'),
(673, '2021-11-03', '03', '11', '2021', '031121', '2021-01-10 07:48:02', '2021-01-10 07:48:02'),
(674, '2021-11-04', '04', '11', '2021', '041121', '2021-01-10 07:48:02', '2021-01-10 07:48:02'),
(675, '2021-11-05', '05', '11', '2021', '051121', '2021-01-10 07:48:02', '2021-01-10 07:48:02'),
(676, '2021-11-06', '06', '11', '2021', '061121', '2021-01-10 07:48:02', '2021-01-10 07:48:02'),
(677, '2021-11-07', '07', '11', '2021', '071121', '2021-01-10 07:48:02', '2021-01-10 07:48:02'),
(678, '2021-11-08', '08', '11', '2021', '081121', '2021-01-10 07:48:02', '2021-01-10 07:48:02'),
(679, '2021-11-09', '09', '11', '2021', '091121', '2021-01-10 07:48:03', '2021-01-10 07:48:03'),
(680, '2021-11-10', '10', '11', '2021', '101121', '2021-01-10 07:48:03', '2021-01-10 07:48:03'),
(681, '2021-11-11', '11', '11', '2021', '111121', '2021-01-10 07:48:03', '2021-01-10 07:48:03'),
(682, '2021-11-12', '12', '11', '2021', '121121', '2021-01-10 07:48:03', '2021-01-10 07:48:03'),
(683, '2021-11-13', '13', '11', '2021', '131121', '2021-01-10 07:48:03', '2021-01-10 07:48:03'),
(684, '2021-11-14', '14', '11', '2021', '141121', '2021-01-10 07:48:03', '2021-01-10 07:48:03'),
(685, '2021-11-15', '15', '11', '2021', '151121', '2021-01-10 07:48:03', '2021-01-10 07:48:03'),
(686, '2021-11-16', '16', '11', '2021', '161121', '2021-01-10 07:48:03', '2021-01-10 07:48:03'),
(687, '2021-11-17', '17', '11', '2021', '171121', '2021-01-10 07:48:03', '2021-01-10 07:48:03'),
(688, '2021-11-18', '18', '11', '2021', '181121', '2021-01-10 07:48:03', '2021-01-10 07:48:03'),
(689, '2021-11-19', '19', '11', '2021', '191121', '2021-01-10 07:48:03', '2021-01-10 07:48:03'),
(690, '2021-11-20', '20', '11', '2021', '201121', '2021-01-10 07:48:03', '2021-01-10 07:48:03'),
(691, '2021-11-21', '21', '11', '2021', '211121', '2021-01-10 07:48:03', '2021-01-10 07:48:03'),
(692, '2021-11-22', '22', '11', '2021', '221121', '2021-01-10 07:48:03', '2021-01-10 07:48:03'),
(693, '2021-11-23', '23', '11', '2021', '231121', '2021-01-10 07:48:03', '2021-01-10 07:48:03'),
(694, '2021-11-24', '24', '11', '2021', '241121', '2021-01-10 07:48:03', '2021-01-10 07:48:03'),
(695, '2021-11-25', '25', '11', '2021', '251121', '2021-01-10 07:48:03', '2021-01-10 07:48:03'),
(696, '2021-11-26', '26', '11', '2021', '261121', '2021-01-10 07:48:03', '2021-01-10 07:48:03'),
(697, '2021-11-27', '27', '11', '2021', '271121', '2021-01-10 07:48:03', '2021-01-10 07:48:03'),
(698, '2021-11-28', '28', '11', '2021', '281121', '2021-01-10 07:48:03', '2021-01-10 07:48:03'),
(699, '2021-11-29', '29', '11', '2021', '291121', '2021-01-10 07:48:03', '2021-01-10 07:48:03'),
(700, '2021-11-30', '30', '11', '2021', '301121', '2021-01-10 07:48:04', '2021-01-10 07:48:04'),
(701, '2021-12-01', '01', '12', '2021', '011221', '2021-01-10 07:48:04', '2021-01-10 07:48:04'),
(702, '2021-12-02', '02', '12', '2021', '021221', '2021-01-10 07:48:04', '2021-01-10 07:48:04'),
(703, '2021-12-03', '03', '12', '2021', '031221', '2021-01-10 07:48:04', '2021-01-10 07:48:04'),
(704, '2021-12-04', '04', '12', '2021', '041221', '2021-01-10 07:48:04', '2021-01-10 07:48:04'),
(705, '2021-12-05', '05', '12', '2021', '051221', '2021-01-10 07:48:04', '2021-01-10 07:48:04'),
(706, '2021-12-06', '06', '12', '2021', '061221', '2021-01-10 07:48:04', '2021-01-10 07:48:04'),
(707, '2021-12-07', '07', '12', '2021', '071221', '2021-01-10 07:48:04', '2021-01-10 07:48:04'),
(708, '2021-12-08', '08', '12', '2021', '081221', '2021-01-10 07:48:04', '2021-01-10 07:48:04'),
(709, '2021-12-09', '09', '12', '2021', '091221', '2021-01-10 07:48:04', '2021-01-10 07:48:04'),
(710, '2021-12-10', '10', '12', '2021', '101221', '2021-01-10 07:48:04', '2021-01-10 07:48:04'),
(711, '2021-12-11', '11', '12', '2021', '111221', '2021-01-10 07:48:04', '2021-01-10 07:48:04'),
(712, '2021-12-12', '12', '12', '2021', '121221', '2021-01-10 07:48:04', '2021-01-10 07:48:04'),
(713, '2021-12-13', '13', '12', '2021', '131221', '2021-01-10 07:48:04', '2021-01-10 07:48:04'),
(714, '2021-12-14', '14', '12', '2021', '141221', '2021-01-10 07:48:04', '2021-01-10 07:48:04'),
(715, '2021-12-15', '15', '12', '2021', '151221', '2021-01-10 07:48:04', '2021-01-10 07:48:04'),
(716, '2021-12-16', '16', '12', '2021', '161221', '2021-01-10 07:48:04', '2021-01-10 07:48:04'),
(717, '2021-12-17', '17', '12', '2021', '171221', '2021-01-10 07:48:05', '2021-01-10 07:48:05'),
(718, '2021-12-18', '18', '12', '2021', '181221', '2021-01-10 07:48:05', '2021-01-10 07:48:05'),
(719, '2021-12-19', '19', '12', '2021', '191221', '2021-01-10 07:48:05', '2021-01-10 07:48:05'),
(720, '2021-12-20', '20', '12', '2021', '201221', '2021-01-10 07:48:05', '2021-01-10 07:48:05'),
(721, '2021-12-21', '21', '12', '2021', '211221', '2021-01-10 07:48:05', '2021-01-10 07:48:05'),
(722, '2021-12-22', '22', '12', '2021', '221221', '2021-01-10 07:48:05', '2021-01-10 07:48:05'),
(723, '2021-12-23', '23', '12', '2021', '231221', '2021-01-10 07:48:05', '2021-01-10 07:48:05'),
(724, '2021-12-24', '24', '12', '2021', '241221', '2021-01-10 07:48:05', '2021-01-10 07:48:05'),
(725, '2021-12-25', '25', '12', '2021', '251221', '2021-01-10 07:48:05', '2021-01-10 07:48:05'),
(726, '2021-12-26', '26', '12', '2021', '261221', '2021-01-10 07:48:05', '2021-01-10 07:48:05'),
(727, '2021-12-27', '27', '12', '2021', '271221', '2021-01-10 07:48:05', '2021-01-10 07:48:05'),
(728, '2021-12-28', '28', '12', '2021', '281221', '2021-01-10 07:48:05', '2021-01-10 07:48:05'),
(729, '2021-12-29', '29', '12', '2021', '291221', '2021-01-10 07:48:05', '2021-01-10 07:48:05'),
(730, '2021-12-30', '30', '12', '2021', '301221', '2021-01-10 07:48:05', '2021-01-10 07:48:05'),
(731, '2021-12-31', '31', '12', '2021', '311221', '2021-01-10 07:48:05', '2021-01-10 07:48:05'),
(732, '2022-01-01', '01', '01', '2022', '010122', '2021-01-10 07:48:56', '2021-01-10 07:48:56'),
(733, '2022-01-02', '02', '01', '2022', '020122', '2021-01-10 07:48:56', '2021-01-10 07:48:56'),
(734, '2022-01-03', '03', '01', '2022', '030122', '2021-01-10 07:48:56', '2021-01-10 07:48:56'),
(735, '2022-01-04', '04', '01', '2022', '040122', '2021-01-10 07:48:56', '2021-01-10 07:48:56'),
(736, '2022-01-05', '05', '01', '2022', '050122', '2021-01-10 07:48:56', '2021-01-10 07:48:56'),
(737, '2022-01-06', '06', '01', '2022', '060122', '2021-01-10 07:48:56', '2021-01-10 07:48:56'),
(738, '2022-01-07', '07', '01', '2022', '070122', '2021-01-10 07:48:56', '2021-01-10 07:48:56'),
(739, '2022-01-08', '08', '01', '2022', '080122', '2021-01-10 07:48:56', '2021-01-10 07:48:56'),
(740, '2022-01-09', '09', '01', '2022', '090122', '2021-01-10 07:48:56', '2021-01-10 07:48:56'),
(741, '2022-01-10', '10', '01', '2022', '100122', '2021-01-10 07:48:56', '2021-01-10 07:48:56'),
(742, '2022-01-11', '11', '01', '2022', '110122', '2021-01-10 07:48:57', '2021-01-10 07:48:57'),
(743, '2022-01-12', '12', '01', '2022', '120122', '2021-01-10 07:48:57', '2021-01-10 07:48:57'),
(744, '2022-01-13', '13', '01', '2022', '130122', '2021-01-10 07:48:57', '2021-01-10 07:48:57'),
(745, '2022-01-14', '14', '01', '2022', '140122', '2021-01-10 07:48:57', '2021-01-10 07:48:57'),
(746, '2022-01-15', '15', '01', '2022', '150122', '2021-01-10 07:48:57', '2021-01-10 07:48:57'),
(747, '2022-01-16', '16', '01', '2022', '160122', '2021-01-10 07:48:57', '2021-01-10 07:48:57'),
(748, '2022-01-17', '17', '01', '2022', '170122', '2021-01-10 07:48:57', '2021-01-10 07:48:57'),
(749, '2022-01-18', '18', '01', '2022', '180122', '2021-01-10 07:48:57', '2021-01-10 07:48:57'),
(750, '2022-01-19', '19', '01', '2022', '190122', '2021-01-10 07:48:57', '2021-01-10 07:48:57'),
(751, '2022-01-20', '20', '01', '2022', '200122', '2021-01-10 07:48:57', '2021-01-10 07:48:57'),
(752, '2022-01-21', '21', '01', '2022', '210122', '2021-01-10 07:48:57', '2021-01-10 07:48:57'),
(753, '2022-01-22', '22', '01', '2022', '220122', '2021-01-10 07:48:57', '2021-01-10 07:48:57'),
(754, '2022-01-23', '23', '01', '2022', '230122', '2021-01-10 07:48:57', '2021-01-10 07:48:57'),
(755, '2022-01-24', '24', '01', '2022', '240122', '2021-01-10 07:48:57', '2021-01-10 07:48:57'),
(756, '2022-01-25', '25', '01', '2022', '250122', '2021-01-10 07:48:57', '2021-01-10 07:48:57'),
(757, '2022-01-26', '26', '01', '2022', '260122', '2021-01-10 07:48:57', '2021-01-10 07:48:57'),
(758, '2022-01-27', '27', '01', '2022', '270122', '2021-01-10 07:48:57', '2021-01-10 07:48:57'),
(759, '2022-01-28', '28', '01', '2022', '280122', '2021-01-10 07:48:57', '2021-01-10 07:48:57'),
(760, '2022-01-29', '29', '01', '2022', '290122', '2021-01-10 07:48:57', '2021-01-10 07:48:57'),
(761, '2022-01-30', '30', '01', '2022', '300122', '2021-01-10 07:48:57', '2021-01-10 07:48:57'),
(762, '2022-01-31', '31', '01', '2022', '310122', '2021-01-10 07:48:57', '2021-01-10 07:48:57'),
(763, '2022-02-01', '01', '02', '2022', '010222', '2021-01-10 07:48:58', '2021-01-10 07:48:58'),
(764, '2022-02-02', '02', '02', '2022', '020222', '2021-01-10 07:48:58', '2021-01-10 07:48:58'),
(765, '2022-02-03', '03', '02', '2022', '030222', '2021-01-10 07:48:58', '2021-01-10 07:48:58'),
(766, '2022-02-04', '04', '02', '2022', '040222', '2021-01-10 07:48:58', '2021-01-10 07:48:58'),
(767, '2022-02-05', '05', '02', '2022', '050222', '2021-01-10 07:48:58', '2021-01-10 07:48:58'),
(768, '2022-02-06', '06', '02', '2022', '060222', '2021-01-10 07:48:58', '2021-01-10 07:48:58'),
(769, '2022-02-07', '07', '02', '2022', '070222', '2021-01-10 07:48:58', '2021-01-10 07:48:58'),
(770, '2022-02-08', '08', '02', '2022', '080222', '2021-01-10 07:48:58', '2021-01-10 07:48:58'),
(771, '2022-02-09', '09', '02', '2022', '090222', '2021-01-10 07:48:58', '2021-01-10 07:48:58'),
(772, '2022-02-10', '10', '02', '2022', '100222', '2021-01-10 07:48:58', '2021-01-10 07:48:58'),
(773, '2022-02-11', '11', '02', '2022', '110222', '2021-01-10 07:48:58', '2021-01-10 07:48:58'),
(774, '2022-02-12', '12', '02', '2022', '120222', '2021-01-10 07:48:58', '2021-01-10 07:48:58'),
(775, '2022-02-13', '13', '02', '2022', '130222', '2021-01-10 07:48:58', '2021-01-10 07:48:58'),
(776, '2022-02-14', '14', '02', '2022', '140222', '2021-01-10 07:48:58', '2021-01-10 07:48:58'),
(777, '2022-02-15', '15', '02', '2022', '150222', '2021-01-10 07:48:58', '2021-01-10 07:48:58'),
(778, '2022-02-16', '16', '02', '2022', '160222', '2021-01-10 07:48:58', '2021-01-10 07:48:58'),
(779, '2022-02-17', '17', '02', '2022', '170222', '2021-01-10 07:48:58', '2021-01-10 07:48:58'),
(780, '2022-02-18', '18', '02', '2022', '180222', '2021-01-10 07:48:58', '2021-01-10 07:48:58'),
(781, '2022-02-19', '19', '02', '2022', '190222', '2021-01-10 07:48:58', '2021-01-10 07:48:58'),
(782, '2022-02-20', '20', '02', '2022', '200222', '2021-01-10 07:48:58', '2021-01-10 07:48:58'),
(783, '2022-02-21', '21', '02', '2022', '210222', '2021-01-10 07:48:58', '2021-01-10 07:48:58'),
(784, '2022-02-22', '22', '02', '2022', '220222', '2021-01-10 07:48:58', '2021-01-10 07:48:58'),
(785, '2022-02-23', '23', '02', '2022', '230222', '2021-01-10 07:48:58', '2021-01-10 07:48:58'),
(786, '2022-02-24', '24', '02', '2022', '240222', '2021-01-10 07:48:58', '2021-01-10 07:48:58'),
(787, '2022-02-25', '25', '02', '2022', '250222', '2021-01-10 07:48:58', '2021-01-10 07:48:58'),
(788, '2022-02-26', '26', '02', '2022', '260222', '2021-01-10 07:48:58', '2021-01-10 07:48:58'),
(789, '2022-02-27', '27', '02', '2022', '270222', '2021-01-10 07:48:58', '2021-01-10 07:48:58'),
(790, '2022-02-28', '28', '02', '2022', '280222', '2021-01-10 07:48:58', '2021-01-10 07:48:58'),
(791, '2022-03-01', '01', '03', '2022', '010322', '2021-01-10 07:48:59', '2021-01-10 07:48:59'),
(792, '2022-03-02', '02', '03', '2022', '020322', '2021-01-10 07:48:59', '2021-01-10 07:48:59'),
(793, '2022-03-03', '03', '03', '2022', '030322', '2021-01-10 07:48:59', '2021-01-10 07:48:59'),
(794, '2022-03-04', '04', '03', '2022', '040322', '2021-01-10 07:48:59', '2021-01-10 07:48:59'),
(795, '2022-03-05', '05', '03', '2022', '050322', '2021-01-10 07:48:59', '2021-01-10 07:48:59'),
(796, '2022-03-06', '06', '03', '2022', '060322', '2021-01-10 07:48:59', '2021-01-10 07:48:59'),
(797, '2022-03-07', '07', '03', '2022', '070322', '2021-01-10 07:48:59', '2021-01-10 07:48:59'),
(798, '2022-03-08', '08', '03', '2022', '080322', '2021-01-10 07:48:59', '2021-01-10 07:48:59'),
(799, '2022-03-09', '09', '03', '2022', '090322', '2021-01-10 07:48:59', '2021-01-10 07:48:59'),
(800, '2022-03-10', '10', '03', '2022', '100322', '2021-01-10 07:48:59', '2021-01-10 07:48:59'),
(801, '2022-03-11', '11', '03', '2022', '110322', '2021-01-10 07:48:59', '2021-01-10 07:48:59'),
(802, '2022-03-12', '12', '03', '2022', '120322', '2021-01-10 07:48:59', '2021-01-10 07:48:59'),
(803, '2022-03-13', '13', '03', '2022', '130322', '2021-01-10 07:48:59', '2021-01-10 07:48:59'),
(804, '2022-03-14', '14', '03', '2022', '140322', '2021-01-10 07:48:59', '2021-01-10 07:48:59'),
(805, '2022-03-15', '15', '03', '2022', '150322', '2021-01-10 07:48:59', '2021-01-10 07:48:59'),
(806, '2022-03-16', '16', '03', '2022', '160322', '2021-01-10 07:48:59', '2021-01-10 07:48:59'),
(807, '2022-03-17', '17', '03', '2022', '170322', '2021-01-10 07:48:59', '2021-01-10 07:48:59'),
(808, '2022-03-18', '18', '03', '2022', '180322', '2021-01-10 07:48:59', '2021-01-10 07:48:59'),
(809, '2022-03-19', '19', '03', '2022', '190322', '2021-01-10 07:48:59', '2021-01-10 07:48:59'),
(810, '2022-03-20', '20', '03', '2022', '200322', '2021-01-10 07:49:00', '2021-01-10 07:49:00'),
(811, '2022-03-21', '21', '03', '2022', '210322', '2021-01-10 07:49:00', '2021-01-10 07:49:00'),
(812, '2022-03-22', '22', '03', '2022', '220322', '2021-01-10 07:49:00', '2021-01-10 07:49:00'),
(813, '2022-03-23', '23', '03', '2022', '230322', '2021-01-10 07:49:00', '2021-01-10 07:49:00'),
(814, '2022-03-24', '24', '03', '2022', '240322', '2021-01-10 07:49:00', '2021-01-10 07:49:00'),
(815, '2022-03-25', '25', '03', '2022', '250322', '2021-01-10 07:49:00', '2021-01-10 07:49:00'),
(816, '2022-03-26', '26', '03', '2022', '260322', '2021-01-10 07:49:00', '2021-01-10 07:49:00'),
(817, '2022-03-27', '27', '03', '2022', '270322', '2021-01-10 07:49:00', '2021-01-10 07:49:00'),
(818, '2022-03-28', '28', '03', '2022', '280322', '2021-01-10 07:49:00', '2021-01-10 07:49:00'),
(819, '2022-03-29', '29', '03', '2022', '290322', '2021-01-10 07:49:00', '2021-01-10 07:49:00'),
(820, '2022-03-30', '30', '03', '2022', '300322', '2021-01-10 07:49:00', '2021-01-10 07:49:00'),
(821, '2022-03-31', '31', '03', '2022', '310322', '2021-01-10 07:49:00', '2021-01-10 07:49:00'),
(822, '2022-04-01', '01', '04', '2022', '010422', '2021-01-10 07:49:00', '2021-01-10 07:49:00'),
(823, '2022-04-02', '02', '04', '2022', '020422', '2021-01-10 07:49:00', '2021-01-10 07:49:00'),
(824, '2022-04-03', '03', '04', '2022', '030422', '2021-01-10 07:49:00', '2021-01-10 07:49:00'),
(825, '2022-04-04', '04', '04', '2022', '040422', '2021-01-10 07:49:00', '2021-01-10 07:49:00'),
(826, '2022-04-05', '05', '04', '2022', '050422', '2021-01-10 07:49:00', '2021-01-10 07:49:00'),
(827, '2022-04-06', '06', '04', '2022', '060422', '2021-01-10 07:49:00', '2021-01-10 07:49:00'),
(828, '2022-04-07', '07', '04', '2022', '070422', '2021-01-10 07:49:00', '2021-01-10 07:49:00'),
(829, '2022-04-08', '08', '04', '2022', '080422', '2021-01-10 07:49:00', '2021-01-10 07:49:00'),
(830, '2022-04-09', '09', '04', '2022', '090422', '2021-01-10 07:49:00', '2021-01-10 07:49:00'),
(831, '2022-04-10', '10', '04', '2022', '100422', '2021-01-10 07:49:00', '2021-01-10 07:49:00'),
(832, '2022-04-11', '11', '04', '2022', '110422', '2021-01-10 07:49:00', '2021-01-10 07:49:00'),
(833, '2022-04-12', '12', '04', '2022', '120422', '2021-01-10 07:49:00', '2021-01-10 07:49:00'),
(834, '2022-04-13', '13', '04', '2022', '130422', '2021-01-10 07:49:00', '2021-01-10 07:49:00'),
(835, '2022-04-14', '14', '04', '2022', '140422', '2021-01-10 07:49:00', '2021-01-10 07:49:00'),
(836, '2022-04-15', '15', '04', '2022', '150422', '2021-01-10 07:49:00', '2021-01-10 07:49:00'),
(837, '2022-04-16', '16', '04', '2022', '160422', '2021-01-10 07:49:00', '2021-01-10 07:49:00'),
(838, '2022-04-17', '17', '04', '2022', '170422', '2021-01-10 07:49:00', '2021-01-10 07:49:00'),
(839, '2022-04-18', '18', '04', '2022', '180422', '2021-01-10 07:49:00', '2021-01-10 07:49:00'),
(840, '2022-04-19', '19', '04', '2022', '190422', '2021-01-10 07:49:00', '2021-01-10 07:49:00'),
(841, '2022-04-20', '20', '04', '2022', '200422', '2021-01-10 07:49:00', '2021-01-10 07:49:00'),
(842, '2022-04-21', '21', '04', '2022', '210422', '2021-01-10 07:49:00', '2021-01-10 07:49:00'),
(843, '2022-04-22', '22', '04', '2022', '220422', '2021-01-10 07:49:00', '2021-01-10 07:49:00'),
(844, '2022-04-23', '23', '04', '2022', '230422', '2021-01-10 07:49:00', '2021-01-10 07:49:00'),
(845, '2022-04-24', '24', '04', '2022', '240422', '2021-01-10 07:49:00', '2021-01-10 07:49:00'),
(846, '2022-04-25', '25', '04', '2022', '250422', '2021-01-10 07:49:01', '2021-01-10 07:49:01'),
(847, '2022-04-26', '26', '04', '2022', '260422', '2021-01-10 07:49:01', '2021-01-10 07:49:01'),
(848, '2022-04-27', '27', '04', '2022', '270422', '2021-01-10 07:49:01', '2021-01-10 07:49:01'),
(849, '2022-04-28', '28', '04', '2022', '280422', '2021-01-10 07:49:01', '2021-01-10 07:49:01'),
(850, '2022-04-29', '29', '04', '2022', '290422', '2021-01-10 07:49:01', '2021-01-10 07:49:01'),
(851, '2022-04-30', '30', '04', '2022', '300422', '2021-01-10 07:49:01', '2021-01-10 07:49:01'),
(852, '2022-05-01', '01', '05', '2022', '010522', '2021-01-10 07:49:01', '2021-01-10 07:49:01'),
(853, '2022-05-02', '02', '05', '2022', '020522', '2021-01-10 07:49:01', '2021-01-10 07:49:01'),
(854, '2022-05-03', '03', '05', '2022', '030522', '2021-01-10 07:49:01', '2021-01-10 07:49:01'),
(855, '2022-05-04', '04', '05', '2022', '040522', '2021-01-10 07:49:01', '2021-01-10 07:49:01'),
(856, '2022-05-05', '05', '05', '2022', '050522', '2021-01-10 07:49:01', '2021-01-10 07:49:01'),
(857, '2022-05-06', '06', '05', '2022', '060522', '2021-01-10 07:49:01', '2021-01-10 07:49:01'),
(858, '2022-05-07', '07', '05', '2022', '070522', '2021-01-10 07:49:01', '2021-01-10 07:49:01'),
(859, '2022-05-08', '08', '05', '2022', '080522', '2021-01-10 07:49:01', '2021-01-10 07:49:01'),
(860, '2022-05-09', '09', '05', '2022', '090522', '2021-01-10 07:49:01', '2021-01-10 07:49:01'),
(861, '2022-05-10', '10', '05', '2022', '100522', '2021-01-10 07:49:01', '2021-01-10 07:49:01'),
(862, '2022-05-11', '11', '05', '2022', '110522', '2021-01-10 07:49:01', '2021-01-10 07:49:01'),
(863, '2022-05-12', '12', '05', '2022', '120522', '2021-01-10 07:49:01', '2021-01-10 07:49:01'),
(864, '2022-05-13', '13', '05', '2022', '130522', '2021-01-10 07:49:01', '2021-01-10 07:49:01'),
(865, '2022-05-14', '14', '05', '2022', '140522', '2021-01-10 07:49:01', '2021-01-10 07:49:01'),
(866, '2022-05-15', '15', '05', '2022', '150522', '2021-01-10 07:49:01', '2021-01-10 07:49:01'),
(867, '2022-05-16', '16', '05', '2022', '160522', '2021-01-10 07:49:01', '2021-01-10 07:49:01'),
(868, '2022-05-17', '17', '05', '2022', '170522', '2021-01-10 07:49:01', '2021-01-10 07:49:01'),
(869, '2022-05-18', '18', '05', '2022', '180522', '2021-01-10 07:49:02', '2021-01-10 07:49:02'),
(870, '2022-05-19', '19', '05', '2022', '190522', '2021-01-10 07:49:02', '2021-01-10 07:49:02'),
(871, '2022-05-20', '20', '05', '2022', '200522', '2021-01-10 07:49:02', '2021-01-10 07:49:02'),
(872, '2022-05-21', '21', '05', '2022', '210522', '2021-01-10 07:49:02', '2021-01-10 07:49:02'),
(873, '2022-05-22', '22', '05', '2022', '220522', '2021-01-10 07:49:02', '2021-01-10 07:49:02'),
(874, '2022-05-23', '23', '05', '2022', '230522', '2021-01-10 07:49:02', '2021-01-10 07:49:02'),
(875, '2022-05-24', '24', '05', '2022', '240522', '2021-01-10 07:49:02', '2021-01-10 07:49:02'),
(876, '2022-05-25', '25', '05', '2022', '250522', '2021-01-10 07:49:02', '2021-01-10 07:49:02'),
(877, '2022-05-26', '26', '05', '2022', '260522', '2021-01-10 07:49:02', '2021-01-10 07:49:02'),
(878, '2022-05-27', '27', '05', '2022', '270522', '2021-01-10 07:49:02', '2021-01-10 07:49:02'),
(879, '2022-05-28', '28', '05', '2022', '280522', '2021-01-10 07:49:02', '2021-01-10 07:49:02'),
(880, '2022-05-29', '29', '05', '2022', '290522', '2021-01-10 07:49:02', '2021-01-10 07:49:02'),
(881, '2022-05-30', '30', '05', '2022', '300522', '2021-01-10 07:49:02', '2021-01-10 07:49:02'),
(882, '2022-05-31', '31', '05', '2022', '310522', '2021-01-10 07:49:02', '2021-01-10 07:49:02'),
(883, '2022-06-01', '01', '06', '2022', '010622', '2021-01-10 07:49:02', '2021-01-10 07:49:02'),
(884, '2022-06-02', '02', '06', '2022', '020622', '2021-01-10 07:49:02', '2021-01-10 07:49:02'),
(885, '2022-06-03', '03', '06', '2022', '030622', '2021-01-10 07:49:02', '2021-01-10 07:49:02'),
(886, '2022-06-04', '04', '06', '2022', '040622', '2021-01-10 07:49:02', '2021-01-10 07:49:02'),
(887, '2022-06-05', '05', '06', '2022', '050622', '2021-01-10 07:49:02', '2021-01-10 07:49:02'),
(888, '2022-06-06', '06', '06', '2022', '060622', '2021-01-10 07:49:02', '2021-01-10 07:49:02'),
(889, '2022-06-07', '07', '06', '2022', '070622', '2021-01-10 07:49:02', '2021-01-10 07:49:02'),
(890, '2022-06-08', '08', '06', '2022', '080622', '2021-01-10 07:49:02', '2021-01-10 07:49:02'),
(891, '2022-06-09', '09', '06', '2022', '090622', '2021-01-10 07:49:02', '2021-01-10 07:49:02'),
(892, '2022-06-10', '10', '06', '2022', '100622', '2021-01-10 07:49:02', '2021-01-10 07:49:02'),
(893, '2022-06-11', '11', '06', '2022', '110622', '2021-01-10 07:49:02', '2021-01-10 07:49:02'),
(894, '2022-06-12', '12', '06', '2022', '120622', '2021-01-10 07:49:02', '2021-01-10 07:49:02'),
(895, '2022-06-13', '13', '06', '2022', '130622', '2021-01-10 07:49:02', '2021-01-10 07:49:02'),
(896, '2022-06-14', '14', '06', '2022', '140622', '2021-01-10 07:49:02', '2021-01-10 07:49:02'),
(897, '2022-06-15', '15', '06', '2022', '150622', '2021-01-10 07:49:02', '2021-01-10 07:49:02'),
(898, '2022-06-16', '16', '06', '2022', '160622', '2021-01-10 07:49:02', '2021-01-10 07:49:02'),
(899, '2022-06-17', '17', '06', '2022', '170622', '2021-01-10 07:49:02', '2021-01-10 07:49:02'),
(900, '2022-06-18', '18', '06', '2022', '180622', '2021-01-10 07:49:02', '2021-01-10 07:49:02'),
(901, '2022-06-19', '19', '06', '2022', '190622', '2021-01-10 07:49:02', '2021-01-10 07:49:02'),
(902, '2022-06-20', '20', '06', '2022', '200622', '2021-01-10 07:49:03', '2021-01-10 07:49:03'),
(903, '2022-06-21', '21', '06', '2022', '210622', '2021-01-10 07:49:03', '2021-01-10 07:49:03'),
(904, '2022-06-22', '22', '06', '2022', '220622', '2021-01-10 07:49:03', '2021-01-10 07:49:03'),
(905, '2022-06-23', '23', '06', '2022', '230622', '2021-01-10 07:49:03', '2021-01-10 07:49:03'),
(906, '2022-06-24', '24', '06', '2022', '240622', '2021-01-10 07:49:03', '2021-01-10 07:49:03'),
(907, '2022-06-25', '25', '06', '2022', '250622', '2021-01-10 07:49:03', '2021-01-10 07:49:03'),
(908, '2022-06-26', '26', '06', '2022', '260622', '2021-01-10 07:49:03', '2021-01-10 07:49:03'),
(909, '2022-06-27', '27', '06', '2022', '270622', '2021-01-10 07:49:03', '2021-01-10 07:49:03'),
(910, '2022-06-28', '28', '06', '2022', '280622', '2021-01-10 07:49:03', '2021-01-10 07:49:03'),
(911, '2022-06-29', '29', '06', '2022', '290622', '2021-01-10 07:49:03', '2021-01-10 07:49:03'),
(912, '2022-06-30', '30', '06', '2022', '300622', '2021-01-10 07:49:03', '2021-01-10 07:49:03'),
(913, '2022-07-01', '01', '07', '2022', '010722', '2021-01-10 07:49:03', '2021-01-10 07:49:03'),
(914, '2022-07-02', '02', '07', '2022', '020722', '2021-01-10 07:49:03', '2021-01-10 07:49:03'),
(915, '2022-07-03', '03', '07', '2022', '030722', '2021-01-10 07:49:03', '2021-01-10 07:49:03'),
(916, '2022-07-04', '04', '07', '2022', '040722', '2021-01-10 07:49:03', '2021-01-10 07:49:03'),
(917, '2022-07-05', '05', '07', '2022', '050722', '2021-01-10 07:49:03', '2021-01-10 07:49:03'),
(918, '2022-07-06', '06', '07', '2022', '060722', '2021-01-10 07:49:03', '2021-01-10 07:49:03'),
(919, '2022-07-07', '07', '07', '2022', '070722', '2021-01-10 07:49:03', '2021-01-10 07:49:03'),
(920, '2022-07-08', '08', '07', '2022', '080722', '2021-01-10 07:49:03', '2021-01-10 07:49:03'),
(921, '2022-07-09', '09', '07', '2022', '090722', '2021-01-10 07:49:03', '2021-01-10 07:49:03'),
(922, '2022-07-10', '10', '07', '2022', '100722', '2021-01-10 07:49:03', '2021-01-10 07:49:03'),
(923, '2022-07-11', '11', '07', '2022', '110722', '2021-01-10 07:49:03', '2021-01-10 07:49:03'),
(924, '2022-07-12', '12', '07', '2022', '120722', '2021-01-10 07:49:03', '2021-01-10 07:49:03'),
(925, '2022-07-13', '13', '07', '2022', '130722', '2021-01-10 07:49:03', '2021-01-10 07:49:03'),
(926, '2022-07-14', '14', '07', '2022', '140722', '2021-01-10 07:49:03', '2021-01-10 07:49:03'),
(927, '2022-07-15', '15', '07', '2022', '150722', '2021-01-10 07:49:03', '2021-01-10 07:49:03'),
(928, '2022-07-16', '16', '07', '2022', '160722', '2021-01-10 07:49:03', '2021-01-10 07:49:03'),
(929, '2022-07-17', '17', '07', '2022', '170722', '2021-01-10 07:49:03', '2021-01-10 07:49:03'),
(930, '2022-07-18', '18', '07', '2022', '180722', '2021-01-10 07:49:03', '2021-01-10 07:49:03'),
(931, '2022-07-19', '19', '07', '2022', '190722', '2021-01-10 07:49:03', '2021-01-10 07:49:03'),
(932, '2022-07-20', '20', '07', '2022', '200722', '2021-01-10 07:49:03', '2021-01-10 07:49:03'),
(933, '2022-07-21', '21', '07', '2022', '210722', '2021-01-10 07:49:04', '2021-01-10 07:49:04'),
(934, '2022-07-22', '22', '07', '2022', '220722', '2021-01-10 07:49:04', '2021-01-10 07:49:04'),
(935, '2022-07-23', '23', '07', '2022', '230722', '2021-01-10 07:49:04', '2021-01-10 07:49:04'),
(936, '2022-07-24', '24', '07', '2022', '240722', '2021-01-10 07:49:04', '2021-01-10 07:49:04'),
(937, '2022-07-25', '25', '07', '2022', '250722', '2021-01-10 07:49:04', '2021-01-10 07:49:04'),
(938, '2022-07-26', '26', '07', '2022', '260722', '2021-01-10 07:49:04', '2021-01-10 07:49:04'),
(939, '2022-07-27', '27', '07', '2022', '270722', '2021-01-10 07:49:04', '2021-01-10 07:49:04'),
(940, '2022-07-28', '28', '07', '2022', '280722', '2021-01-10 07:49:04', '2021-01-10 07:49:04'),
(941, '2022-07-29', '29', '07', '2022', '290722', '2021-01-10 07:49:04', '2021-01-10 07:49:04'),
(942, '2022-07-30', '30', '07', '2022', '300722', '2021-01-10 07:49:04', '2021-01-10 07:49:04'),
(943, '2022-07-31', '31', '07', '2022', '310722', '2021-01-10 07:49:04', '2021-01-10 07:49:04'),
(944, '2022-08-01', '01', '08', '2022', '010822', '2021-01-10 07:49:04', '2021-01-10 07:49:04'),
(945, '2022-08-02', '02', '08', '2022', '020822', '2021-01-10 07:49:04', '2021-01-10 07:49:04'),
(946, '2022-08-03', '03', '08', '2022', '030822', '2021-01-10 07:49:04', '2021-01-10 07:49:04'),
(947, '2022-08-04', '04', '08', '2022', '040822', '2021-01-10 07:49:04', '2021-01-10 07:49:04'),
(948, '2022-08-05', '05', '08', '2022', '050822', '2021-01-10 07:49:04', '2021-01-10 07:49:04'),
(949, '2022-08-06', '06', '08', '2022', '060822', '2021-01-10 07:49:04', '2021-01-10 07:49:04'),
(950, '2022-08-07', '07', '08', '2022', '070822', '2021-01-10 07:49:05', '2021-01-10 07:49:05'),
(951, '2022-08-08', '08', '08', '2022', '080822', '2021-01-10 07:49:05', '2021-01-10 07:49:05'),
(952, '2022-08-09', '09', '08', '2022', '090822', '2021-01-10 07:49:05', '2021-01-10 07:49:05'),
(953, '2022-08-10', '10', '08', '2022', '100822', '2021-01-10 07:49:05', '2021-01-10 07:49:05'),
(954, '2022-08-11', '11', '08', '2022', '110822', '2021-01-10 07:49:05', '2021-01-10 07:49:05'),
(955, '2022-08-12', '12', '08', '2022', '120822', '2021-01-10 07:49:05', '2021-01-10 07:49:05'),
(956, '2022-08-13', '13', '08', '2022', '130822', '2021-01-10 07:49:05', '2021-01-10 07:49:05'),
(957, '2022-08-14', '14', '08', '2022', '140822', '2021-01-10 07:49:05', '2021-01-10 07:49:05'),
(958, '2022-08-15', '15', '08', '2022', '150822', '2021-01-10 07:49:05', '2021-01-10 07:49:05'),
(959, '2022-08-16', '16', '08', '2022', '160822', '2021-01-10 07:49:05', '2021-01-10 07:49:05'),
(960, '2022-08-17', '17', '08', '2022', '170822', '2021-01-10 07:49:05', '2021-01-10 07:49:05'),
(961, '2022-08-18', '18', '08', '2022', '180822', '2021-01-10 07:49:05', '2021-01-10 07:49:05'),
(962, '2022-08-19', '19', '08', '2022', '190822', '2021-01-10 07:49:05', '2021-01-10 07:49:05'),
(963, '2022-08-20', '20', '08', '2022', '200822', '2021-01-10 07:49:05', '2021-01-10 07:49:05'),
(964, '2022-08-21', '21', '08', '2022', '210822', '2021-01-10 07:49:05', '2021-01-10 07:49:05'),
(965, '2022-08-22', '22', '08', '2022', '220822', '2021-01-10 07:49:05', '2021-01-10 07:49:05'),
(966, '2022-08-23', '23', '08', '2022', '230822', '2021-01-10 07:49:05', '2021-01-10 07:49:05'),
(967, '2022-08-24', '24', '08', '2022', '240822', '2021-01-10 07:49:05', '2021-01-10 07:49:05'),
(968, '2022-08-25', '25', '08', '2022', '250822', '2021-01-10 07:49:05', '2021-01-10 07:49:05'),
(969, '2022-08-26', '26', '08', '2022', '260822', '2021-01-10 07:49:05', '2021-01-10 07:49:05'),
(970, '2022-08-27', '27', '08', '2022', '270822', '2021-01-10 07:49:05', '2021-01-10 07:49:05'),
(971, '2022-08-28', '28', '08', '2022', '280822', '2021-01-10 07:49:05', '2021-01-10 07:49:05'),
(972, '2022-08-29', '29', '08', '2022', '290822', '2021-01-10 07:49:05', '2021-01-10 07:49:05'),
(973, '2022-08-30', '30', '08', '2022', '300822', '2021-01-10 07:49:05', '2021-01-10 07:49:05'),
(974, '2022-08-31', '31', '08', '2022', '310822', '2021-01-10 07:49:05', '2021-01-10 07:49:05'),
(975, '2022-09-01', '01', '09', '2022', '010922', '2021-01-10 07:49:05', '2021-01-10 07:49:05'),
(976, '2022-09-02', '02', '09', '2022', '020922', '2021-01-10 07:49:05', '2021-01-10 07:49:05'),
(977, '2022-09-03', '03', '09', '2022', '030922', '2021-01-10 07:49:06', '2021-01-10 07:49:06'),
(978, '2022-09-04', '04', '09', '2022', '040922', '2021-01-10 07:49:06', '2021-01-10 07:49:06'),
(979, '2022-09-05', '05', '09', '2022', '050922', '2021-01-10 07:49:06', '2021-01-10 07:49:06'),
(980, '2022-09-06', '06', '09', '2022', '060922', '2021-01-10 07:49:06', '2021-01-10 07:49:06'),
(981, '2022-09-07', '07', '09', '2022', '070922', '2021-01-10 07:49:06', '2021-01-10 07:49:06'),
(982, '2022-09-08', '08', '09', '2022', '080922', '2021-01-10 07:49:06', '2021-01-10 07:49:06'),
(983, '2022-09-09', '09', '09', '2022', '090922', '2021-01-10 07:49:06', '2021-01-10 07:49:06'),
(984, '2022-09-10', '10', '09', '2022', '100922', '2021-01-10 07:49:06', '2021-01-10 07:49:06'),
(985, '2022-09-11', '11', '09', '2022', '110922', '2021-01-10 07:49:06', '2021-01-10 07:49:06'),
(986, '2022-09-12', '12', '09', '2022', '120922', '2021-01-10 07:49:06', '2021-01-10 07:49:06'),
(987, '2022-09-13', '13', '09', '2022', '130922', '2021-01-10 07:49:06', '2021-01-10 07:49:06'),
(988, '2022-09-14', '14', '09', '2022', '140922', '2021-01-10 07:49:06', '2021-01-10 07:49:06'),
(989, '2022-09-15', '15', '09', '2022', '150922', '2021-01-10 07:49:06', '2021-01-10 07:49:06'),
(990, '2022-09-16', '16', '09', '2022', '160922', '2021-01-10 07:49:06', '2021-01-10 07:49:06'),
(991, '2022-09-17', '17', '09', '2022', '170922', '2021-01-10 07:49:06', '2021-01-10 07:49:06'),
(992, '2022-09-18', '18', '09', '2022', '180922', '2021-01-10 07:49:06', '2021-01-10 07:49:06'),
(993, '2022-09-19', '19', '09', '2022', '190922', '2021-01-10 07:49:06', '2021-01-10 07:49:06'),
(994, '2022-09-20', '20', '09', '2022', '200922', '2021-01-10 07:49:06', '2021-01-10 07:49:06'),
(995, '2022-09-21', '21', '09', '2022', '210922', '2021-01-10 07:49:06', '2021-01-10 07:49:06'),
(996, '2022-09-22', '22', '09', '2022', '220922', '2021-01-10 07:49:06', '2021-01-10 07:49:06'),
(997, '2022-09-23', '23', '09', '2022', '230922', '2021-01-10 07:49:06', '2021-01-10 07:49:06'),
(998, '2022-09-24', '24', '09', '2022', '240922', '2021-01-10 07:49:06', '2021-01-10 07:49:06'),
(999, '2022-09-25', '25', '09', '2022', '250922', '2021-01-10 07:49:06', '2021-01-10 07:49:06'),
(1000, '2022-09-26', '26', '09', '2022', '260922', '2021-01-10 07:49:06', '2021-01-10 07:49:06'),
(1001, '2022-09-27', '27', '09', '2022', '270922', '2021-01-10 07:49:06', '2021-01-10 07:49:06'),
(1002, '2022-09-28', '28', '09', '2022', '280922', '2021-01-10 07:49:06', '2021-01-10 07:49:06'),
(1003, '2022-09-29', '29', '09', '2022', '290922', '2021-01-10 07:49:06', '2021-01-10 07:49:06'),
(1004, '2022-09-30', '30', '09', '2022', '300922', '2021-01-10 07:49:07', '2021-01-10 07:49:07'),
(1005, '2022-10-01', '01', '10', '2022', '011022', '2021-01-10 07:49:07', '2021-01-10 07:49:07'),
(1006, '2022-10-02', '02', '10', '2022', '021022', '2021-01-10 07:49:07', '2021-01-10 07:49:07'),
(1007, '2022-10-03', '03', '10', '2022', '031022', '2021-01-10 07:49:07', '2021-01-10 07:49:07'),
(1008, '2022-10-04', '04', '10', '2022', '041022', '2021-01-10 07:49:07', '2021-01-10 07:49:07'),
(1009, '2022-10-05', '05', '10', '2022', '051022', '2021-01-10 07:49:07', '2021-01-10 07:49:07'),
(1010, '2022-10-06', '06', '10', '2022', '061022', '2021-01-10 07:49:07', '2021-01-10 07:49:07'),
(1011, '2022-10-07', '07', '10', '2022', '071022', '2021-01-10 07:49:07', '2021-01-10 07:49:07'),
(1012, '2022-10-08', '08', '10', '2022', '081022', '2021-01-10 07:49:07', '2021-01-10 07:49:07'),
(1013, '2022-10-09', '09', '10', '2022', '091022', '2021-01-10 07:49:07', '2021-01-10 07:49:07'),
(1014, '2022-10-10', '10', '10', '2022', '101022', '2021-01-10 07:49:07', '2021-01-10 07:49:07'),
(1015, '2022-10-11', '11', '10', '2022', '111022', '2021-01-10 07:49:07', '2021-01-10 07:49:07'),
(1016, '2022-10-12', '12', '10', '2022', '121022', '2021-01-10 07:49:07', '2021-01-10 07:49:07'),
(1017, '2022-10-13', '13', '10', '2022', '131022', '2021-01-10 07:49:07', '2021-01-10 07:49:07'),
(1018, '2022-10-14', '14', '10', '2022', '141022', '2021-01-10 07:49:07', '2021-01-10 07:49:07'),
(1019, '2022-10-15', '15', '10', '2022', '151022', '2021-01-10 07:49:07', '2021-01-10 07:49:07'),
(1020, '2022-10-16', '16', '10', '2022', '161022', '2021-01-10 07:49:07', '2021-01-10 07:49:07'),
(1021, '2022-10-17', '17', '10', '2022', '171022', '2021-01-10 07:49:07', '2021-01-10 07:49:07'),
(1022, '2022-10-18', '18', '10', '2022', '181022', '2021-01-10 07:49:07', '2021-01-10 07:49:07'),
(1023, '2022-10-19', '19', '10', '2022', '191022', '2021-01-10 07:49:07', '2021-01-10 07:49:07'),
(1024, '2022-10-20', '20', '10', '2022', '201022', '2021-01-10 07:49:07', '2021-01-10 07:49:07'),
(1025, '2022-10-21', '21', '10', '2022', '211022', '2021-01-10 07:49:07', '2021-01-10 07:49:07'),
(1026, '2022-10-22', '22', '10', '2022', '221022', '2021-01-10 07:49:07', '2021-01-10 07:49:07'),
(1027, '2022-10-23', '23', '10', '2022', '231022', '2021-01-10 07:49:07', '2021-01-10 07:49:07'),
(1028, '2022-10-24', '24', '10', '2022', '241022', '2021-01-10 07:49:07', '2021-01-10 07:49:07'),
(1029, '2022-10-25', '25', '10', '2022', '251022', '2021-01-10 07:49:07', '2021-01-10 07:49:07'),
(1030, '2022-10-26', '26', '10', '2022', '261022', '2021-01-10 07:49:07', '2021-01-10 07:49:07'),
(1031, '2022-10-27', '27', '10', '2022', '271022', '2021-01-10 07:49:07', '2021-01-10 07:49:07'),
(1032, '2022-10-28', '28', '10', '2022', '281022', '2021-01-10 07:49:07', '2021-01-10 07:49:07'),
(1033, '2022-10-29', '29', '10', '2022', '291022', '2021-01-10 07:49:07', '2021-01-10 07:49:07'),
(1034, '2022-10-30', '30', '10', '2022', '301022', '2021-01-10 07:49:07', '2021-01-10 07:49:07'),
(1035, '2022-10-31', '31', '10', '2022', '311022', '2021-01-10 07:49:07', '2021-01-10 07:49:07'),
(1036, '2022-11-01', '01', '11', '2022', '011122', '2021-01-10 07:49:07', '2021-01-10 07:49:07'),
(1037, '2022-11-02', '02', '11', '2022', '021122', '2021-01-10 07:49:07', '2021-01-10 07:49:07'),
(1038, '2022-11-03', '03', '11', '2022', '031122', '2021-01-10 07:49:08', '2021-01-10 07:49:08'),
(1039, '2022-11-04', '04', '11', '2022', '041122', '2021-01-10 07:49:08', '2021-01-10 07:49:08'),
(1040, '2022-11-05', '05', '11', '2022', '051122', '2021-01-10 07:49:08', '2021-01-10 07:49:08'),
(1041, '2022-11-06', '06', '11', '2022', '061122', '2021-01-10 07:49:08', '2021-01-10 07:49:08'),
(1042, '2022-11-07', '07', '11', '2022', '071122', '2021-01-10 07:49:08', '2021-01-10 07:49:08'),
(1043, '2022-11-08', '08', '11', '2022', '081122', '2021-01-10 07:49:08', '2021-01-10 07:49:08'),
(1044, '2022-11-09', '09', '11', '2022', '091122', '2021-01-10 07:49:08', '2021-01-10 07:49:08'),
(1045, '2022-11-10', '10', '11', '2022', '101122', '2021-01-10 07:49:08', '2021-01-10 07:49:08'),
(1046, '2022-11-11', '11', '11', '2022', '111122', '2021-01-10 07:49:08', '2021-01-10 07:49:08'),
(1047, '2022-11-12', '12', '11', '2022', '121122', '2021-01-10 07:49:08', '2021-01-10 07:49:08'),
(1048, '2022-11-13', '13', '11', '2022', '131122', '2021-01-10 07:49:08', '2021-01-10 07:49:08'),
(1049, '2022-11-14', '14', '11', '2022', '141122', '2021-01-10 07:49:08', '2021-01-10 07:49:08'),
(1050, '2022-11-15', '15', '11', '2022', '151122', '2021-01-10 07:49:08', '2021-01-10 07:49:08');
INSERT INTO `mar_calendario` (`id_calendario`, `fecha`, `dia`, `mes`, `anio`, `formato_fecha`, `created_at`, `updated_at`) VALUES
(1051, '2022-11-16', '16', '11', '2022', '161122', '2021-01-10 07:49:08', '2021-01-10 07:49:08'),
(1052, '2022-11-17', '17', '11', '2022', '171122', '2021-01-10 07:49:08', '2021-01-10 07:49:08'),
(1053, '2022-11-18', '18', '11', '2022', '181122', '2021-01-10 07:49:08', '2021-01-10 07:49:08'),
(1054, '2022-11-19', '19', '11', '2022', '191122', '2021-01-10 07:49:08', '2021-01-10 07:49:08'),
(1055, '2022-11-20', '20', '11', '2022', '201122', '2021-01-10 07:49:08', '2021-01-10 07:49:08'),
(1056, '2022-11-21', '21', '11', '2022', '211122', '2021-01-10 07:49:08', '2021-01-10 07:49:08'),
(1057, '2022-11-22', '22', '11', '2022', '221122', '2021-01-10 07:49:08', '2021-01-10 07:49:08'),
(1058, '2022-11-23', '23', '11', '2022', '231122', '2021-01-10 07:49:08', '2021-01-10 07:49:08'),
(1059, '2022-11-24', '24', '11', '2022', '241122', '2021-01-10 07:49:08', '2021-01-10 07:49:08'),
(1060, '2022-11-25', '25', '11', '2022', '251122', '2021-01-10 07:49:08', '2021-01-10 07:49:08'),
(1061, '2022-11-26', '26', '11', '2022', '261122', '2021-01-10 07:49:08', '2021-01-10 07:49:08'),
(1062, '2022-11-27', '27', '11', '2022', '271122', '2021-01-10 07:49:08', '2021-01-10 07:49:08'),
(1063, '2022-11-28', '28', '11', '2022', '281122', '2021-01-10 07:49:08', '2021-01-10 07:49:08'),
(1064, '2022-11-29', '29', '11', '2022', '291122', '2021-01-10 07:49:08', '2021-01-10 07:49:08'),
(1065, '2022-11-30', '30', '11', '2022', '301122', '2021-01-10 07:49:08', '2021-01-10 07:49:08'),
(1066, '2022-12-01', '01', '12', '2022', '011222', '2021-01-10 07:49:08', '2021-01-10 07:49:08'),
(1067, '2022-12-02', '02', '12', '2022', '021222', '2021-01-10 07:49:08', '2021-01-10 07:49:08'),
(1068, '2022-12-03', '03', '12', '2022', '031222', '2021-01-10 07:49:09', '2021-01-10 07:49:09'),
(1069, '2022-12-04', '04', '12', '2022', '041222', '2021-01-10 07:49:09', '2021-01-10 07:49:09'),
(1070, '2022-12-05', '05', '12', '2022', '051222', '2021-01-10 07:49:09', '2021-01-10 07:49:09'),
(1071, '2022-12-06', '06', '12', '2022', '061222', '2021-01-10 07:49:09', '2021-01-10 07:49:09'),
(1072, '2022-12-07', '07', '12', '2022', '071222', '2021-01-10 07:49:09', '2021-01-10 07:49:09'),
(1073, '2022-12-08', '08', '12', '2022', '081222', '2021-01-10 07:49:09', '2021-01-10 07:49:09'),
(1074, '2022-12-09', '09', '12', '2022', '091222', '2021-01-10 07:49:09', '2021-01-10 07:49:09'),
(1075, '2022-12-10', '10', '12', '2022', '101222', '2021-01-10 07:49:09', '2021-01-10 07:49:09'),
(1076, '2022-12-11', '11', '12', '2022', '111222', '2021-01-10 07:49:09', '2021-01-10 07:49:09'),
(1077, '2022-12-12', '12', '12', '2022', '121222', '2021-01-10 07:49:09', '2021-01-10 07:49:09'),
(1078, '2022-12-13', '13', '12', '2022', '131222', '2021-01-10 07:49:09', '2021-01-10 07:49:09'),
(1079, '2022-12-14', '14', '12', '2022', '141222', '2021-01-10 07:49:09', '2021-01-10 07:49:09'),
(1080, '2022-12-15', '15', '12', '2022', '151222', '2021-01-10 07:49:09', '2021-01-10 07:49:09'),
(1081, '2022-12-16', '16', '12', '2022', '161222', '2021-01-10 07:49:09', '2021-01-10 07:49:09'),
(1082, '2022-12-17', '17', '12', '2022', '171222', '2021-01-10 07:49:09', '2021-01-10 07:49:09'),
(1083, '2022-12-18', '18', '12', '2022', '181222', '2021-01-10 07:49:09', '2021-01-10 07:49:09'),
(1084, '2022-12-19', '19', '12', '2022', '191222', '2021-01-10 07:49:09', '2021-01-10 07:49:09'),
(1085, '2022-12-20', '20', '12', '2022', '201222', '2021-01-10 07:49:09', '2021-01-10 07:49:09'),
(1086, '2022-12-21', '21', '12', '2022', '211222', '2021-01-10 07:49:09', '2021-01-10 07:49:09'),
(1087, '2022-12-22', '22', '12', '2022', '221222', '2021-01-10 07:49:09', '2021-01-10 07:49:09'),
(1088, '2022-12-23', '23', '12', '2022', '231222', '2021-01-10 07:49:09', '2021-01-10 07:49:09'),
(1089, '2022-12-24', '24', '12', '2022', '241222', '2021-01-10 07:49:09', '2021-01-10 07:49:09'),
(1090, '2022-12-25', '25', '12', '2022', '251222', '2021-01-10 07:49:09', '2021-01-10 07:49:09'),
(1091, '2022-12-26', '26', '12', '2022', '261222', '2021-01-10 07:49:09', '2021-01-10 07:49:09'),
(1092, '2022-12-27', '27', '12', '2022', '271222', '2021-01-10 07:49:10', '2021-01-10 07:49:10'),
(1093, '2022-12-28', '28', '12', '2022', '281222', '2021-01-10 07:49:10', '2021-01-10 07:49:10'),
(1094, '2022-12-29', '29', '12', '2022', '291222', '2021-01-10 07:49:10', '2021-01-10 07:49:10'),
(1095, '2022-12-30', '30', '12', '2022', '301222', '2021-01-10 07:49:10', '2021-01-10 07:49:10'),
(1096, '2022-12-31', '31', '12', '2022', '311222', '2021-01-10 07:49:10', '2021-01-10 07:49:10');

-- --------------------------------------------------------

--
-- Estructura de tabla para la tabla `mar_calendario_emp`
--

CREATE TABLE `mar_calendario_emp` (
  `id_calendario_emp` bigint(20) UNSIGNED NOT NULL,
  `calendario_id` bigint(20) UNSIGNED DEFAULT NULL,
  `empleado_id` bigint(20) UNSIGNED NOT NULL,
  `created_at` timestamp NULL DEFAULT NULL,
  `updated_at` timestamp NULL DEFAULT NULL
) ENGINE=InnoDB DEFAULT CHARSET=utf8 COLLATE=utf8_spanish2_ci;

--
-- Volcado de datos para la tabla `mar_calendario_emp`
--

INSERT INTO `mar_calendario_emp` (`id_calendario_emp`, `calendario_id`, `empleado_id`, `created_at`, `updated_at`) VALUES
(1, 1, 1, NULL, NULL),
(2, 2, 1, NULL, NULL),
(3, 3, 1, NULL, NULL),
(4, 4, 1, NULL, NULL),
(5, 5, 1, NULL, NULL),
(6, 6, 1, NULL, NULL),
(7, 7, 1, NULL, NULL),
(8, 8, 1, NULL, NULL),
(9, 9, 1, NULL, NULL),
(10, 10, 1, NULL, NULL),
(11, 11, 1, NULL, NULL),
(12, 12, 1, NULL, NULL),
(13, 13, 1, NULL, NULL),
(14, 14, 1, NULL, NULL),
(15, 15, 1, NULL, NULL),
(16, 16, 1, NULL, NULL),
(17, 17, 1, NULL, NULL),
(18, 18, 1, NULL, NULL),
(19, 19, 1, NULL, NULL),
(20, 20, 1, NULL, NULL),
(21, 21, 1, NULL, NULL),
(22, 22, 1, NULL, NULL),
(23, 23, 1, NULL, NULL),
(24, 24, 1, NULL, NULL),
(25, 25, 1, NULL, NULL),
(26, 26, 1, NULL, NULL),
(27, 27, 1, NULL, NULL),
(28, 28, 1, NULL, NULL),
(29, 29, 1, NULL, NULL),
(30, 30, 1, NULL, NULL),
(31, 31, 1, NULL, NULL),
(32, 32, 1, NULL, NULL),
(33, 33, 1, NULL, NULL),
(34, 34, 1, NULL, NULL),
(35, 35, 1, NULL, NULL),
(36, 36, 1, NULL, NULL),
(37, 37, 1, NULL, NULL),
(38, 38, 1, NULL, NULL),
(39, 39, 1, NULL, NULL),
(40, 40, 1, NULL, NULL),
(41, 41, 1, NULL, NULL),
(42, 42, 1, NULL, NULL),
(43, 43, 1, NULL, NULL),
(44, 44, 1, NULL, NULL),
(45, 45, 1, NULL, NULL),
(46, 46, 1, NULL, NULL),
(47, 47, 1, NULL, NULL),
(48, 48, 1, NULL, NULL),
(49, 49, 1, NULL, NULL),
(50, 50, 1, NULL, NULL),
(51, 51, 1, NULL, NULL),
(52, 52, 1, NULL, NULL),
(53, 53, 1, NULL, NULL),
(54, 54, 1, NULL, NULL),
(55, 55, 1, NULL, NULL),
(56, 56, 1, NULL, NULL),
(57, 57, 1, NULL, NULL),
(58, 58, 1, NULL, NULL),
(59, 59, 1, NULL, NULL),
(60, 60, 1, NULL, NULL),
(61, 61, 1, NULL, NULL),
(62, 62, 1, NULL, NULL),
(63, 63, 1, NULL, NULL),
(64, 64, 1, NULL, NULL),
(65, 65, 1, NULL, NULL),
(66, 66, 1, NULL, NULL),
(67, 67, 1, NULL, NULL),
(68, 68, 1, NULL, NULL),
(69, 69, 1, NULL, NULL),
(70, 70, 1, NULL, NULL),
(71, 71, 1, NULL, NULL),
(72, 72, 1, NULL, NULL),
(73, 73, 1, NULL, NULL),
(74, 74, 1, NULL, NULL),
(75, 75, 1, NULL, NULL),
(76, 76, 1, NULL, NULL),
(77, 77, 1, NULL, NULL),
(78, 78, 1, NULL, NULL),
(79, 79, 1, NULL, NULL),
(80, 80, 1, NULL, NULL),
(81, 81, 1, NULL, NULL),
(82, 82, 1, NULL, NULL),
(83, 83, 1, NULL, NULL),
(84, 84, 1, NULL, NULL),
(85, 85, 1, NULL, NULL),
(86, 86, 1, NULL, NULL),
(87, 87, 1, NULL, NULL),
(88, 88, 1, NULL, NULL),
(89, 89, 1, NULL, NULL),
(90, 90, 1, NULL, NULL),
(91, 91, 1, NULL, NULL),
(92, 92, 1, NULL, NULL),
(93, 93, 1, NULL, NULL),
(94, 94, 1, NULL, NULL),
(95, 95, 1, NULL, NULL),
(96, 96, 1, NULL, NULL),
(97, 97, 1, NULL, NULL),
(98, 98, 1, NULL, NULL),
(99, 99, 1, NULL, NULL),
(100, 100, 1, NULL, NULL),
(101, 101, 1, NULL, NULL),
(102, 102, 1, NULL, NULL),
(103, 103, 1, NULL, NULL),
(104, 104, 1, NULL, NULL),
(105, 105, 1, NULL, NULL),
(106, 106, 1, NULL, NULL),
(107, 107, 1, NULL, NULL),
(108, 108, 1, NULL, NULL),
(109, 109, 1, NULL, NULL),
(110, 110, 1, NULL, NULL),
(111, 111, 1, NULL, NULL),
(112, 112, 1, NULL, NULL),
(113, 113, 1, NULL, NULL),
(114, 114, 1, NULL, NULL),
(115, 115, 1, NULL, NULL),
(116, 116, 1, NULL, NULL),
(117, 117, 1, NULL, NULL),
(118, 118, 1, NULL, NULL),
(119, 119, 1, NULL, NULL),
(120, 120, 1, NULL, NULL),
(121, 121, 1, NULL, NULL),
(122, 122, 1, NULL, NULL),
(123, 123, 1, NULL, NULL),
(124, 124, 1, NULL, NULL),
(125, 125, 1, NULL, NULL),
(126, 126, 1, NULL, NULL),
(127, 127, 1, NULL, NULL),
(128, 128, 1, NULL, NULL),
(129, 129, 1, NULL, NULL),
(130, 130, 1, NULL, NULL),
(131, 131, 1, NULL, NULL),
(132, 132, 1, NULL, NULL),
(133, 133, 1, NULL, NULL),
(134, 134, 1, NULL, NULL),
(135, 135, 1, NULL, NULL),
(136, 136, 1, NULL, NULL),
(137, 137, 1, NULL, NULL),
(138, 138, 1, NULL, NULL),
(139, 139, 1, NULL, NULL),
(140, 140, 1, NULL, NULL),
(141, 141, 1, NULL, NULL),
(142, 142, 1, NULL, NULL),
(143, 143, 1, NULL, NULL),
(144, 144, 1, NULL, NULL),
(145, 145, 1, NULL, NULL),
(146, 146, 1, NULL, NULL),
(147, 147, 1, NULL, NULL),
(148, 148, 1, NULL, NULL),
(149, 149, 1, NULL, NULL),
(150, 150, 1, NULL, NULL),
(151, 151, 1, NULL, NULL),
(152, 152, 1, NULL, NULL),
(153, 153, 1, NULL, NULL),
(154, 154, 1, NULL, NULL),
(155, 155, 1, NULL, NULL),
(156, 156, 1, NULL, NULL),
(157, 157, 1, NULL, NULL),
(158, 158, 1, NULL, NULL),
(159, 159, 1, NULL, NULL),
(160, 160, 1, NULL, NULL),
(161, 161, 1, NULL, NULL),
(162, 162, 1, NULL, NULL),
(163, 163, 1, NULL, NULL),
(164, 164, 1, NULL, NULL),
(165, 165, 1, NULL, NULL),
(166, 166, 1, NULL, NULL),
(167, 167, 1, NULL, NULL),
(168, 168, 1, NULL, NULL),
(169, 169, 1, NULL, NULL),
(170, 170, 1, NULL, NULL),
(171, 171, 1, NULL, NULL),
(172, 172, 1, NULL, NULL),
(173, 173, 1, NULL, NULL),
(174, 174, 1, NULL, NULL),
(175, 175, 1, NULL, NULL),
(176, 176, 1, NULL, NULL),
(177, 177, 1, NULL, NULL),
(178, 178, 1, NULL, NULL),
(179, 179, 1, NULL, NULL),
(180, 180, 1, NULL, NULL),
(181, 181, 1, NULL, NULL),
(182, 182, 1, NULL, NULL),
(183, 183, 1, NULL, NULL),
(184, 184, 1, NULL, NULL),
(185, 185, 1, NULL, NULL),
(186, 186, 1, NULL, NULL),
(187, 187, 1, NULL, NULL),
(188, 188, 1, NULL, NULL),
(189, 189, 1, NULL, NULL),
(190, 190, 1, NULL, NULL),
(191, 191, 1, NULL, NULL),
(192, 192, 1, NULL, NULL),
(193, 193, 1, NULL, NULL),
(194, 194, 1, NULL, NULL),
(195, 195, 1, NULL, NULL),
(196, 196, 1, NULL, NULL),
(197, 197, 1, NULL, NULL),
(198, 198, 1, NULL, NULL),
(199, 199, 1, NULL, NULL),
(200, 200, 1, NULL, NULL),
(201, 201, 1, NULL, NULL),
(202, 202, 1, NULL, NULL),
(203, 203, 1, NULL, NULL),
(204, 204, 1, NULL, NULL),
(205, 205, 1, NULL, NULL),
(206, 206, 1, NULL, NULL),
(207, 207, 1, NULL, NULL),
(208, 208, 1, NULL, NULL),
(209, 209, 1, NULL, NULL),
(210, 210, 1, NULL, NULL),
(211, 211, 1, NULL, NULL),
(212, 212, 1, NULL, NULL),
(213, 213, 1, NULL, NULL),
(214, 214, 1, NULL, NULL),
(215, 215, 1, NULL, NULL),
(216, 216, 1, NULL, NULL),
(217, 217, 1, NULL, NULL),
(218, 218, 1, NULL, NULL),
(219, 219, 1, NULL, NULL),
(220, 220, 1, NULL, NULL),
(221, 221, 1, NULL, NULL),
(222, 222, 1, NULL, NULL),
(223, 223, 1, NULL, NULL),
(224, 224, 1, NULL, NULL),
(225, 225, 1, NULL, NULL),
(226, 226, 1, NULL, NULL),
(227, 227, 1, NULL, NULL),
(228, 228, 1, NULL, NULL),
(229, 229, 1, NULL, NULL),
(230, 230, 1, NULL, NULL),
(231, 231, 1, NULL, NULL),
(232, 232, 1, NULL, NULL),
(233, 233, 1, NULL, NULL),
(234, 234, 1, NULL, NULL),
(235, 235, 1, NULL, NULL),
(236, 236, 1, NULL, NULL),
(237, 237, 1, NULL, NULL),
(238, 238, 1, NULL, NULL),
(239, 239, 1, NULL, NULL),
(240, 240, 1, NULL, NULL),
(241, 241, 1, NULL, NULL),
(242, 242, 1, NULL, NULL),
(243, 243, 1, NULL, NULL),
(244, 244, 1, NULL, NULL),
(245, 245, 1, NULL, NULL),
(246, 246, 1, NULL, NULL),
(247, 247, 1, NULL, NULL),
(248, 248, 1, NULL, NULL),
(249, 249, 1, NULL, NULL),
(250, 250, 1, NULL, NULL),
(251, 251, 1, NULL, NULL),
(252, 252, 1, NULL, NULL),
(253, 253, 1, NULL, NULL),
(254, 254, 1, NULL, NULL),
(255, 255, 1, NULL, NULL),
(256, 256, 1, NULL, NULL),
(257, 257, 1, NULL, NULL),
(258, 258, 1, NULL, NULL),
(259, 259, 1, NULL, NULL),
(260, 260, 1, NULL, NULL),
(261, 261, 1, NULL, NULL),
(262, 262, 1, NULL, NULL),
(263, 263, 1, NULL, NULL),
(264, 264, 1, NULL, NULL),
(265, 265, 1, NULL, NULL),
(266, 266, 1, NULL, NULL),
(267, 267, 1, NULL, NULL),
(268, 268, 1, NULL, NULL),
(269, 269, 1, NULL, NULL),
(270, 270, 1, NULL, NULL),
(271, 271, 1, NULL, NULL),
(272, 272, 1, NULL, NULL),
(273, 273, 1, NULL, NULL),
(274, 274, 1, NULL, NULL),
(275, 275, 1, NULL, NULL),
(276, 276, 1, NULL, NULL),
(277, 277, 1, NULL, NULL),
(278, 278, 1, NULL, NULL),
(279, 279, 1, NULL, NULL),
(280, 280, 1, NULL, NULL),
(281, 281, 1, NULL, NULL),
(282, 282, 1, NULL, NULL),
(283, 283, 1, NULL, NULL),
(284, 284, 1, NULL, NULL),
(285, 285, 1, NULL, NULL),
(286, 286, 1, NULL, NULL),
(287, 287, 1, NULL, NULL),
(288, 288, 1, NULL, NULL),
(289, 289, 1, NULL, NULL),
(290, 290, 1, NULL, NULL),
(291, 291, 1, NULL, NULL),
(292, 292, 1, NULL, NULL),
(293, 293, 1, NULL, NULL),
(294, 294, 1, NULL, NULL),
(295, 295, 1, NULL, NULL),
(296, 296, 1, NULL, NULL),
(297, 297, 1, NULL, NULL),
(298, 298, 1, NULL, NULL),
(299, 299, 1, NULL, NULL),
(300, 300, 1, NULL, NULL),
(301, 301, 1, NULL, NULL),
(302, 302, 1, NULL, NULL),
(303, 303, 1, NULL, NULL),
(304, 304, 1, NULL, NULL),
(305, 305, 1, NULL, NULL),
(306, 306, 1, NULL, NULL),
(307, 307, 1, NULL, NULL),
(308, 308, 1, NULL, NULL),
(309, 309, 1, NULL, NULL),
(310, 310, 1, NULL, NULL),
(311, 311, 1, NULL, NULL),
(312, 312, 1, NULL, NULL),
(313, 313, 1, NULL, NULL),
(314, 314, 1, NULL, NULL),
(315, 315, 1, NULL, NULL),
(316, 316, 1, NULL, NULL),
(317, 317, 1, NULL, NULL),
(318, 318, 1, NULL, NULL),
(319, 319, 1, NULL, NULL),
(320, 320, 1, NULL, NULL),
(321, 321, 1, NULL, NULL),
(322, 322, 1, NULL, NULL),
(323, 323, 1, NULL, NULL),
(324, 324, 1, NULL, NULL),
(325, 325, 1, NULL, NULL),
(326, 326, 1, NULL, NULL),
(327, 327, 1, NULL, NULL),
(328, 328, 1, NULL, NULL),
(329, 329, 1, NULL, NULL),
(330, 330, 1, NULL, NULL),
(331, 331, 1, NULL, NULL),
(332, 332, 1, NULL, NULL),
(333, 333, 1, NULL, NULL),
(334, 334, 1, NULL, NULL),
(335, 335, 1, NULL, NULL),
(336, 336, 1, NULL, NULL),
(337, 337, 1, NULL, NULL),
(338, 338, 1, NULL, NULL),
(339, 339, 1, NULL, NULL),
(340, 340, 1, NULL, NULL),
(341, 341, 1, NULL, NULL),
(342, 342, 1, NULL, NULL),
(343, 343, 1, NULL, NULL),
(344, 344, 1, NULL, NULL),
(345, 345, 1, NULL, NULL),
(346, 346, 1, NULL, NULL),
(347, 347, 1, NULL, NULL),
(348, 348, 1, NULL, NULL),
(349, 349, 1, NULL, NULL),
(350, 350, 1, NULL, NULL),
(351, 351, 1, NULL, NULL),
(352, 352, 1, NULL, NULL),
(353, 353, 1, NULL, NULL),
(354, 354, 1, NULL, NULL),
(355, 355, 1, NULL, NULL),
(356, 356, 1, NULL, NULL),
(357, 357, 1, NULL, NULL),
(358, 358, 1, NULL, NULL),
(359, 359, 1, NULL, NULL),
(360, 360, 1, NULL, NULL),
(361, 361, 1, NULL, NULL),
(362, 362, 1, NULL, NULL),
(363, 363, 1, NULL, NULL),
(364, 364, 1, NULL, NULL),
(365, 365, 1, NULL, NULL),
(366, 366, 1, NULL, NULL),
(367, 1, 2, NULL, NULL),
(368, 2, 2, NULL, NULL),
(369, 3, 2, NULL, NULL),
(370, 4, 2, NULL, NULL),
(371, 5, 2, NULL, NULL),
(372, 6, 2, NULL, NULL),
(373, 7, 2, NULL, NULL),
(374, 8, 2, NULL, NULL),
(375, 9, 2, NULL, NULL),
(376, 10, 2, NULL, NULL),
(377, 11, 2, NULL, NULL),
(378, 12, 2, NULL, NULL),
(379, 13, 2, NULL, NULL),
(380, 14, 2, NULL, NULL),
(381, 15, 2, NULL, NULL),
(382, 16, 2, NULL, NULL),
(383, 17, 2, NULL, NULL),
(384, 18, 2, NULL, NULL),
(385, 19, 2, NULL, NULL),
(386, 20, 2, NULL, NULL),
(387, 21, 2, NULL, NULL),
(388, 22, 2, NULL, NULL),
(389, 23, 2, NULL, NULL),
(390, 24, 2, NULL, NULL),
(391, 25, 2, NULL, NULL),
(392, 26, 2, NULL, NULL),
(393, 27, 2, NULL, NULL),
(394, 28, 2, NULL, NULL),
(395, 29, 2, NULL, NULL),
(396, 30, 2, NULL, NULL),
(397, 31, 2, NULL, NULL),
(398, 32, 2, NULL, NULL),
(399, 33, 2, NULL, NULL),
(400, 34, 2, NULL, NULL),
(401, 35, 2, NULL, NULL),
(402, 36, 2, NULL, NULL),
(403, 37, 2, NULL, NULL),
(404, 38, 2, NULL, NULL),
(405, 39, 2, NULL, NULL),
(406, 40, 2, NULL, NULL),
(407, 41, 2, NULL, NULL),
(408, 42, 2, NULL, NULL),
(409, 43, 2, NULL, NULL),
(410, 44, 2, NULL, NULL),
(411, 45, 2, NULL, NULL),
(412, 46, 2, NULL, NULL),
(413, 47, 2, NULL, NULL),
(414, 48, 2, NULL, NULL),
(415, 49, 2, NULL, NULL),
(416, 50, 2, NULL, NULL),
(417, 51, 2, NULL, NULL),
(418, 52, 2, NULL, NULL),
(419, 53, 2, NULL, NULL),
(420, 54, 2, NULL, NULL),
(421, 55, 2, NULL, NULL),
(422, 56, 2, NULL, NULL),
(423, 57, 2, NULL, NULL),
(424, 58, 2, NULL, NULL),
(425, 59, 2, NULL, NULL),
(426, 60, 2, NULL, NULL),
(427, 61, 2, NULL, NULL),
(428, 62, 2, NULL, NULL),
(429, 63, 2, NULL, NULL),
(430, 64, 2, NULL, NULL),
(431, 65, 2, NULL, NULL),
(432, 66, 2, NULL, NULL),
(433, 67, 2, NULL, NULL),
(434, 68, 2, NULL, NULL),
(435, 69, 2, NULL, NULL),
(436, 70, 2, NULL, NULL),
(437, 71, 2, NULL, NULL),
(438, 72, 2, NULL, NULL),
(439, 73, 2, NULL, NULL),
(440, 74, 2, NULL, NULL),
(441, 75, 2, NULL, NULL),
(442, 76, 2, NULL, NULL),
(443, 77, 2, NULL, NULL),
(444, 78, 2, NULL, NULL),
(445, 79, 2, NULL, NULL),
(446, 80, 2, NULL, NULL),
(447, 81, 2, NULL, NULL),
(448, 82, 2, NULL, NULL),
(449, 83, 2, NULL, NULL),
(450, 84, 2, NULL, NULL),
(451, 85, 2, NULL, NULL),
(452, 86, 2, NULL, NULL),
(453, 87, 2, NULL, NULL),
(454, 88, 2, NULL, NULL),
(455, 89, 2, NULL, NULL),
(456, 90, 2, NULL, NULL),
(457, 91, 2, NULL, NULL),
(458, 92, 2, NULL, NULL),
(459, 93, 2, NULL, NULL),
(460, 94, 2, NULL, NULL),
(461, 95, 2, NULL, NULL),
(462, 96, 2, NULL, NULL),
(463, 97, 2, NULL, NULL),
(464, 98, 2, NULL, NULL),
(465, 99, 2, NULL, NULL),
(466, 100, 2, NULL, NULL),
(467, 101, 2, NULL, NULL),
(468, 102, 2, NULL, NULL),
(469, 103, 2, NULL, NULL),
(470, 104, 2, NULL, NULL),
(471, 105, 2, NULL, NULL),
(472, 106, 2, NULL, NULL),
(473, 107, 2, NULL, NULL),
(474, 108, 2, NULL, NULL),
(475, 109, 2, NULL, NULL),
(476, 110, 2, NULL, NULL),
(477, 111, 2, NULL, NULL),
(478, 112, 2, NULL, NULL),
(479, 113, 2, NULL, NULL),
(480, 114, 2, NULL, NULL),
(481, 115, 2, NULL, NULL),
(482, 116, 2, NULL, NULL),
(483, 117, 2, NULL, NULL),
(484, 118, 2, NULL, NULL),
(485, 119, 2, NULL, NULL),
(486, 120, 2, NULL, NULL),
(487, 121, 2, NULL, NULL),
(488, 122, 2, NULL, NULL),
(489, 123, 2, NULL, NULL),
(490, 124, 2, NULL, NULL),
(491, 125, 2, NULL, NULL),
(492, 126, 2, NULL, NULL),
(493, 127, 2, NULL, NULL),
(494, 128, 2, NULL, NULL),
(495, 129, 2, NULL, NULL),
(496, 130, 2, NULL, NULL),
(497, 131, 2, NULL, NULL),
(498, 132, 2, NULL, NULL),
(499, 133, 2, NULL, NULL),
(500, 134, 2, NULL, NULL),
(501, 135, 2, NULL, NULL),
(502, 136, 2, NULL, NULL),
(503, 137, 2, NULL, NULL),
(504, 138, 2, NULL, NULL),
(505, 139, 2, NULL, NULL),
(506, 140, 2, NULL, NULL),
(507, 141, 2, NULL, NULL),
(508, 142, 2, NULL, NULL),
(509, 143, 2, NULL, NULL),
(510, 144, 2, NULL, NULL),
(511, 145, 2, NULL, NULL),
(512, 146, 2, NULL, NULL),
(513, 147, 2, NULL, NULL),
(514, 148, 2, NULL, NULL),
(515, 149, 2, NULL, NULL),
(516, 150, 2, NULL, NULL),
(517, 151, 2, NULL, NULL),
(518, 152, 2, NULL, NULL),
(519, 153, 2, NULL, NULL),
(520, 154, 2, NULL, NULL),
(521, 155, 2, NULL, NULL),
(522, 156, 2, NULL, NULL),
(523, 157, 2, NULL, NULL),
(524, 158, 2, NULL, NULL),
(525, 159, 2, NULL, NULL),
(526, 160, 2, NULL, NULL),
(527, 161, 2, NULL, NULL),
(528, 162, 2, NULL, NULL),
(529, 163, 2, NULL, NULL),
(530, 164, 2, NULL, NULL),
(531, 165, 2, NULL, NULL),
(532, 166, 2, NULL, NULL),
(533, 167, 2, NULL, NULL),
(534, 168, 2, NULL, NULL),
(535, 169, 2, NULL, NULL),
(536, 170, 2, NULL, NULL),
(537, 171, 2, NULL, NULL),
(538, 172, 2, NULL, NULL),
(539, 173, 2, NULL, NULL),
(540, 174, 2, NULL, NULL),
(541, 175, 2, NULL, NULL),
(542, 176, 2, NULL, NULL),
(543, 177, 2, NULL, NULL),
(544, 178, 2, NULL, NULL),
(545, 179, 2, NULL, NULL),
(546, 180, 2, NULL, NULL),
(547, 181, 2, NULL, NULL),
(548, 182, 2, NULL, NULL),
(549, 183, 2, NULL, NULL),
(550, 184, 2, NULL, NULL),
(551, 185, 2, NULL, NULL),
(552, 186, 2, NULL, NULL),
(553, 187, 2, NULL, NULL),
(554, 188, 2, NULL, NULL),
(555, 189, 2, NULL, NULL),
(556, 190, 2, NULL, NULL),
(557, 191, 2, NULL, NULL),
(558, 192, 2, NULL, NULL),
(559, 193, 2, NULL, NULL),
(560, 194, 2, NULL, NULL),
(561, 195, 2, NULL, NULL),
(562, 196, 2, NULL, NULL),
(563, 197, 2, NULL, NULL),
(564, 198, 2, NULL, NULL),
(565, 199, 2, NULL, NULL),
(566, 200, 2, NULL, NULL),
(567, 201, 2, NULL, NULL),
(568, 202, 2, NULL, NULL),
(569, 203, 2, NULL, NULL),
(570, 204, 2, NULL, NULL),
(571, 205, 2, NULL, NULL),
(572, 206, 2, NULL, NULL),
(573, 207, 2, NULL, NULL),
(574, 208, 2, NULL, NULL),
(575, 209, 2, NULL, NULL),
(576, 210, 2, NULL, NULL),
(577, 211, 2, NULL, NULL),
(578, 212, 2, NULL, NULL),
(579, 213, 2, NULL, NULL),
(580, 214, 2, NULL, NULL),
(581, 215, 2, NULL, NULL),
(582, 216, 2, NULL, NULL),
(583, 217, 2, NULL, NULL),
(584, 218, 2, NULL, NULL),
(585, 219, 2, NULL, NULL),
(586, 220, 2, NULL, NULL),
(587, 221, 2, NULL, NULL),
(588, 222, 2, NULL, NULL),
(589, 223, 2, NULL, NULL),
(590, 224, 2, NULL, NULL),
(591, 225, 2, NULL, NULL),
(592, 226, 2, NULL, NULL),
(593, 227, 2, NULL, NULL),
(594, 228, 2, NULL, NULL),
(595, 229, 2, NULL, NULL),
(596, 230, 2, NULL, NULL),
(597, 231, 2, NULL, NULL),
(598, 232, 2, NULL, NULL),
(599, 233, 2, NULL, NULL),
(600, 234, 2, NULL, NULL),
(601, 235, 2, NULL, NULL),
(602, 236, 2, NULL, NULL),
(603, 237, 2, NULL, NULL),
(604, 238, 2, NULL, NULL),
(605, 239, 2, NULL, NULL),
(606, 240, 2, NULL, NULL),
(607, 241, 2, NULL, NULL),
(608, 242, 2, NULL, NULL),
(609, 243, 2, NULL, NULL),
(610, 244, 2, NULL, NULL),
(611, 245, 2, NULL, NULL),
(612, 246, 2, NULL, NULL),
(613, 247, 2, NULL, NULL),
(614, 248, 2, NULL, NULL),
(615, 249, 2, NULL, NULL),
(616, 250, 2, NULL, NULL),
(617, 251, 2, NULL, NULL),
(618, 252, 2, NULL, NULL),
(619, 253, 2, NULL, NULL),
(620, 254, 2, NULL, NULL),
(621, 255, 2, NULL, NULL),
(622, 256, 2, NULL, NULL),
(623, 257, 2, NULL, NULL),
(624, 258, 2, NULL, NULL),
(625, 259, 2, NULL, NULL),
(626, 260, 2, NULL, NULL),
(627, 261, 2, NULL, NULL),
(628, 262, 2, NULL, NULL),
(629, 263, 2, NULL, NULL),
(630, 264, 2, NULL, NULL),
(631, 265, 2, NULL, NULL),
(632, 266, 2, NULL, NULL),
(633, 267, 2, NULL, NULL),
(634, 268, 2, NULL, NULL),
(635, 269, 2, NULL, NULL),
(636, 270, 2, NULL, NULL),
(637, 271, 2, NULL, NULL),
(638, 272, 2, NULL, NULL),
(639, 273, 2, NULL, NULL),
(640, 274, 2, NULL, NULL),
(641, 275, 2, NULL, NULL),
(642, 276, 2, NULL, NULL),
(643, 277, 2, NULL, NULL),
(644, 278, 2, NULL, NULL),
(645, 279, 2, NULL, NULL),
(646, 280, 2, NULL, NULL),
(647, 281, 2, NULL, NULL),
(648, 282, 2, NULL, NULL),
(649, 283, 2, NULL, NULL),
(650, 284, 2, NULL, NULL),
(651, 285, 2, NULL, NULL),
(652, 286, 2, NULL, NULL),
(653, 287, 2, NULL, NULL),
(654, 288, 2, NULL, NULL),
(655, 289, 2, NULL, NULL),
(656, 290, 2, NULL, NULL),
(657, 291, 2, NULL, NULL),
(658, 292, 2, NULL, NULL),
(659, 293, 2, NULL, NULL),
(660, 294, 2, NULL, NULL),
(661, 295, 2, NULL, NULL),
(662, 296, 2, NULL, NULL),
(663, 297, 2, NULL, NULL),
(664, 298, 2, NULL, NULL),
(665, 299, 2, NULL, NULL),
(666, 300, 2, NULL, NULL),
(667, 301, 2, NULL, NULL),
(668, 302, 2, NULL, NULL),
(669, 303, 2, NULL, NULL),
(670, 304, 2, NULL, NULL),
(671, 305, 2, NULL, NULL),
(672, 306, 2, NULL, NULL),
(673, 307, 2, NULL, NULL),
(674, 308, 2, NULL, NULL),
(675, 309, 2, NULL, NULL),
(676, 310, 2, NULL, NULL),
(677, 311, 2, NULL, NULL),
(678, 312, 2, NULL, NULL),
(679, 313, 2, NULL, NULL),
(680, 314, 2, NULL, NULL),
(681, 315, 2, NULL, NULL),
(682, 316, 2, NULL, NULL),
(683, 317, 2, NULL, NULL),
(684, 318, 2, NULL, NULL),
(685, 319, 2, NULL, NULL),
(686, 320, 2, NULL, NULL),
(687, 321, 2, NULL, NULL),
(688, 322, 2, NULL, NULL),
(689, 323, 2, NULL, NULL),
(690, 324, 2, NULL, NULL),
(691, 325, 2, NULL, NULL),
(692, 326, 2, NULL, NULL),
(693, 327, 2, NULL, NULL),
(694, 328, 2, NULL, NULL),
(695, 329, 2, NULL, NULL),
(696, 330, 2, NULL, NULL),
(697, 331, 2, NULL, NULL),
(698, 332, 2, NULL, NULL),
(699, 333, 2, NULL, NULL),
(700, 334, 2, NULL, NULL),
(701, 335, 2, NULL, NULL),
(702, 336, 2, NULL, NULL),
(703, 337, 2, NULL, NULL),
(704, 338, 2, NULL, NULL),
(705, 339, 2, NULL, NULL),
(706, 340, 2, NULL, NULL),
(707, 341, 2, NULL, NULL),
(708, 342, 2, NULL, NULL),
(709, 343, 2, NULL, NULL),
(710, 344, 2, NULL, NULL),
(711, 345, 2, NULL, NULL),
(712, 346, 2, NULL, NULL),
(713, 347, 2, NULL, NULL),
(714, 348, 2, NULL, NULL),
(715, 349, 2, NULL, NULL),
(716, 350, 2, NULL, NULL),
(717, 351, 2, NULL, NULL),
(718, 352, 2, NULL, NULL),
(719, 353, 2, NULL, NULL),
(720, 354, 2, NULL, NULL),
(721, 355, 2, NULL, NULL),
(722, 356, 2, NULL, NULL),
(723, 357, 2, NULL, NULL),
(724, 358, 2, NULL, NULL),
(725, 359, 2, NULL, NULL),
(726, 360, 2, NULL, NULL),
(727, 361, 2, NULL, NULL),
(728, 362, 2, NULL, NULL),
(729, 363, 2, NULL, NULL),
(730, 364, 2, NULL, NULL),
(731, 365, 2, NULL, NULL),
(732, 366, 2, NULL, NULL),
(733, 1, 3, NULL, NULL),
(734, 2, 3, NULL, NULL),
(735, 3, 3, NULL, NULL),
(736, 4, 3, NULL, NULL),
(737, 5, 3, NULL, NULL),
(738, 6, 3, NULL, NULL),
(739, 7, 3, NULL, NULL),
(740, 8, 3, NULL, NULL),
(741, 9, 3, NULL, NULL),
(742, 10, 3, NULL, NULL),
(743, 11, 3, NULL, NULL),
(744, 12, 3, NULL, NULL),
(745, 13, 3, NULL, NULL),
(746, 14, 3, NULL, NULL),
(747, 15, 3, NULL, NULL),
(748, 16, 3, NULL, NULL),
(749, 17, 3, NULL, NULL),
(750, 18, 3, NULL, NULL),
(751, 19, 3, NULL, NULL),
(752, 20, 3, NULL, NULL),
(753, 21, 3, NULL, NULL),
(754, 22, 3, NULL, NULL),
(755, 23, 3, NULL, NULL),
(756, 24, 3, NULL, NULL),
(757, 25, 3, NULL, NULL),
(758, 26, 3, NULL, NULL),
(759, 27, 3, NULL, NULL),
(760, 28, 3, NULL, NULL),
(761, 29, 3, NULL, NULL),
(762, 30, 3, NULL, NULL),
(763, 31, 3, NULL, NULL),
(764, 32, 3, NULL, NULL),
(765, 33, 3, NULL, NULL),
(766, 34, 3, NULL, NULL),
(767, 35, 3, NULL, NULL),
(768, 36, 3, NULL, NULL),
(769, 37, 3, NULL, NULL),
(770, 38, 3, NULL, NULL),
(771, 39, 3, NULL, NULL),
(772, 40, 3, NULL, NULL),
(773, 41, 3, NULL, NULL),
(774, 42, 3, NULL, NULL),
(775, 43, 3, NULL, NULL),
(776, 44, 3, NULL, NULL),
(777, 45, 3, NULL, NULL),
(778, 46, 3, NULL, NULL),
(779, 47, 3, NULL, NULL),
(780, 48, 3, NULL, NULL),
(781, 49, 3, NULL, NULL),
(782, 50, 3, NULL, NULL),
(783, 51, 3, NULL, NULL),
(784, 52, 3, NULL, NULL),
(785, 53, 3, NULL, NULL),
(786, 54, 3, NULL, NULL),
(787, 55, 3, NULL, NULL),
(788, 56, 3, NULL, NULL),
(789, 57, 3, NULL, NULL),
(790, 58, 3, NULL, NULL),
(791, 59, 3, NULL, NULL),
(792, 60, 3, NULL, NULL),
(793, 61, 3, NULL, NULL),
(794, 62, 3, NULL, NULL),
(795, 63, 3, NULL, NULL),
(796, 64, 3, NULL, NULL),
(797, 65, 3, NULL, NULL),
(798, 66, 3, NULL, NULL),
(799, 67, 3, NULL, NULL),
(800, 68, 3, NULL, NULL),
(801, 69, 3, NULL, NULL),
(802, 70, 3, NULL, NULL),
(803, 71, 3, NULL, NULL),
(804, 72, 3, NULL, NULL),
(805, 73, 3, NULL, NULL),
(806, 74, 3, NULL, NULL),
(807, 75, 3, NULL, NULL),
(808, 76, 3, NULL, NULL),
(809, 77, 3, NULL, NULL),
(810, 78, 3, NULL, NULL),
(811, 79, 3, NULL, NULL),
(812, 80, 3, NULL, NULL),
(813, 81, 3, NULL, NULL),
(814, 82, 3, NULL, NULL),
(815, 83, 3, NULL, NULL),
(816, 84, 3, NULL, NULL),
(817, 85, 3, NULL, NULL),
(818, 86, 3, NULL, NULL),
(819, 87, 3, NULL, NULL),
(820, 88, 3, NULL, NULL),
(821, 89, 3, NULL, NULL),
(822, 90, 3, NULL, NULL),
(823, 91, 3, NULL, NULL),
(824, 92, 3, NULL, NULL),
(825, 93, 3, NULL, NULL),
(826, 94, 3, NULL, NULL),
(827, 95, 3, NULL, NULL),
(828, 96, 3, NULL, NULL),
(829, 97, 3, NULL, NULL),
(830, 98, 3, NULL, NULL),
(831, 99, 3, NULL, NULL),
(832, 100, 3, NULL, NULL),
(833, 101, 3, NULL, NULL),
(834, 102, 3, NULL, NULL),
(835, 103, 3, NULL, NULL),
(836, 104, 3, NULL, NULL),
(837, 105, 3, NULL, NULL),
(838, 106, 3, NULL, NULL),
(839, 107, 3, NULL, NULL),
(840, 108, 3, NULL, NULL),
(841, 109, 3, NULL, NULL),
(842, 110, 3, NULL, NULL),
(843, 111, 3, NULL, NULL),
(844, 112, 3, NULL, NULL),
(845, 113, 3, NULL, NULL),
(846, 114, 3, NULL, NULL),
(847, 115, 3, NULL, NULL),
(848, 116, 3, NULL, NULL),
(849, 117, 3, NULL, NULL),
(850, 118, 3, NULL, NULL),
(851, 119, 3, NULL, NULL),
(852, 120, 3, NULL, NULL),
(853, 121, 3, NULL, NULL),
(854, 122, 3, NULL, NULL),
(855, 123, 3, NULL, NULL),
(856, 124, 3, NULL, NULL),
(857, 125, 3, NULL, NULL),
(858, 126, 3, NULL, NULL),
(859, 127, 3, NULL, NULL),
(860, 128, 3, NULL, NULL),
(861, 129, 3, NULL, NULL),
(862, 130, 3, NULL, NULL),
(863, 131, 3, NULL, NULL),
(864, 132, 3, NULL, NULL),
(865, 133, 3, NULL, NULL),
(866, 134, 3, NULL, NULL),
(867, 135, 3, NULL, NULL),
(868, 136, 3, NULL, NULL),
(869, 137, 3, NULL, NULL),
(870, 138, 3, NULL, NULL),
(871, 139, 3, NULL, NULL),
(872, 140, 3, NULL, NULL),
(873, 141, 3, NULL, NULL),
(874, 142, 3, NULL, NULL),
(875, 143, 3, NULL, NULL),
(876, 144, 3, NULL, NULL),
(877, 145, 3, NULL, NULL),
(878, 146, 3, NULL, NULL),
(879, 147, 3, NULL, NULL),
(880, 148, 3, NULL, NULL),
(881, 149, 3, NULL, NULL),
(882, 150, 3, NULL, NULL),
(883, 151, 3, NULL, NULL),
(884, 152, 3, NULL, NULL),
(885, 153, 3, NULL, NULL),
(886, 154, 3, NULL, NULL),
(887, 155, 3, NULL, NULL),
(888, 156, 3, NULL, NULL),
(889, 157, 3, NULL, NULL),
(890, 158, 3, NULL, NULL),
(891, 159, 3, NULL, NULL),
(892, 160, 3, NULL, NULL),
(893, 161, 3, NULL, NULL),
(894, 162, 3, NULL, NULL),
(895, 163, 3, NULL, NULL),
(896, 164, 3, NULL, NULL),
(897, 165, 3, NULL, NULL),
(898, 166, 3, NULL, NULL),
(899, 167, 3, NULL, NULL),
(900, 168, 3, NULL, NULL),
(901, 169, 3, NULL, NULL),
(902, 170, 3, NULL, NULL),
(903, 171, 3, NULL, NULL),
(904, 172, 3, NULL, NULL),
(905, 173, 3, NULL, NULL),
(906, 174, 3, NULL, NULL),
(907, 175, 3, NULL, NULL),
(908, 176, 3, NULL, NULL),
(909, 177, 3, NULL, NULL),
(910, 178, 3, NULL, NULL),
(911, 179, 3, NULL, NULL),
(912, 180, 3, NULL, NULL),
(913, 181, 3, NULL, NULL),
(914, 182, 3, NULL, NULL),
(915, 183, 3, NULL, NULL),
(916, 184, 3, NULL, NULL),
(917, 185, 3, NULL, NULL),
(918, 186, 3, NULL, NULL),
(919, 187, 3, NULL, NULL),
(920, 188, 3, NULL, NULL),
(921, 189, 3, NULL, NULL),
(922, 190, 3, NULL, NULL),
(923, 191, 3, NULL, NULL),
(924, 192, 3, NULL, NULL),
(925, 193, 3, NULL, NULL),
(926, 194, 3, NULL, NULL),
(927, 195, 3, NULL, NULL),
(928, 196, 3, NULL, NULL),
(929, 197, 3, NULL, NULL),
(930, 198, 3, NULL, NULL),
(931, 199, 3, NULL, NULL),
(932, 200, 3, NULL, NULL),
(933, 201, 3, NULL, NULL),
(934, 202, 3, NULL, NULL),
(935, 203, 3, NULL, NULL),
(936, 204, 3, NULL, NULL),
(937, 205, 3, NULL, NULL),
(938, 206, 3, NULL, NULL),
(939, 207, 3, NULL, NULL),
(940, 208, 3, NULL, NULL),
(941, 209, 3, NULL, NULL),
(942, 210, 3, NULL, NULL),
(943, 211, 3, NULL, NULL),
(944, 212, 3, NULL, NULL),
(945, 213, 3, NULL, NULL),
(946, 214, 3, NULL, NULL),
(947, 215, 3, NULL, NULL),
(948, 216, 3, NULL, NULL),
(949, 217, 3, NULL, NULL),
(950, 218, 3, NULL, NULL),
(951, 219, 3, NULL, NULL),
(952, 220, 3, NULL, NULL),
(953, 221, 3, NULL, NULL),
(954, 222, 3, NULL, NULL),
(955, 223, 3, NULL, NULL),
(956, 224, 3, NULL, NULL),
(957, 225, 3, NULL, NULL),
(958, 226, 3, NULL, NULL),
(959, 227, 3, NULL, NULL),
(960, 228, 3, NULL, NULL),
(961, 229, 3, NULL, NULL),
(962, 230, 3, NULL, NULL),
(963, 231, 3, NULL, NULL),
(964, 232, 3, NULL, NULL),
(965, 233, 3, NULL, NULL),
(966, 234, 3, NULL, NULL),
(967, 235, 3, NULL, NULL),
(968, 236, 3, NULL, NULL),
(969, 237, 3, NULL, NULL),
(970, 238, 3, NULL, NULL),
(971, 239, 3, NULL, NULL),
(972, 240, 3, NULL, NULL),
(973, 241, 3, NULL, NULL),
(974, 242, 3, NULL, NULL),
(975, 243, 3, NULL, NULL),
(976, 244, 3, NULL, NULL),
(977, 245, 3, NULL, NULL),
(978, 246, 3, NULL, NULL),
(979, 247, 3, NULL, NULL),
(980, 248, 3, NULL, NULL),
(981, 249, 3, NULL, NULL),
(982, 250, 3, NULL, NULL),
(983, 251, 3, NULL, NULL),
(984, 252, 3, NULL, NULL),
(985, 253, 3, NULL, NULL),
(986, 254, 3, NULL, NULL),
(987, 255, 3, NULL, NULL),
(988, 256, 3, NULL, NULL),
(989, 257, 3, NULL, NULL),
(990, 258, 3, NULL, NULL),
(991, 259, 3, NULL, NULL),
(992, 260, 3, NULL, NULL),
(993, 261, 3, NULL, NULL),
(994, 262, 3, NULL, NULL),
(995, 263, 3, NULL, NULL),
(996, 264, 3, NULL, NULL),
(997, 265, 3, NULL, NULL),
(998, 266, 3, NULL, NULL),
(999, 267, 3, NULL, NULL),
(1000, 268, 3, NULL, NULL),
(1001, 269, 3, NULL, NULL),
(1002, 270, 3, NULL, NULL),
(1003, 271, 3, NULL, NULL),
(1004, 272, 3, NULL, NULL),
(1005, 273, 3, NULL, NULL),
(1006, 274, 3, NULL, NULL),
(1007, 275, 3, NULL, NULL),
(1008, 276, 3, NULL, NULL),
(1009, 277, 3, NULL, NULL),
(1010, 278, 3, NULL, NULL),
(1011, 279, 3, NULL, NULL),
(1012, 280, 3, NULL, NULL),
(1013, 281, 3, NULL, NULL),
(1014, 282, 3, NULL, NULL),
(1015, 283, 3, NULL, NULL),
(1016, 284, 3, NULL, NULL),
(1017, 285, 3, NULL, NULL),
(1018, 286, 3, NULL, NULL),
(1019, 287, 3, NULL, NULL),
(1020, 288, 3, NULL, NULL),
(1021, 289, 3, NULL, NULL),
(1022, 290, 3, NULL, NULL),
(1023, 291, 3, NULL, NULL),
(1024, 292, 3, NULL, NULL),
(1025, 293, 3, NULL, NULL),
(1026, 294, 3, NULL, NULL),
(1027, 295, 3, NULL, NULL),
(1028, 296, 3, NULL, NULL),
(1029, 297, 3, NULL, NULL),
(1030, 298, 3, NULL, NULL),
(1031, 299, 3, NULL, NULL),
(1032, 300, 3, NULL, NULL),
(1033, 301, 3, NULL, NULL),
(1034, 302, 3, NULL, NULL),
(1035, 303, 3, NULL, NULL),
(1036, 304, 3, NULL, NULL),
(1037, 305, 3, NULL, NULL),
(1038, 306, 3, NULL, NULL),
(1039, 307, 3, NULL, NULL),
(1040, 308, 3, NULL, NULL),
(1041, 309, 3, NULL, NULL),
(1042, 310, 3, NULL, NULL),
(1043, 311, 3, NULL, NULL),
(1044, 312, 3, NULL, NULL),
(1045, 313, 3, NULL, NULL),
(1046, 314, 3, NULL, NULL),
(1047, 315, 3, NULL, NULL),
(1048, 316, 3, NULL, NULL),
(1049, 317, 3, NULL, NULL),
(1050, 318, 3, NULL, NULL),
(1051, 319, 3, NULL, NULL),
(1052, 320, 3, NULL, NULL),
(1053, 321, 3, NULL, NULL),
(1054, 322, 3, NULL, NULL),
(1055, 323, 3, NULL, NULL),
(1056, 324, 3, NULL, NULL),
(1057, 325, 3, NULL, NULL),
(1058, 326, 3, NULL, NULL),
(1059, 327, 3, NULL, NULL),
(1060, 328, 3, NULL, NULL),
(1061, 329, 3, NULL, NULL),
(1062, 330, 3, NULL, NULL),
(1063, 331, 3, NULL, NULL),
(1064, 332, 3, NULL, NULL),
(1065, 333, 3, NULL, NULL),
(1066, 334, 3, NULL, NULL),
(1067, 335, 3, NULL, NULL),
(1068, 336, 3, NULL, NULL),
(1069, 337, 3, NULL, NULL),
(1070, 338, 3, NULL, NULL),
(1071, 339, 3, NULL, NULL),
(1072, 340, 3, NULL, NULL),
(1073, 341, 3, NULL, NULL),
(1074, 342, 3, NULL, NULL),
(1075, 343, 3, NULL, NULL),
(1076, 344, 3, NULL, NULL),
(1077, 345, 3, NULL, NULL),
(1078, 346, 3, NULL, NULL),
(1079, 347, 3, NULL, NULL),
(1080, 348, 3, NULL, NULL),
(1081, 349, 3, NULL, NULL),
(1082, 350, 3, NULL, NULL),
(1083, 351, 3, NULL, NULL),
(1084, 352, 3, NULL, NULL),
(1085, 353, 3, NULL, NULL),
(1086, 354, 3, NULL, NULL),
(1087, 355, 3, NULL, NULL),
(1088, 356, 3, NULL, NULL),
(1089, 357, 3, NULL, NULL),
(1090, 358, 3, NULL, NULL),
(1091, 359, 3, NULL, NULL),
(1092, 360, 3, NULL, NULL),
(1093, 361, 3, NULL, NULL),
(1094, 362, 3, NULL, NULL),
(1095, 363, 3, NULL, NULL),
(1096, 364, 3, NULL, NULL),
(1097, 365, 3, NULL, NULL),
(1098, 366, 3, NULL, NULL),
(1099, 1, 4, NULL, NULL),
(1100, 2, 4, NULL, NULL),
(1101, 3, 4, NULL, NULL),
(1102, 4, 4, NULL, NULL),
(1103, 5, 4, NULL, NULL),
(1104, 6, 4, NULL, NULL),
(1105, 7, 4, NULL, NULL),
(1106, 8, 4, NULL, NULL),
(1107, 9, 4, NULL, NULL),
(1108, 10, 4, NULL, NULL),
(1109, 11, 4, NULL, NULL),
(1110, 12, 4, NULL, NULL),
(1111, 13, 4, NULL, NULL),
(1112, 14, 4, NULL, NULL),
(1113, 15, 4, NULL, NULL),
(1114, 16, 4, NULL, NULL),
(1115, 17, 4, NULL, NULL),
(1116, 18, 4, NULL, NULL),
(1117, 19, 4, NULL, NULL),
(1118, 20, 4, NULL, NULL),
(1119, 21, 4, NULL, NULL),
(1120, 22, 4, NULL, NULL),
(1121, 23, 4, NULL, NULL),
(1122, 24, 4, NULL, NULL),
(1123, 25, 4, NULL, NULL),
(1124, 26, 4, NULL, NULL),
(1125, 27, 4, NULL, NULL),
(1126, 28, 4, NULL, NULL),
(1127, 29, 4, NULL, NULL),
(1128, 30, 4, NULL, NULL),
(1129, 31, 4, NULL, NULL),
(1130, 32, 4, NULL, NULL),
(1131, 33, 4, NULL, NULL),
(1132, 34, 4, NULL, NULL),
(1133, 35, 4, NULL, NULL),
(1134, 36, 4, NULL, NULL),
(1135, 37, 4, NULL, NULL),
(1136, 38, 4, NULL, NULL),
(1137, 39, 4, NULL, NULL),
(1138, 40, 4, NULL, NULL),
(1139, 41, 4, NULL, NULL),
(1140, 42, 4, NULL, NULL),
(1141, 43, 4, NULL, NULL),
(1142, 44, 4, NULL, NULL),
(1143, 45, 4, NULL, NULL),
(1144, 46, 4, NULL, NULL),
(1145, 47, 4, NULL, NULL),
(1146, 48, 4, NULL, NULL),
(1147, 49, 4, NULL, NULL),
(1148, 50, 4, NULL, NULL),
(1149, 51, 4, NULL, NULL),
(1150, 52, 4, NULL, NULL),
(1151, 53, 4, NULL, NULL),
(1152, 54, 4, NULL, NULL),
(1153, 55, 4, NULL, NULL),
(1154, 56, 4, NULL, NULL),
(1155, 57, 4, NULL, NULL),
(1156, 58, 4, NULL, NULL),
(1157, 59, 4, NULL, NULL),
(1158, 60, 4, NULL, NULL),
(1159, 61, 4, NULL, NULL),
(1160, 62, 4, NULL, NULL),
(1161, 63, 4, NULL, NULL),
(1162, 64, 4, NULL, NULL),
(1163, 65, 4, NULL, NULL),
(1164, 66, 4, NULL, NULL),
(1165, 67, 4, NULL, NULL),
(1166, 68, 4, NULL, NULL),
(1167, 69, 4, NULL, NULL),
(1168, 70, 4, NULL, NULL),
(1169, 71, 4, NULL, NULL),
(1170, 72, 4, NULL, NULL),
(1171, 73, 4, NULL, NULL),
(1172, 74, 4, NULL, NULL),
(1173, 75, 4, NULL, NULL),
(1174, 76, 4, NULL, NULL),
(1175, 77, 4, NULL, NULL),
(1176, 78, 4, NULL, NULL),
(1177, 79, 4, NULL, NULL),
(1178, 80, 4, NULL, NULL),
(1179, 81, 4, NULL, NULL),
(1180, 82, 4, NULL, NULL),
(1181, 83, 4, NULL, NULL),
(1182, 84, 4, NULL, NULL),
(1183, 85, 4, NULL, NULL),
(1184, 86, 4, NULL, NULL),
(1185, 87, 4, NULL, NULL),
(1186, 88, 4, NULL, NULL),
(1187, 89, 4, NULL, NULL),
(1188, 90, 4, NULL, NULL),
(1189, 91, 4, NULL, NULL),
(1190, 92, 4, NULL, NULL),
(1191, 93, 4, NULL, NULL),
(1192, 94, 4, NULL, NULL),
(1193, 95, 4, NULL, NULL),
(1194, 96, 4, NULL, NULL),
(1195, 97, 4, NULL, NULL),
(1196, 98, 4, NULL, NULL),
(1197, 99, 4, NULL, NULL),
(1198, 100, 4, NULL, NULL),
(1199, 101, 4, NULL, NULL),
(1200, 102, 4, NULL, NULL),
(1201, 103, 4, NULL, NULL),
(1202, 104, 4, NULL, NULL),
(1203, 105, 4, NULL, NULL),
(1204, 106, 4, NULL, NULL),
(1205, 107, 4, NULL, NULL),
(1206, 108, 4, NULL, NULL),
(1207, 109, 4, NULL, NULL),
(1208, 110, 4, NULL, NULL),
(1209, 111, 4, NULL, NULL),
(1210, 112, 4, NULL, NULL),
(1211, 113, 4, NULL, NULL),
(1212, 114, 4, NULL, NULL),
(1213, 115, 4, NULL, NULL),
(1214, 116, 4, NULL, NULL),
(1215, 117, 4, NULL, NULL),
(1216, 118, 4, NULL, NULL),
(1217, 119, 4, NULL, NULL),
(1218, 120, 4, NULL, NULL),
(1219, 121, 4, NULL, NULL),
(1220, 122, 4, NULL, NULL),
(1221, 123, 4, NULL, NULL),
(1222, 124, 4, NULL, NULL),
(1223, 125, 4, NULL, NULL),
(1224, 126, 4, NULL, NULL),
(1225, 127, 4, NULL, NULL),
(1226, 128, 4, NULL, NULL),
(1227, 129, 4, NULL, NULL),
(1228, 130, 4, NULL, NULL),
(1229, 131, 4, NULL, NULL),
(1230, 132, 4, NULL, NULL),
(1231, 133, 4, NULL, NULL),
(1232, 134, 4, NULL, NULL),
(1233, 135, 4, NULL, NULL),
(1234, 136, 4, NULL, NULL),
(1235, 137, 4, NULL, NULL),
(1236, 138, 4, NULL, NULL),
(1237, 139, 4, NULL, NULL),
(1238, 140, 4, NULL, NULL),
(1239, 141, 4, NULL, NULL),
(1240, 142, 4, NULL, NULL),
(1241, 143, 4, NULL, NULL),
(1242, 144, 4, NULL, NULL),
(1243, 145, 4, NULL, NULL),
(1244, 146, 4, NULL, NULL),
(1245, 147, 4, NULL, NULL),
(1246, 148, 4, NULL, NULL),
(1247, 149, 4, NULL, NULL),
(1248, 150, 4, NULL, NULL),
(1249, 151, 4, NULL, NULL),
(1250, 152, 4, NULL, NULL),
(1251, 153, 4, NULL, NULL),
(1252, 154, 4, NULL, NULL),
(1253, 155, 4, NULL, NULL),
(1254, 156, 4, NULL, NULL),
(1255, 157, 4, NULL, NULL),
(1256, 158, 4, NULL, NULL),
(1257, 159, 4, NULL, NULL),
(1258, 160, 4, NULL, NULL),
(1259, 161, 4, NULL, NULL),
(1260, 162, 4, NULL, NULL),
(1261, 163, 4, NULL, NULL),
(1262, 164, 4, NULL, NULL),
(1263, 165, 4, NULL, NULL),
(1264, 166, 4, NULL, NULL),
(1265, 167, 4, NULL, NULL),
(1266, 168, 4, NULL, NULL),
(1267, 169, 4, NULL, NULL),
(1268, 170, 4, NULL, NULL),
(1269, 171, 4, NULL, NULL),
(1270, 172, 4, NULL, NULL),
(1271, 173, 4, NULL, NULL),
(1272, 174, 4, NULL, NULL),
(1273, 175, 4, NULL, NULL),
(1274, 176, 4, NULL, NULL),
(1275, 177, 4, NULL, NULL),
(1276, 178, 4, NULL, NULL),
(1277, 179, 4, NULL, NULL),
(1278, 180, 4, NULL, NULL),
(1279, 181, 4, NULL, NULL),
(1280, 182, 4, NULL, NULL),
(1281, 183, 4, NULL, NULL),
(1282, 184, 4, NULL, NULL),
(1283, 185, 4, NULL, NULL),
(1284, 186, 4, NULL, NULL),
(1285, 187, 4, NULL, NULL),
(1286, 188, 4, NULL, NULL),
(1287, 189, 4, NULL, NULL),
(1288, 190, 4, NULL, NULL),
(1289, 191, 4, NULL, NULL),
(1290, 192, 4, NULL, NULL),
(1291, 193, 4, NULL, NULL),
(1292, 194, 4, NULL, NULL),
(1293, 195, 4, NULL, NULL),
(1294, 196, 4, NULL, NULL),
(1295, 197, 4, NULL, NULL),
(1296, 198, 4, NULL, NULL),
(1297, 199, 4, NULL, NULL),
(1298, 200, 4, NULL, NULL),
(1299, 201, 4, NULL, NULL),
(1300, 202, 4, NULL, NULL),
(1301, 203, 4, NULL, NULL),
(1302, 204, 4, NULL, NULL),
(1303, 205, 4, NULL, NULL),
(1304, 206, 4, NULL, NULL),
(1305, 207, 4, NULL, NULL),
(1306, 208, 4, NULL, NULL),
(1307, 209, 4, NULL, NULL),
(1308, 210, 4, NULL, NULL),
(1309, 211, 4, NULL, NULL),
(1310, 212, 4, NULL, NULL),
(1311, 213, 4, NULL, NULL),
(1312, 214, 4, NULL, NULL),
(1313, 215, 4, NULL, NULL),
(1314, 216, 4, NULL, NULL),
(1315, 217, 4, NULL, NULL),
(1316, 218, 4, NULL, NULL),
(1317, 219, 4, NULL, NULL),
(1318, 220, 4, NULL, NULL),
(1319, 221, 4, NULL, NULL),
(1320, 222, 4, NULL, NULL),
(1321, 223, 4, NULL, NULL),
(1322, 224, 4, NULL, NULL),
(1323, 225, 4, NULL, NULL),
(1324, 226, 4, NULL, NULL),
(1325, 227, 4, NULL, NULL),
(1326, 228, 4, NULL, NULL),
(1327, 229, 4, NULL, NULL),
(1328, 230, 4, NULL, NULL),
(1329, 231, 4, NULL, NULL),
(1330, 232, 4, NULL, NULL),
(1331, 233, 4, NULL, NULL),
(1332, 234, 4, NULL, NULL),
(1333, 235, 4, NULL, NULL),
(1334, 236, 4, NULL, NULL),
(1335, 237, 4, NULL, NULL),
(1336, 238, 4, NULL, NULL),
(1337, 239, 4, NULL, NULL),
(1338, 240, 4, NULL, NULL),
(1339, 241, 4, NULL, NULL),
(1340, 242, 4, NULL, NULL),
(1341, 243, 4, NULL, NULL),
(1342, 244, 4, NULL, NULL),
(1343, 245, 4, NULL, NULL),
(1344, 246, 4, NULL, NULL),
(1345, 247, 4, NULL, NULL),
(1346, 248, 4, NULL, NULL),
(1347, 249, 4, NULL, NULL),
(1348, 250, 4, NULL, NULL),
(1349, 251, 4, NULL, NULL),
(1350, 252, 4, NULL, NULL),
(1351, 253, 4, NULL, NULL),
(1352, 254, 4, NULL, NULL),
(1353, 255, 4, NULL, NULL),
(1354, 256, 4, NULL, NULL),
(1355, 257, 4, NULL, NULL),
(1356, 258, 4, NULL, NULL),
(1357, 259, 4, NULL, NULL),
(1358, 260, 4, NULL, NULL),
(1359, 261, 4, NULL, NULL),
(1360, 262, 4, NULL, NULL),
(1361, 263, 4, NULL, NULL),
(1362, 264, 4, NULL, NULL),
(1363, 265, 4, NULL, NULL),
(1364, 266, 4, NULL, NULL),
(1365, 267, 4, NULL, NULL),
(1366, 268, 4, NULL, NULL),
(1367, 269, 4, NULL, NULL),
(1368, 270, 4, NULL, NULL),
(1369, 271, 4, NULL, NULL),
(1370, 272, 4, NULL, NULL),
(1371, 273, 4, NULL, NULL),
(1372, 274, 4, NULL, NULL),
(1373, 275, 4, NULL, NULL),
(1374, 276, 4, NULL, NULL),
(1375, 277, 4, NULL, NULL),
(1376, 278, 4, NULL, NULL),
(1377, 279, 4, NULL, NULL),
(1378, 280, 4, NULL, NULL),
(1379, 281, 4, NULL, NULL),
(1380, 282, 4, NULL, NULL),
(1381, 283, 4, NULL, NULL),
(1382, 284, 4, NULL, NULL),
(1383, 285, 4, NULL, NULL),
(1384, 286, 4, NULL, NULL),
(1385, 287, 4, NULL, NULL),
(1386, 288, 4, NULL, NULL),
(1387, 289, 4, NULL, NULL),
(1388, 290, 4, NULL, NULL),
(1389, 291, 4, NULL, NULL),
(1390, 292, 4, NULL, NULL),
(1391, 293, 4, NULL, NULL),
(1392, 294, 4, NULL, NULL),
(1393, 295, 4, NULL, NULL),
(1394, 296, 4, NULL, NULL),
(1395, 297, 4, NULL, NULL),
(1396, 298, 4, NULL, NULL),
(1397, 299, 4, NULL, NULL),
(1398, 300, 4, NULL, NULL),
(1399, 301, 4, NULL, NULL),
(1400, 302, 4, NULL, NULL),
(1401, 303, 4, NULL, NULL),
(1402, 304, 4, NULL, NULL),
(1403, 305, 4, NULL, NULL),
(1404, 306, 4, NULL, NULL),
(1405, 307, 4, NULL, NULL),
(1406, 308, 4, NULL, NULL),
(1407, 309, 4, NULL, NULL),
(1408, 310, 4, NULL, NULL),
(1409, 311, 4, NULL, NULL),
(1410, 312, 4, NULL, NULL),
(1411, 313, 4, NULL, NULL),
(1412, 314, 4, NULL, NULL),
(1413, 315, 4, NULL, NULL),
(1414, 316, 4, NULL, NULL),
(1415, 317, 4, NULL, NULL),
(1416, 318, 4, NULL, NULL),
(1417, 319, 4, NULL, NULL),
(1418, 320, 4, NULL, NULL),
(1419, 321, 4, NULL, NULL),
(1420, 322, 4, NULL, NULL),
(1421, 323, 4, NULL, NULL),
(1422, 324, 4, NULL, NULL),
(1423, 325, 4, NULL, NULL),
(1424, 326, 4, NULL, NULL),
(1425, 327, 4, NULL, NULL),
(1426, 328, 4, NULL, NULL),
(1427, 329, 4, NULL, NULL),
(1428, 330, 4, NULL, NULL),
(1429, 331, 4, NULL, NULL),
(1430, 332, 4, NULL, NULL),
(1431, 333, 4, NULL, NULL),
(1432, 334, 4, NULL, NULL),
(1433, 335, 4, NULL, NULL),
(1434, 336, 4, NULL, NULL),
(1435, 337, 4, NULL, NULL),
(1436, 338, 4, NULL, NULL),
(1437, 339, 4, NULL, NULL),
(1438, 340, 4, NULL, NULL),
(1439, 341, 4, NULL, NULL),
(1440, 342, 4, NULL, NULL),
(1441, 343, 4, NULL, NULL),
(1442, 344, 4, NULL, NULL),
(1443, 345, 4, NULL, NULL),
(1444, 346, 4, NULL, NULL),
(1445, 347, 4, NULL, NULL),
(1446, 348, 4, NULL, NULL),
(1447, 349, 4, NULL, NULL),
(1448, 350, 4, NULL, NULL),
(1449, 351, 4, NULL, NULL),
(1450, 352, 4, NULL, NULL),
(1451, 353, 4, NULL, NULL),
(1452, 354, 4, NULL, NULL),
(1453, 355, 4, NULL, NULL),
(1454, 356, 4, NULL, NULL),
(1455, 357, 4, NULL, NULL),
(1456, 358, 4, NULL, NULL),
(1457, 359, 4, NULL, NULL),
(1458, 360, 4, NULL, NULL),
(1459, 361, 4, NULL, NULL),
(1460, 362, 4, NULL, NULL),
(1461, 363, 4, NULL, NULL),
(1462, 364, 4, NULL, NULL),
(1463, 365, 4, NULL, NULL),
(1464, 366, 4, NULL, NULL),
(1465, 1, 5, NULL, NULL),
(1466, 2, 5, NULL, NULL),
(1467, 3, 5, NULL, NULL),
(1468, 4, 5, NULL, NULL),
(1469, 5, 5, NULL, NULL),
(1470, 6, 5, NULL, NULL),
(1471, 7, 5, NULL, NULL),
(1472, 8, 5, NULL, NULL),
(1473, 9, 5, NULL, NULL),
(1474, 10, 5, NULL, NULL),
(1475, 11, 5, NULL, NULL),
(1476, 12, 5, NULL, NULL),
(1477, 13, 5, NULL, NULL),
(1478, 14, 5, NULL, NULL),
(1479, 15, 5, NULL, NULL),
(1480, 16, 5, NULL, NULL),
(1481, 17, 5, NULL, NULL),
(1482, 18, 5, NULL, NULL),
(1483, 19, 5, NULL, NULL),
(1484, 20, 5, NULL, NULL),
(1485, 21, 5, NULL, NULL),
(1486, 22, 5, NULL, NULL),
(1487, 23, 5, NULL, NULL),
(1488, 24, 5, NULL, NULL),
(1489, 25, 5, NULL, NULL),
(1490, 26, 5, NULL, NULL),
(1491, 27, 5, NULL, NULL),
(1492, 28, 5, NULL, NULL),
(1493, 29, 5, NULL, NULL),
(1494, 30, 5, NULL, NULL),
(1495, 31, 5, NULL, NULL),
(1496, 32, 5, NULL, NULL),
(1497, 33, 5, NULL, NULL),
(1498, 34, 5, NULL, NULL),
(1499, 35, 5, NULL, NULL),
(1500, 36, 5, NULL, NULL),
(1501, 37, 5, NULL, NULL),
(1502, 38, 5, NULL, NULL),
(1503, 39, 5, NULL, NULL),
(1504, 40, 5, NULL, NULL),
(1505, 41, 5, NULL, NULL),
(1506, 42, 5, NULL, NULL),
(1507, 43, 5, NULL, NULL),
(1508, 44, 5, NULL, NULL),
(1509, 45, 5, NULL, NULL),
(1510, 46, 5, NULL, NULL),
(1511, 47, 5, NULL, NULL),
(1512, 48, 5, NULL, NULL),
(1513, 49, 5, NULL, NULL),
(1514, 50, 5, NULL, NULL),
(1515, 51, 5, NULL, NULL),
(1516, 52, 5, NULL, NULL),
(1517, 53, 5, NULL, NULL),
(1518, 54, 5, NULL, NULL),
(1519, 55, 5, NULL, NULL),
(1520, 56, 5, NULL, NULL),
(1521, 57, 5, NULL, NULL),
(1522, 58, 5, NULL, NULL),
(1523, 59, 5, NULL, NULL),
(1524, 60, 5, NULL, NULL),
(1525, 61, 5, NULL, NULL),
(1526, 62, 5, NULL, NULL),
(1527, 63, 5, NULL, NULL),
(1528, 64, 5, NULL, NULL),
(1529, 65, 5, NULL, NULL),
(1530, 66, 5, NULL, NULL),
(1531, 67, 5, NULL, NULL),
(1532, 68, 5, NULL, NULL),
(1533, 69, 5, NULL, NULL),
(1534, 70, 5, NULL, NULL),
(1535, 71, 5, NULL, NULL),
(1536, 72, 5, NULL, NULL),
(1537, 73, 5, NULL, NULL),
(1538, 74, 5, NULL, NULL),
(1539, 75, 5, NULL, NULL),
(1540, 76, 5, NULL, NULL),
(1541, 77, 5, NULL, NULL),
(1542, 78, 5, NULL, NULL),
(1543, 79, 5, NULL, NULL),
(1544, 80, 5, NULL, NULL),
(1545, 81, 5, NULL, NULL),
(1546, 82, 5, NULL, NULL),
(1547, 83, 5, NULL, NULL),
(1548, 84, 5, NULL, NULL),
(1549, 85, 5, NULL, NULL),
(1550, 86, 5, NULL, NULL),
(1551, 87, 5, NULL, NULL),
(1552, 88, 5, NULL, NULL),
(1553, 89, 5, NULL, NULL),
(1554, 90, 5, NULL, NULL),
(1555, 91, 5, NULL, NULL),
(1556, 92, 5, NULL, NULL),
(1557, 93, 5, NULL, NULL),
(1558, 94, 5, NULL, NULL),
(1559, 95, 5, NULL, NULL),
(1560, 96, 5, NULL, NULL),
(1561, 97, 5, NULL, NULL),
(1562, 98, 5, NULL, NULL),
(1563, 99, 5, NULL, NULL),
(1564, 100, 5, NULL, NULL),
(1565, 101, 5, NULL, NULL),
(1566, 102, 5, NULL, NULL),
(1567, 103, 5, NULL, NULL),
(1568, 104, 5, NULL, NULL),
(1569, 105, 5, NULL, NULL),
(1570, 106, 5, NULL, NULL),
(1571, 107, 5, NULL, NULL),
(1572, 108, 5, NULL, NULL),
(1573, 109, 5, NULL, NULL),
(1574, 110, 5, NULL, NULL),
(1575, 111, 5, NULL, NULL),
(1576, 112, 5, NULL, NULL),
(1577, 113, 5, NULL, NULL),
(1578, 114, 5, NULL, NULL),
(1579, 115, 5, NULL, NULL),
(1580, 116, 5, NULL, NULL),
(1581, 117, 5, NULL, NULL),
(1582, 118, 5, NULL, NULL),
(1583, 119, 5, NULL, NULL),
(1584, 120, 5, NULL, NULL),
(1585, 121, 5, NULL, NULL),
(1586, 122, 5, NULL, NULL),
(1587, 123, 5, NULL, NULL),
(1588, 124, 5, NULL, NULL),
(1589, 125, 5, NULL, NULL),
(1590, 126, 5, NULL, NULL),
(1591, 127, 5, NULL, NULL),
(1592, 128, 5, NULL, NULL),
(1593, 129, 5, NULL, NULL),
(1594, 130, 5, NULL, NULL),
(1595, 131, 5, NULL, NULL),
(1596, 132, 5, NULL, NULL),
(1597, 133, 5, NULL, NULL),
(1598, 134, 5, NULL, NULL),
(1599, 135, 5, NULL, NULL),
(1600, 136, 5, NULL, NULL),
(1601, 137, 5, NULL, NULL),
(1602, 138, 5, NULL, NULL),
(1603, 139, 5, NULL, NULL),
(1604, 140, 5, NULL, NULL),
(1605, 141, 5, NULL, NULL),
(1606, 142, 5, NULL, NULL),
(1607, 143, 5, NULL, NULL),
(1608, 144, 5, NULL, NULL),
(1609, 145, 5, NULL, NULL),
(1610, 146, 5, NULL, NULL),
(1611, 147, 5, NULL, NULL),
(1612, 148, 5, NULL, NULL),
(1613, 149, 5, NULL, NULL),
(1614, 150, 5, NULL, NULL),
(1615, 151, 5, NULL, NULL),
(1616, 152, 5, NULL, NULL),
(1617, 153, 5, NULL, NULL),
(1618, 154, 5, NULL, NULL),
(1619, 155, 5, NULL, NULL),
(1620, 156, 5, NULL, NULL),
(1621, 157, 5, NULL, NULL),
(1622, 158, 5, NULL, NULL),
(1623, 159, 5, NULL, NULL),
(1624, 160, 5, NULL, NULL),
(1625, 161, 5, NULL, NULL),
(1626, 162, 5, NULL, NULL),
(1627, 163, 5, NULL, NULL),
(1628, 164, 5, NULL, NULL),
(1629, 165, 5, NULL, NULL),
(1630, 166, 5, NULL, NULL),
(1631, 167, 5, NULL, NULL),
(1632, 168, 5, NULL, NULL),
(1633, 169, 5, NULL, NULL),
(1634, 170, 5, NULL, NULL),
(1635, 171, 5, NULL, NULL),
(1636, 172, 5, NULL, NULL),
(1637, 173, 5, NULL, NULL),
(1638, 174, 5, NULL, NULL),
(1639, 175, 5, NULL, NULL),
(1640, 176, 5, NULL, NULL),
(1641, 177, 5, NULL, NULL),
(1642, 178, 5, NULL, NULL),
(1643, 179, 5, NULL, NULL),
(1644, 180, 5, NULL, NULL),
(1645, 181, 5, NULL, NULL),
(1646, 182, 5, NULL, NULL),
(1647, 183, 5, NULL, NULL),
(1648, 184, 5, NULL, NULL),
(1649, 185, 5, NULL, NULL),
(1650, 186, 5, NULL, NULL),
(1651, 187, 5, NULL, NULL),
(1652, 188, 5, NULL, NULL),
(1653, 189, 5, NULL, NULL),
(1654, 190, 5, NULL, NULL),
(1655, 191, 5, NULL, NULL),
(1656, 192, 5, NULL, NULL),
(1657, 193, 5, NULL, NULL),
(1658, 194, 5, NULL, NULL),
(1659, 195, 5, NULL, NULL),
(1660, 196, 5, NULL, NULL),
(1661, 197, 5, NULL, NULL),
(1662, 198, 5, NULL, NULL),
(1663, 199, 5, NULL, NULL),
(1664, 200, 5, NULL, NULL),
(1665, 201, 5, NULL, NULL),
(1666, 202, 5, NULL, NULL),
(1667, 203, 5, NULL, NULL),
(1668, 204, 5, NULL, NULL),
(1669, 205, 5, NULL, NULL),
(1670, 206, 5, NULL, NULL),
(1671, 207, 5, NULL, NULL),
(1672, 208, 5, NULL, NULL),
(1673, 209, 5, NULL, NULL),
(1674, 210, 5, NULL, NULL),
(1675, 211, 5, NULL, NULL),
(1676, 212, 5, NULL, NULL),
(1677, 213, 5, NULL, NULL),
(1678, 214, 5, NULL, NULL),
(1679, 215, 5, NULL, NULL),
(1680, 216, 5, NULL, NULL),
(1681, 217, 5, NULL, NULL),
(1682, 218, 5, NULL, NULL),
(1683, 219, 5, NULL, NULL),
(1684, 220, 5, NULL, NULL),
(1685, 221, 5, NULL, NULL),
(1686, 222, 5, NULL, NULL),
(1687, 223, 5, NULL, NULL),
(1688, 224, 5, NULL, NULL),
(1689, 225, 5, NULL, NULL),
(1690, 226, 5, NULL, NULL),
(1691, 227, 5, NULL, NULL),
(1692, 228, 5, NULL, NULL),
(1693, 229, 5, NULL, NULL),
(1694, 230, 5, NULL, NULL),
(1695, 231, 5, NULL, NULL),
(1696, 232, 5, NULL, NULL),
(1697, 233, 5, NULL, NULL),
(1698, 234, 5, NULL, NULL),
(1699, 235, 5, NULL, NULL),
(1700, 236, 5, NULL, NULL),
(1701, 237, 5, NULL, NULL),
(1702, 238, 5, NULL, NULL),
(1703, 239, 5, NULL, NULL),
(1704, 240, 5, NULL, NULL),
(1705, 241, 5, NULL, NULL),
(1706, 242, 5, NULL, NULL),
(1707, 243, 5, NULL, NULL),
(1708, 244, 5, NULL, NULL),
(1709, 245, 5, NULL, NULL),
(1710, 246, 5, NULL, NULL),
(1711, 247, 5, NULL, NULL),
(1712, 248, 5, NULL, NULL),
(1713, 249, 5, NULL, NULL),
(1714, 250, 5, NULL, NULL),
(1715, 251, 5, NULL, NULL),
(1716, 252, 5, NULL, NULL),
(1717, 253, 5, NULL, NULL),
(1718, 254, 5, NULL, NULL),
(1719, 255, 5, NULL, NULL),
(1720, 256, 5, NULL, NULL),
(1721, 257, 5, NULL, NULL),
(1722, 258, 5, NULL, NULL),
(1723, 259, 5, NULL, NULL),
(1724, 260, 5, NULL, NULL),
(1725, 261, 5, NULL, NULL),
(1726, 262, 5, NULL, NULL),
(1727, 263, 5, NULL, NULL),
(1728, 264, 5, NULL, NULL),
(1729, 265, 5, NULL, NULL),
(1730, 266, 5, NULL, NULL),
(1731, 267, 5, NULL, NULL),
(1732, 268, 5, NULL, NULL),
(1733, 269, 5, NULL, NULL),
(1734, 270, 5, NULL, NULL),
(1735, 271, 5, NULL, NULL),
(1736, 272, 5, NULL, NULL),
(1737, 273, 5, NULL, NULL),
(1738, 274, 5, NULL, NULL),
(1739, 275, 5, NULL, NULL),
(1740, 276, 5, NULL, NULL),
(1741, 277, 5, NULL, NULL),
(1742, 278, 5, NULL, NULL),
(1743, 279, 5, NULL, NULL),
(1744, 280, 5, NULL, NULL),
(1745, 281, 5, NULL, NULL),
(1746, 282, 5, NULL, NULL),
(1747, 283, 5, NULL, NULL),
(1748, 284, 5, NULL, NULL),
(1749, 285, 5, NULL, NULL),
(1750, 286, 5, NULL, NULL),
(1751, 287, 5, NULL, NULL),
(1752, 288, 5, NULL, NULL),
(1753, 289, 5, NULL, NULL),
(1754, 290, 5, NULL, NULL),
(1755, 291, 5, NULL, NULL),
(1756, 292, 5, NULL, NULL),
(1757, 293, 5, NULL, NULL),
(1758, 294, 5, NULL, NULL),
(1759, 295, 5, NULL, NULL),
(1760, 296, 5, NULL, NULL),
(1761, 297, 5, NULL, NULL),
(1762, 298, 5, NULL, NULL),
(1763, 299, 5, NULL, NULL),
(1764, 300, 5, NULL, NULL),
(1765, 301, 5, NULL, NULL),
(1766, 302, 5, NULL, NULL),
(1767, 303, 5, NULL, NULL),
(1768, 304, 5, NULL, NULL),
(1769, 305, 5, NULL, NULL),
(1770, 306, 5, NULL, NULL),
(1771, 307, 5, NULL, NULL),
(1772, 308, 5, NULL, NULL),
(1773, 309, 5, NULL, NULL),
(1774, 310, 5, NULL, NULL),
(1775, 311, 5, NULL, NULL),
(1776, 312, 5, NULL, NULL),
(1777, 313, 5, NULL, NULL),
(1778, 314, 5, NULL, NULL),
(1779, 315, 5, NULL, NULL),
(1780, 316, 5, NULL, NULL),
(1781, 317, 5, NULL, NULL),
(1782, 318, 5, NULL, NULL),
(1783, 319, 5, NULL, NULL),
(1784, 320, 5, NULL, NULL),
(1785, 321, 5, NULL, NULL),
(1786, 322, 5, NULL, NULL),
(1787, 323, 5, NULL, NULL),
(1788, 324, 5, NULL, NULL),
(1789, 325, 5, NULL, NULL),
(1790, 326, 5, NULL, NULL),
(1791, 327, 5, NULL, NULL),
(1792, 328, 5, NULL, NULL),
(1793, 329, 5, NULL, NULL),
(1794, 330, 5, NULL, NULL),
(1795, 331, 5, NULL, NULL),
(1796, 332, 5, NULL, NULL),
(1797, 333, 5, NULL, NULL),
(1798, 334, 5, NULL, NULL),
(1799, 335, 5, NULL, NULL),
(1800, 336, 5, NULL, NULL),
(1801, 337, 5, NULL, NULL),
(1802, 338, 5, NULL, NULL),
(1803, 339, 5, NULL, NULL),
(1804, 340, 5, NULL, NULL),
(1805, 341, 5, NULL, NULL),
(1806, 342, 5, NULL, NULL),
(1807, 343, 5, NULL, NULL),
(1808, 344, 5, NULL, NULL),
(1809, 345, 5, NULL, NULL),
(1810, 346, 5, NULL, NULL),
(1811, 347, 5, NULL, NULL),
(1812, 348, 5, NULL, NULL),
(1813, 349, 5, NULL, NULL),
(1814, 350, 5, NULL, NULL),
(1815, 351, 5, NULL, NULL),
(1816, 352, 5, NULL, NULL),
(1817, 353, 5, NULL, NULL),
(1818, 354, 5, NULL, NULL),
(1819, 355, 5, NULL, NULL),
(1820, 356, 5, NULL, NULL),
(1821, 357, 5, NULL, NULL),
(1822, 358, 5, NULL, NULL),
(1823, 359, 5, NULL, NULL),
(1824, 360, 5, NULL, NULL),
(1825, 361, 5, NULL, NULL),
(1826, 362, 5, NULL, NULL),
(1827, 363, 5, NULL, NULL),
(1828, 364, 5, NULL, NULL),
(1829, 365, 5, NULL, NULL),
(1830, 366, 5, NULL, NULL),
(1831, 1, 6, NULL, NULL),
(1832, 2, 6, NULL, NULL),
(1833, 3, 6, NULL, NULL),
(1834, 4, 6, NULL, NULL),
(1835, 5, 6, NULL, NULL),
(1836, 6, 6, NULL, NULL),
(1837, 7, 6, NULL, NULL),
(1838, 8, 6, NULL, NULL),
(1839, 9, 6, NULL, NULL),
(1840, 10, 6, NULL, NULL),
(1841, 11, 6, NULL, NULL),
(1842, 12, 6, NULL, NULL),
(1843, 13, 6, NULL, NULL),
(1844, 14, 6, NULL, NULL),
(1845, 15, 6, NULL, NULL),
(1846, 16, 6, NULL, NULL),
(1847, 17, 6, NULL, NULL),
(1848, 18, 6, NULL, NULL),
(1849, 19, 6, NULL, NULL),
(1850, 20, 6, NULL, NULL),
(1851, 21, 6, NULL, NULL),
(1852, 22, 6, NULL, NULL),
(1853, 23, 6, NULL, NULL),
(1854, 24, 6, NULL, NULL),
(1855, 25, 6, NULL, NULL),
(1856, 26, 6, NULL, NULL),
(1857, 27, 6, NULL, NULL),
(1858, 28, 6, NULL, NULL),
(1859, 29, 6, NULL, NULL),
(1860, 30, 6, NULL, NULL),
(1861, 31, 6, NULL, NULL),
(1862, 32, 6, NULL, NULL),
(1863, 33, 6, NULL, NULL),
(1864, 34, 6, NULL, NULL),
(1865, 35, 6, NULL, NULL),
(1866, 36, 6, NULL, NULL),
(1867, 37, 6, NULL, NULL),
(1868, 38, 6, NULL, NULL),
(1869, 39, 6, NULL, NULL),
(1870, 40, 6, NULL, NULL),
(1871, 41, 6, NULL, NULL),
(1872, 42, 6, NULL, NULL),
(1873, 43, 6, NULL, NULL),
(1874, 44, 6, NULL, NULL),
(1875, 45, 6, NULL, NULL),
(1876, 46, 6, NULL, NULL),
(1877, 47, 6, NULL, NULL),
(1878, 48, 6, NULL, NULL),
(1879, 49, 6, NULL, NULL),
(1880, 50, 6, NULL, NULL),
(1881, 51, 6, NULL, NULL),
(1882, 52, 6, NULL, NULL),
(1883, 53, 6, NULL, NULL),
(1884, 54, 6, NULL, NULL),
(1885, 55, 6, NULL, NULL),
(1886, 56, 6, NULL, NULL),
(1887, 57, 6, NULL, NULL),
(1888, 58, 6, NULL, NULL),
(1889, 59, 6, NULL, NULL),
(1890, 60, 6, NULL, NULL),
(1891, 61, 6, NULL, NULL),
(1892, 62, 6, NULL, NULL),
(1893, 63, 6, NULL, NULL),
(1894, 64, 6, NULL, NULL),
(1895, 65, 6, NULL, NULL),
(1896, 66, 6, NULL, NULL),
(1897, 67, 6, NULL, NULL),
(1898, 68, 6, NULL, NULL),
(1899, 69, 6, NULL, NULL),
(1900, 70, 6, NULL, NULL),
(1901, 71, 6, NULL, NULL),
(1902, 72, 6, NULL, NULL),
(1903, 73, 6, NULL, NULL),
(1904, 74, 6, NULL, NULL),
(1905, 75, 6, NULL, NULL),
(1906, 76, 6, NULL, NULL),
(1907, 77, 6, NULL, NULL),
(1908, 78, 6, NULL, NULL),
(1909, 79, 6, NULL, NULL),
(1910, 80, 6, NULL, NULL),
(1911, 81, 6, NULL, NULL),
(1912, 82, 6, NULL, NULL),
(1913, 83, 6, NULL, NULL),
(1914, 84, 6, NULL, NULL),
(1915, 85, 6, NULL, NULL),
(1916, 86, 6, NULL, NULL),
(1917, 87, 6, NULL, NULL),
(1918, 88, 6, NULL, NULL),
(1919, 89, 6, NULL, NULL),
(1920, 90, 6, NULL, NULL),
(1921, 91, 6, NULL, NULL),
(1922, 92, 6, NULL, NULL),
(1923, 93, 6, NULL, NULL),
(1924, 94, 6, NULL, NULL),
(1925, 95, 6, NULL, NULL),
(1926, 96, 6, NULL, NULL),
(1927, 97, 6, NULL, NULL),
(1928, 98, 6, NULL, NULL),
(1929, 99, 6, NULL, NULL),
(1930, 100, 6, NULL, NULL),
(1931, 101, 6, NULL, NULL),
(1932, 102, 6, NULL, NULL),
(1933, 103, 6, NULL, NULL),
(1934, 104, 6, NULL, NULL),
(1935, 105, 6, NULL, NULL),
(1936, 106, 6, NULL, NULL),
(1937, 107, 6, NULL, NULL),
(1938, 108, 6, NULL, NULL),
(1939, 109, 6, NULL, NULL),
(1940, 110, 6, NULL, NULL),
(1941, 111, 6, NULL, NULL),
(1942, 112, 6, NULL, NULL),
(1943, 113, 6, NULL, NULL),
(1944, 114, 6, NULL, NULL),
(1945, 115, 6, NULL, NULL),
(1946, 116, 6, NULL, NULL),
(1947, 117, 6, NULL, NULL),
(1948, 118, 6, NULL, NULL),
(1949, 119, 6, NULL, NULL),
(1950, 120, 6, NULL, NULL),
(1951, 121, 6, NULL, NULL),
(1952, 122, 6, NULL, NULL),
(1953, 123, 6, NULL, NULL),
(1954, 124, 6, NULL, NULL),
(1955, 125, 6, NULL, NULL),
(1956, 126, 6, NULL, NULL),
(1957, 127, 6, NULL, NULL),
(1958, 128, 6, NULL, NULL),
(1959, 129, 6, NULL, NULL),
(1960, 130, 6, NULL, NULL),
(1961, 131, 6, NULL, NULL),
(1962, 132, 6, NULL, NULL),
(1963, 133, 6, NULL, NULL),
(1964, 134, 6, NULL, NULL),
(1965, 135, 6, NULL, NULL),
(1966, 136, 6, NULL, NULL),
(1967, 137, 6, NULL, NULL),
(1968, 138, 6, NULL, NULL),
(1969, 139, 6, NULL, NULL),
(1970, 140, 6, NULL, NULL),
(1971, 141, 6, NULL, NULL),
(1972, 142, 6, NULL, NULL),
(1973, 143, 6, NULL, NULL),
(1974, 144, 6, NULL, NULL),
(1975, 145, 6, NULL, NULL),
(1976, 146, 6, NULL, NULL),
(1977, 147, 6, NULL, NULL),
(1978, 148, 6, NULL, NULL),
(1979, 149, 6, NULL, NULL),
(1980, 150, 6, NULL, NULL),
(1981, 151, 6, NULL, NULL),
(1982, 152, 6, NULL, NULL),
(1983, 153, 6, NULL, NULL),
(1984, 154, 6, NULL, NULL),
(1985, 155, 6, NULL, NULL);
INSERT INTO `mar_calendario_emp` (`id_calendario_emp`, `calendario_id`, `empleado_id`, `created_at`, `updated_at`) VALUES
(1986, 156, 6, NULL, NULL),
(1987, 157, 6, NULL, NULL),
(1988, 158, 6, NULL, NULL),
(1989, 159, 6, NULL, NULL),
(1990, 160, 6, NULL, NULL),
(1991, 161, 6, NULL, NULL),
(1992, 162, 6, NULL, NULL),
(1993, 163, 6, NULL, NULL),
(1994, 164, 6, NULL, NULL),
(1995, 165, 6, NULL, NULL),
(1996, 166, 6, NULL, NULL),
(1997, 167, 6, NULL, NULL),
(1998, 168, 6, NULL, NULL),
(1999, 169, 6, NULL, NULL),
(2000, 170, 6, NULL, NULL),
(2001, 171, 6, NULL, NULL),
(2002, 172, 6, NULL, NULL),
(2003, 173, 6, NULL, NULL),
(2004, 174, 6, NULL, NULL),
(2005, 175, 6, NULL, NULL),
(2006, 176, 6, NULL, NULL),
(2007, 177, 6, NULL, NULL),
(2008, 178, 6, NULL, NULL),
(2009, 179, 6, NULL, NULL),
(2010, 180, 6, NULL, NULL),
(2011, 181, 6, NULL, NULL),
(2012, 182, 6, NULL, NULL),
(2013, 183, 6, NULL, NULL),
(2014, 184, 6, NULL, NULL),
(2015, 185, 6, NULL, NULL),
(2016, 186, 6, NULL, NULL),
(2017, 187, 6, NULL, NULL),
(2018, 188, 6, NULL, NULL),
(2019, 189, 6, NULL, NULL),
(2020, 190, 6, NULL, NULL),
(2021, 191, 6, NULL, NULL),
(2022, 192, 6, NULL, NULL),
(2023, 193, 6, NULL, NULL),
(2024, 194, 6, NULL, NULL),
(2025, 195, 6, NULL, NULL),
(2026, 196, 6, NULL, NULL),
(2027, 197, 6, NULL, NULL),
(2028, 198, 6, NULL, NULL),
(2029, 199, 6, NULL, NULL),
(2030, 200, 6, NULL, NULL),
(2031, 201, 6, NULL, NULL),
(2032, 202, 6, NULL, NULL),
(2033, 203, 6, NULL, NULL),
(2034, 204, 6, NULL, NULL),
(2035, 205, 6, NULL, NULL),
(2036, 206, 6, NULL, NULL),
(2037, 207, 6, NULL, NULL),
(2038, 208, 6, NULL, NULL),
(2039, 209, 6, NULL, NULL),
(2040, 210, 6, NULL, NULL),
(2041, 211, 6, NULL, NULL),
(2042, 212, 6, NULL, NULL),
(2043, 213, 6, NULL, NULL),
(2044, 214, 6, NULL, NULL),
(2045, 215, 6, NULL, NULL),
(2046, 216, 6, NULL, NULL),
(2047, 217, 6, NULL, NULL),
(2048, 218, 6, NULL, NULL),
(2049, 219, 6, NULL, NULL),
(2050, 220, 6, NULL, NULL),
(2051, 221, 6, NULL, NULL),
(2052, 222, 6, NULL, NULL),
(2053, 223, 6, NULL, NULL),
(2054, 224, 6, NULL, NULL),
(2055, 225, 6, NULL, NULL),
(2056, 226, 6, NULL, NULL),
(2057, 227, 6, NULL, NULL),
(2058, 228, 6, NULL, NULL),
(2059, 229, 6, NULL, NULL),
(2060, 230, 6, NULL, NULL),
(2061, 231, 6, NULL, NULL),
(2062, 232, 6, NULL, NULL),
(2063, 233, 6, NULL, NULL),
(2064, 234, 6, NULL, NULL),
(2065, 235, 6, NULL, NULL),
(2066, 236, 6, NULL, NULL),
(2067, 237, 6, NULL, NULL),
(2068, 238, 6, NULL, NULL),
(2069, 239, 6, NULL, NULL),
(2070, 240, 6, NULL, NULL),
(2071, 241, 6, NULL, NULL),
(2072, 242, 6, NULL, NULL),
(2073, 243, 6, NULL, NULL),
(2074, 244, 6, NULL, NULL),
(2075, 245, 6, NULL, NULL),
(2076, 246, 6, NULL, NULL),
(2077, 247, 6, NULL, NULL),
(2078, 248, 6, NULL, NULL),
(2079, 249, 6, NULL, NULL),
(2080, 250, 6, NULL, NULL),
(2081, 251, 6, NULL, NULL),
(2082, 252, 6, NULL, NULL),
(2083, 253, 6, NULL, NULL),
(2084, 254, 6, NULL, NULL),
(2085, 255, 6, NULL, NULL),
(2086, 256, 6, NULL, NULL),
(2087, 257, 6, NULL, NULL),
(2088, 258, 6, NULL, NULL),
(2089, 259, 6, NULL, NULL),
(2090, 260, 6, NULL, NULL),
(2091, 261, 6, NULL, NULL),
(2092, 262, 6, NULL, NULL),
(2093, 263, 6, NULL, NULL),
(2094, 264, 6, NULL, NULL),
(2095, 265, 6, NULL, NULL),
(2096, 266, 6, NULL, NULL),
(2097, 267, 6, NULL, NULL),
(2098, 268, 6, NULL, NULL),
(2099, 269, 6, NULL, NULL),
(2100, 270, 6, NULL, NULL),
(2101, 271, 6, NULL, NULL),
(2102, 272, 6, NULL, NULL),
(2103, 273, 6, NULL, NULL),
(2104, 274, 6, NULL, NULL),
(2105, 275, 6, NULL, NULL),
(2106, 276, 6, NULL, NULL),
(2107, 277, 6, NULL, NULL),
(2108, 278, 6, NULL, NULL),
(2109, 279, 6, NULL, NULL),
(2110, 280, 6, NULL, NULL),
(2111, 281, 6, NULL, NULL),
(2112, 282, 6, NULL, NULL),
(2113, 283, 6, NULL, NULL),
(2114, 284, 6, NULL, NULL),
(2115, 285, 6, NULL, NULL),
(2116, 286, 6, NULL, NULL),
(2117, 287, 6, NULL, NULL),
(2118, 288, 6, NULL, NULL),
(2119, 289, 6, NULL, NULL),
(2120, 290, 6, NULL, NULL),
(2121, 291, 6, NULL, NULL),
(2122, 292, 6, NULL, NULL),
(2123, 293, 6, NULL, NULL),
(2124, 294, 6, NULL, NULL),
(2125, 295, 6, NULL, NULL),
(2126, 296, 6, NULL, NULL),
(2127, 297, 6, NULL, NULL),
(2128, 298, 6, NULL, NULL),
(2129, 299, 6, NULL, NULL),
(2130, 300, 6, NULL, NULL),
(2131, 301, 6, NULL, NULL),
(2132, 302, 6, NULL, NULL),
(2133, 303, 6, NULL, NULL),
(2134, 304, 6, NULL, NULL),
(2135, 305, 6, NULL, NULL),
(2136, 306, 6, NULL, NULL),
(2137, 307, 6, NULL, NULL),
(2138, 308, 6, NULL, NULL),
(2139, 309, 6, NULL, NULL),
(2140, 310, 6, NULL, NULL),
(2141, 311, 6, NULL, NULL),
(2142, 312, 6, NULL, NULL),
(2143, 313, 6, NULL, NULL),
(2144, 314, 6, NULL, NULL),
(2145, 315, 6, NULL, NULL),
(2146, 316, 6, NULL, NULL),
(2147, 317, 6, NULL, NULL),
(2148, 318, 6, NULL, NULL),
(2149, 319, 6, NULL, NULL),
(2150, 320, 6, NULL, NULL),
(2151, 321, 6, NULL, NULL),
(2152, 322, 6, NULL, NULL),
(2153, 323, 6, NULL, NULL),
(2154, 324, 6, NULL, NULL),
(2155, 325, 6, NULL, NULL),
(2156, 326, 6, NULL, NULL),
(2157, 327, 6, NULL, NULL),
(2158, 328, 6, NULL, NULL),
(2159, 329, 6, NULL, NULL),
(2160, 330, 6, NULL, NULL),
(2161, 331, 6, NULL, NULL),
(2162, 332, 6, NULL, NULL),
(2163, 333, 6, NULL, NULL),
(2164, 334, 6, NULL, NULL),
(2165, 335, 6, NULL, NULL),
(2166, 336, 6, NULL, NULL),
(2167, 337, 6, NULL, NULL),
(2168, 338, 6, NULL, NULL),
(2169, 339, 6, NULL, NULL),
(2170, 340, 6, NULL, NULL),
(2171, 341, 6, NULL, NULL),
(2172, 342, 6, NULL, NULL),
(2173, 343, 6, NULL, NULL),
(2174, 344, 6, NULL, NULL),
(2175, 345, 6, NULL, NULL),
(2176, 346, 6, NULL, NULL),
(2177, 347, 6, NULL, NULL),
(2178, 348, 6, NULL, NULL),
(2179, 349, 6, NULL, NULL),
(2180, 350, 6, NULL, NULL),
(2181, 351, 6, NULL, NULL),
(2182, 352, 6, NULL, NULL),
(2183, 353, 6, NULL, NULL),
(2184, 354, 6, NULL, NULL),
(2185, 355, 6, NULL, NULL),
(2186, 356, 6, NULL, NULL),
(2187, 357, 6, NULL, NULL),
(2188, 358, 6, NULL, NULL),
(2189, 359, 6, NULL, NULL),
(2190, 360, 6, NULL, NULL),
(2191, 361, 6, NULL, NULL),
(2192, 362, 6, NULL, NULL),
(2193, 363, 6, NULL, NULL),
(2194, 364, 6, NULL, NULL),
(2195, 365, 6, NULL, NULL),
(2196, 366, 6, NULL, NULL),
(2197, 1, 7, NULL, NULL),
(2198, 2, 7, NULL, NULL),
(2199, 3, 7, NULL, NULL),
(2200, 4, 7, NULL, NULL),
(2201, 5, 7, NULL, NULL),
(2202, 6, 7, NULL, NULL),
(2203, 7, 7, NULL, NULL),
(2204, 8, 7, NULL, NULL),
(2205, 9, 7, NULL, NULL),
(2206, 10, 7, NULL, NULL),
(2207, 11, 7, NULL, NULL),
(2208, 12, 7, NULL, NULL),
(2209, 13, 7, NULL, NULL),
(2210, 14, 7, NULL, NULL),
(2211, 15, 7, NULL, NULL),
(2212, 16, 7, NULL, NULL),
(2213, 17, 7, NULL, NULL),
(2214, 18, 7, NULL, NULL),
(2215, 19, 7, NULL, NULL),
(2216, 20, 7, NULL, NULL),
(2217, 21, 7, NULL, NULL),
(2218, 22, 7, NULL, NULL),
(2219, 23, 7, NULL, NULL),
(2220, 24, 7, NULL, NULL),
(2221, 25, 7, NULL, NULL),
(2222, 26, 7, NULL, NULL),
(2223, 27, 7, NULL, NULL),
(2224, 28, 7, NULL, NULL),
(2225, 29, 7, NULL, NULL),
(2226, 30, 7, NULL, NULL),
(2227, 31, 7, NULL, NULL),
(2228, 32, 7, NULL, NULL),
(2229, 33, 7, NULL, NULL),
(2230, 34, 7, NULL, NULL),
(2231, 35, 7, NULL, NULL),
(2232, 36, 7, NULL, NULL),
(2233, 37, 7, NULL, NULL),
(2234, 38, 7, NULL, NULL),
(2235, 39, 7, NULL, NULL),
(2236, 40, 7, NULL, NULL),
(2237, 41, 7, NULL, NULL),
(2238, 42, 7, NULL, NULL),
(2239, 43, 7, NULL, NULL),
(2240, 44, 7, NULL, NULL),
(2241, 45, 7, NULL, NULL),
(2242, 46, 7, NULL, NULL),
(2243, 47, 7, NULL, NULL),
(2244, 48, 7, NULL, NULL),
(2245, 49, 7, NULL, NULL),
(2246, 50, 7, NULL, NULL),
(2247, 51, 7, NULL, NULL),
(2248, 52, 7, NULL, NULL),
(2249, 53, 7, NULL, NULL),
(2250, 54, 7, NULL, NULL),
(2251, 55, 7, NULL, NULL),
(2252, 56, 7, NULL, NULL),
(2253, 57, 7, NULL, NULL),
(2254, 58, 7, NULL, NULL),
(2255, 59, 7, NULL, NULL),
(2256, 60, 7, NULL, NULL),
(2257, 61, 7, NULL, NULL),
(2258, 62, 7, NULL, NULL),
(2259, 63, 7, NULL, NULL),
(2260, 64, 7, NULL, NULL),
(2261, 65, 7, NULL, NULL),
(2262, 66, 7, NULL, NULL),
(2263, 67, 7, NULL, NULL),
(2264, 68, 7, NULL, NULL),
(2265, 69, 7, NULL, NULL),
(2266, 70, 7, NULL, NULL),
(2267, 71, 7, NULL, NULL),
(2268, 72, 7, NULL, NULL),
(2269, 73, 7, NULL, NULL),
(2270, 74, 7, NULL, NULL),
(2271, 75, 7, NULL, NULL),
(2272, 76, 7, NULL, NULL),
(2273, 77, 7, NULL, NULL),
(2274, 78, 7, NULL, NULL),
(2275, 79, 7, NULL, NULL),
(2276, 80, 7, NULL, NULL),
(2277, 81, 7, NULL, NULL),
(2278, 82, 7, NULL, NULL),
(2279, 83, 7, NULL, NULL),
(2280, 84, 7, NULL, NULL),
(2281, 85, 7, NULL, NULL),
(2282, 86, 7, NULL, NULL),
(2283, 87, 7, NULL, NULL),
(2284, 88, 7, NULL, NULL),
(2285, 89, 7, NULL, NULL),
(2286, 90, 7, NULL, NULL),
(2287, 91, 7, NULL, NULL),
(2288, 92, 7, NULL, NULL),
(2289, 93, 7, NULL, NULL),
(2290, 94, 7, NULL, NULL),
(2291, 95, 7, NULL, NULL),
(2292, 96, 7, NULL, NULL),
(2293, 97, 7, NULL, NULL),
(2294, 98, 7, NULL, NULL),
(2295, 99, 7, NULL, NULL),
(2296, 100, 7, NULL, NULL),
(2297, 101, 7, NULL, NULL),
(2298, 102, 7, NULL, NULL),
(2299, 103, 7, NULL, NULL),
(2300, 104, 7, NULL, NULL),
(2301, 105, 7, NULL, NULL),
(2302, 106, 7, NULL, NULL),
(2303, 107, 7, NULL, NULL),
(2304, 108, 7, NULL, NULL),
(2305, 109, 7, NULL, NULL),
(2306, 110, 7, NULL, NULL),
(2307, 111, 7, NULL, NULL),
(2308, 112, 7, NULL, NULL),
(2309, 113, 7, NULL, NULL),
(2310, 114, 7, NULL, NULL),
(2311, 115, 7, NULL, NULL),
(2312, 116, 7, NULL, NULL),
(2313, 117, 7, NULL, NULL),
(2314, 118, 7, NULL, NULL),
(2315, 119, 7, NULL, NULL),
(2316, 120, 7, NULL, NULL),
(2317, 121, 7, NULL, NULL),
(2318, 122, 7, NULL, NULL),
(2319, 123, 7, NULL, NULL),
(2320, 124, 7, NULL, NULL),
(2321, 125, 7, NULL, NULL),
(2322, 126, 7, NULL, NULL),
(2323, 127, 7, NULL, NULL),
(2324, 128, 7, NULL, NULL),
(2325, 129, 7, NULL, NULL),
(2326, 130, 7, NULL, NULL),
(2327, 131, 7, NULL, NULL),
(2328, 132, 7, NULL, NULL),
(2329, 133, 7, NULL, NULL),
(2330, 134, 7, NULL, NULL),
(2331, 135, 7, NULL, NULL),
(2332, 136, 7, NULL, NULL),
(2333, 137, 7, NULL, NULL),
(2334, 138, 7, NULL, NULL),
(2335, 139, 7, NULL, NULL),
(2336, 140, 7, NULL, NULL),
(2337, 141, 7, NULL, NULL),
(2338, 142, 7, NULL, NULL),
(2339, 143, 7, NULL, NULL),
(2340, 144, 7, NULL, NULL),
(2341, 145, 7, NULL, NULL),
(2342, 146, 7, NULL, NULL),
(2343, 147, 7, NULL, NULL),
(2344, 148, 7, NULL, NULL),
(2345, 149, 7, NULL, NULL),
(2346, 150, 7, NULL, NULL),
(2347, 151, 7, NULL, NULL),
(2348, 152, 7, NULL, NULL),
(2349, 153, 7, NULL, NULL),
(2350, 154, 7, NULL, NULL),
(2351, 155, 7, NULL, NULL),
(2352, 156, 7, NULL, NULL),
(2353, 157, 7, NULL, NULL),
(2354, 158, 7, NULL, NULL),
(2355, 159, 7, NULL, NULL),
(2356, 160, 7, NULL, NULL),
(2357, 161, 7, NULL, NULL),
(2358, 162, 7, NULL, NULL),
(2359, 163, 7, NULL, NULL),
(2360, 164, 7, NULL, NULL),
(2361, 165, 7, NULL, NULL),
(2362, 166, 7, NULL, NULL),
(2363, 167, 7, NULL, NULL),
(2364, 168, 7, NULL, NULL),
(2365, 169, 7, NULL, NULL),
(2366, 170, 7, NULL, NULL),
(2367, 171, 7, NULL, NULL),
(2368, 172, 7, NULL, NULL),
(2369, 173, 7, NULL, NULL),
(2370, 174, 7, NULL, NULL),
(2371, 175, 7, NULL, NULL),
(2372, 176, 7, NULL, NULL),
(2373, 177, 7, NULL, NULL),
(2374, 178, 7, NULL, NULL),
(2375, 179, 7, NULL, NULL),
(2376, 180, 7, NULL, NULL),
(2377, 181, 7, NULL, NULL),
(2378, 182, 7, NULL, NULL),
(2379, 183, 7, NULL, NULL),
(2380, 184, 7, NULL, NULL),
(2381, 185, 7, NULL, NULL),
(2382, 186, 7, NULL, NULL),
(2383, 187, 7, NULL, NULL),
(2384, 188, 7, NULL, NULL),
(2385, 189, 7, NULL, NULL),
(2386, 190, 7, NULL, NULL),
(2387, 191, 7, NULL, NULL),
(2388, 192, 7, NULL, NULL),
(2389, 193, 7, NULL, NULL),
(2390, 194, 7, NULL, NULL),
(2391, 195, 7, NULL, NULL),
(2392, 196, 7, NULL, NULL),
(2393, 197, 7, NULL, NULL),
(2394, 198, 7, NULL, NULL),
(2395, 199, 7, NULL, NULL),
(2396, 200, 7, NULL, NULL),
(2397, 201, 7, NULL, NULL),
(2398, 202, 7, NULL, NULL),
(2399, 203, 7, NULL, NULL),
(2400, 204, 7, NULL, NULL),
(2401, 205, 7, NULL, NULL),
(2402, 206, 7, NULL, NULL),
(2403, 207, 7, NULL, NULL),
(2404, 208, 7, NULL, NULL),
(2405, 209, 7, NULL, NULL),
(2406, 210, 7, NULL, NULL),
(2407, 211, 7, NULL, NULL),
(2408, 212, 7, NULL, NULL),
(2409, 213, 7, NULL, NULL),
(2410, 214, 7, NULL, NULL),
(2411, 215, 7, NULL, NULL),
(2412, 216, 7, NULL, NULL),
(2413, 217, 7, NULL, NULL),
(2414, 218, 7, NULL, NULL),
(2415, 219, 7, NULL, NULL),
(2416, 220, 7, NULL, NULL),
(2417, 221, 7, NULL, NULL),
(2418, 222, 7, NULL, NULL),
(2419, 223, 7, NULL, NULL),
(2420, 224, 7, NULL, NULL),
(2421, 225, 7, NULL, NULL),
(2422, 226, 7, NULL, NULL),
(2423, 227, 7, NULL, NULL),
(2424, 228, 7, NULL, NULL),
(2425, 229, 7, NULL, NULL),
(2426, 230, 7, NULL, NULL),
(2427, 231, 7, NULL, NULL),
(2428, 232, 7, NULL, NULL),
(2429, 233, 7, NULL, NULL),
(2430, 234, 7, NULL, NULL),
(2431, 235, 7, NULL, NULL),
(2432, 236, 7, NULL, NULL),
(2433, 237, 7, NULL, NULL),
(2434, 238, 7, NULL, NULL),
(2435, 239, 7, NULL, NULL),
(2436, 240, 7, NULL, NULL),
(2437, 241, 7, NULL, NULL),
(2438, 242, 7, NULL, NULL),
(2439, 243, 7, NULL, NULL),
(2440, 244, 7, NULL, NULL),
(2441, 245, 7, NULL, NULL),
(2442, 246, 7, NULL, NULL),
(2443, 247, 7, NULL, NULL),
(2444, 248, 7, NULL, NULL),
(2445, 249, 7, NULL, NULL),
(2446, 250, 7, NULL, NULL),
(2447, 251, 7, NULL, NULL),
(2448, 252, 7, NULL, NULL),
(2449, 253, 7, NULL, NULL),
(2450, 254, 7, NULL, NULL),
(2451, 255, 7, NULL, NULL),
(2452, 256, 7, NULL, NULL),
(2453, 257, 7, NULL, NULL),
(2454, 258, 7, NULL, NULL),
(2455, 259, 7, NULL, NULL),
(2456, 260, 7, NULL, NULL),
(2457, 261, 7, NULL, NULL),
(2458, 262, 7, NULL, NULL),
(2459, 263, 7, NULL, NULL),
(2460, 264, 7, NULL, NULL),
(2461, 265, 7, NULL, NULL),
(2462, 266, 7, NULL, NULL),
(2463, 267, 7, NULL, NULL),
(2464, 268, 7, NULL, NULL),
(2465, 269, 7, NULL, NULL),
(2466, 270, 7, NULL, NULL),
(2467, 271, 7, NULL, NULL),
(2468, 272, 7, NULL, NULL),
(2469, 273, 7, NULL, NULL),
(2470, 274, 7, NULL, NULL),
(2471, 275, 7, NULL, NULL),
(2472, 276, 7, NULL, NULL),
(2473, 277, 7, NULL, NULL),
(2474, 278, 7, NULL, NULL),
(2475, 279, 7, NULL, NULL),
(2476, 280, 7, NULL, NULL),
(2477, 281, 7, NULL, NULL),
(2478, 282, 7, NULL, NULL),
(2479, 283, 7, NULL, NULL),
(2480, 284, 7, NULL, NULL),
(2481, 285, 7, NULL, NULL),
(2482, 286, 7, NULL, NULL),
(2483, 287, 7, NULL, NULL),
(2484, 288, 7, NULL, NULL),
(2485, 289, 7, NULL, NULL),
(2486, 290, 7, NULL, NULL),
(2487, 291, 7, NULL, NULL),
(2488, 292, 7, NULL, NULL),
(2489, 293, 7, NULL, NULL),
(2490, 294, 7, NULL, NULL),
(2491, 295, 7, NULL, NULL),
(2492, 296, 7, NULL, NULL),
(2493, 297, 7, NULL, NULL),
(2494, 298, 7, NULL, NULL),
(2495, 299, 7, NULL, NULL),
(2496, 300, 7, NULL, NULL),
(2497, 301, 7, NULL, NULL),
(2498, 302, 7, NULL, NULL),
(2499, 303, 7, NULL, NULL),
(2500, 304, 7, NULL, NULL),
(2501, 305, 7, NULL, NULL),
(2502, 306, 7, NULL, NULL),
(2503, 307, 7, NULL, NULL),
(2504, 308, 7, NULL, NULL),
(2505, 309, 7, NULL, NULL),
(2506, 310, 7, NULL, NULL),
(2507, 311, 7, NULL, NULL),
(2508, 312, 7, NULL, NULL),
(2509, 313, 7, NULL, NULL),
(2510, 314, 7, NULL, NULL),
(2511, 315, 7, NULL, NULL),
(2512, 316, 7, NULL, NULL),
(2513, 317, 7, NULL, NULL),
(2514, 318, 7, NULL, NULL),
(2515, 319, 7, NULL, NULL),
(2516, 320, 7, NULL, NULL),
(2517, 321, 7, NULL, NULL),
(2518, 322, 7, NULL, NULL),
(2519, 323, 7, NULL, NULL),
(2520, 324, 7, NULL, NULL),
(2521, 325, 7, NULL, NULL),
(2522, 326, 7, NULL, NULL),
(2523, 327, 7, NULL, NULL),
(2524, 328, 7, NULL, NULL),
(2525, 329, 7, NULL, NULL),
(2526, 330, 7, NULL, NULL),
(2527, 331, 7, NULL, NULL),
(2528, 332, 7, NULL, NULL),
(2529, 333, 7, NULL, NULL),
(2530, 334, 7, NULL, NULL),
(2531, 335, 7, NULL, NULL),
(2532, 336, 7, NULL, NULL),
(2533, 337, 7, NULL, NULL),
(2534, 338, 7, NULL, NULL),
(2535, 339, 7, NULL, NULL),
(2536, 340, 7, NULL, NULL),
(2537, 341, 7, NULL, NULL),
(2538, 342, 7, NULL, NULL),
(2539, 343, 7, NULL, NULL),
(2540, 344, 7, NULL, NULL),
(2541, 345, 7, NULL, NULL),
(2542, 346, 7, NULL, NULL),
(2543, 347, 7, NULL, NULL),
(2544, 348, 7, NULL, NULL),
(2545, 349, 7, NULL, NULL),
(2546, 350, 7, NULL, NULL),
(2547, 351, 7, NULL, NULL),
(2548, 352, 7, NULL, NULL),
(2549, 353, 7, NULL, NULL),
(2550, 354, 7, NULL, NULL),
(2551, 355, 7, NULL, NULL),
(2552, 356, 7, NULL, NULL),
(2553, 357, 7, NULL, NULL),
(2554, 358, 7, NULL, NULL),
(2555, 359, 7, NULL, NULL),
(2556, 360, 7, NULL, NULL),
(2557, 361, 7, NULL, NULL),
(2558, 362, 7, NULL, NULL),
(2559, 363, 7, NULL, NULL),
(2560, 364, 7, NULL, NULL),
(2561, 365, 7, NULL, NULL),
(2562, 366, 7, NULL, NULL),
(2563, 1, 8, NULL, NULL),
(2564, 2, 8, NULL, NULL),
(2565, 3, 8, NULL, NULL),
(2566, 4, 8, NULL, NULL),
(2567, 5, 8, NULL, NULL),
(2568, 6, 8, NULL, NULL),
(2569, 7, 8, NULL, NULL),
(2570, 8, 8, NULL, NULL),
(2571, 9, 8, NULL, NULL),
(2572, 10, 8, NULL, NULL),
(2573, 11, 8, NULL, NULL),
(2574, 12, 8, NULL, NULL),
(2575, 13, 8, NULL, NULL),
(2576, 14, 8, NULL, NULL),
(2577, 15, 8, NULL, NULL),
(2578, 16, 8, NULL, NULL),
(2579, 17, 8, NULL, NULL),
(2580, 18, 8, NULL, NULL),
(2581, 19, 8, NULL, NULL),
(2582, 20, 8, NULL, NULL),
(2583, 21, 8, NULL, NULL),
(2584, 22, 8, NULL, NULL),
(2585, 23, 8, NULL, NULL),
(2586, 24, 8, NULL, NULL),
(2587, 25, 8, NULL, NULL),
(2588, 26, 8, NULL, NULL),
(2589, 27, 8, NULL, NULL),
(2590, 28, 8, NULL, NULL),
(2591, 29, 8, NULL, NULL),
(2592, 30, 8, NULL, NULL),
(2593, 31, 8, NULL, NULL),
(2594, 32, 8, NULL, NULL),
(2595, 33, 8, NULL, NULL),
(2596, 34, 8, NULL, NULL),
(2597, 35, 8, NULL, NULL),
(2598, 36, 8, NULL, NULL),
(2599, 37, 8, NULL, NULL),
(2600, 38, 8, NULL, NULL),
(2601, 39, 8, NULL, NULL),
(2602, 40, 8, NULL, NULL),
(2603, 41, 8, NULL, NULL),
(2604, 42, 8, NULL, NULL),
(2605, 43, 8, NULL, NULL),
(2606, 44, 8, NULL, NULL),
(2607, 45, 8, NULL, NULL),
(2608, 46, 8, NULL, NULL),
(2609, 47, 8, NULL, NULL),
(2610, 48, 8, NULL, NULL),
(2611, 49, 8, NULL, NULL),
(2612, 50, 8, NULL, NULL),
(2613, 51, 8, NULL, NULL),
(2614, 52, 8, NULL, NULL),
(2615, 53, 8, NULL, NULL),
(2616, 54, 8, NULL, NULL),
(2617, 55, 8, NULL, NULL),
(2618, 56, 8, NULL, NULL),
(2619, 57, 8, NULL, NULL),
(2620, 58, 8, NULL, NULL),
(2621, 59, 8, NULL, NULL),
(2622, 60, 8, NULL, NULL),
(2623, 61, 8, NULL, NULL),
(2624, 62, 8, NULL, NULL),
(2625, 63, 8, NULL, NULL),
(2626, 64, 8, NULL, NULL),
(2627, 65, 8, NULL, NULL),
(2628, 66, 8, NULL, NULL),
(2629, 67, 8, NULL, NULL),
(2630, 68, 8, NULL, NULL),
(2631, 69, 8, NULL, NULL),
(2632, 70, 8, NULL, NULL),
(2633, 71, 8, NULL, NULL),
(2634, 72, 8, NULL, NULL),
(2635, 73, 8, NULL, NULL),
(2636, 74, 8, NULL, NULL),
(2637, 75, 8, NULL, NULL),
(2638, 76, 8, NULL, NULL),
(2639, 77, 8, NULL, NULL),
(2640, 78, 8, NULL, NULL),
(2641, 79, 8, NULL, NULL),
(2642, 80, 8, NULL, NULL),
(2643, 81, 8, NULL, NULL),
(2644, 82, 8, NULL, NULL),
(2645, 83, 8, NULL, NULL),
(2646, 84, 8, NULL, NULL),
(2647, 85, 8, NULL, NULL),
(2648, 86, 8, NULL, NULL),
(2649, 87, 8, NULL, NULL),
(2650, 88, 8, NULL, NULL),
(2651, 89, 8, NULL, NULL),
(2652, 90, 8, NULL, NULL),
(2653, 91, 8, NULL, NULL),
(2654, 92, 8, NULL, NULL),
(2655, 93, 8, NULL, NULL),
(2656, 94, 8, NULL, NULL),
(2657, 95, 8, NULL, NULL),
(2658, 96, 8, NULL, NULL),
(2659, 97, 8, NULL, NULL),
(2660, 98, 8, NULL, NULL),
(2661, 99, 8, NULL, NULL),
(2662, 100, 8, NULL, NULL),
(2663, 101, 8, NULL, NULL),
(2664, 102, 8, NULL, NULL),
(2665, 103, 8, NULL, NULL),
(2666, 104, 8, NULL, NULL),
(2667, 105, 8, NULL, NULL),
(2668, 106, 8, NULL, NULL),
(2669, 107, 8, NULL, NULL),
(2670, 108, 8, NULL, NULL),
(2671, 109, 8, NULL, NULL),
(2672, 110, 8, NULL, NULL),
(2673, 111, 8, NULL, NULL),
(2674, 112, 8, NULL, NULL),
(2675, 113, 8, NULL, NULL),
(2676, 114, 8, NULL, NULL),
(2677, 115, 8, NULL, NULL),
(2678, 116, 8, NULL, NULL),
(2679, 117, 8, NULL, NULL),
(2680, 118, 8, NULL, NULL),
(2681, 119, 8, NULL, NULL),
(2682, 120, 8, NULL, NULL),
(2683, 121, 8, NULL, NULL),
(2684, 122, 8, NULL, NULL),
(2685, 123, 8, NULL, NULL),
(2686, 124, 8, NULL, NULL),
(2687, 125, 8, NULL, NULL),
(2688, 126, 8, NULL, NULL),
(2689, 127, 8, NULL, NULL),
(2690, 128, 8, NULL, NULL),
(2691, 129, 8, NULL, NULL),
(2692, 130, 8, NULL, NULL),
(2693, 131, 8, NULL, NULL),
(2694, 132, 8, NULL, NULL),
(2695, 133, 8, NULL, NULL),
(2696, 134, 8, NULL, NULL),
(2697, 135, 8, NULL, NULL),
(2698, 136, 8, NULL, NULL),
(2699, 137, 8, NULL, NULL),
(2700, 138, 8, NULL, NULL),
(2701, 139, 8, NULL, NULL),
(2702, 140, 8, NULL, NULL),
(2703, 141, 8, NULL, NULL),
(2704, 142, 8, NULL, NULL),
(2705, 143, 8, NULL, NULL),
(2706, 144, 8, NULL, NULL),
(2707, 145, 8, NULL, NULL),
(2708, 146, 8, NULL, NULL),
(2709, 147, 8, NULL, NULL),
(2710, 148, 8, NULL, NULL),
(2711, 149, 8, NULL, NULL),
(2712, 150, 8, NULL, NULL),
(2713, 151, 8, NULL, NULL),
(2714, 152, 8, NULL, NULL),
(2715, 153, 8, NULL, NULL),
(2716, 154, 8, NULL, NULL),
(2717, 155, 8, NULL, NULL),
(2718, 156, 8, NULL, NULL),
(2719, 157, 8, NULL, NULL),
(2720, 158, 8, NULL, NULL),
(2721, 159, 8, NULL, NULL),
(2722, 160, 8, NULL, NULL),
(2723, 161, 8, NULL, NULL),
(2724, 162, 8, NULL, NULL),
(2725, 163, 8, NULL, NULL),
(2726, 164, 8, NULL, NULL),
(2727, 165, 8, NULL, NULL),
(2728, 166, 8, NULL, NULL),
(2729, 167, 8, NULL, NULL),
(2730, 168, 8, NULL, NULL),
(2731, 169, 8, NULL, NULL),
(2732, 170, 8, NULL, NULL),
(2733, 171, 8, NULL, NULL),
(2734, 172, 8, NULL, NULL),
(2735, 173, 8, NULL, NULL),
(2736, 174, 8, NULL, NULL),
(2737, 175, 8, NULL, NULL),
(2738, 176, 8, NULL, NULL),
(2739, 177, 8, NULL, NULL),
(2740, 178, 8, NULL, NULL),
(2741, 179, 8, NULL, NULL),
(2742, 180, 8, NULL, NULL),
(2743, 181, 8, NULL, NULL),
(2744, 182, 8, NULL, NULL),
(2745, 183, 8, NULL, NULL),
(2746, 184, 8, NULL, NULL),
(2747, 185, 8, NULL, NULL),
(2748, 186, 8, NULL, NULL),
(2749, 187, 8, NULL, NULL),
(2750, 188, 8, NULL, NULL),
(2751, 189, 8, NULL, NULL),
(2752, 190, 8, NULL, NULL),
(2753, 191, 8, NULL, NULL),
(2754, 192, 8, NULL, NULL),
(2755, 193, 8, NULL, NULL),
(2756, 194, 8, NULL, NULL),
(2757, 195, 8, NULL, NULL),
(2758, 196, 8, NULL, NULL),
(2759, 197, 8, NULL, NULL),
(2760, 198, 8, NULL, NULL),
(2761, 199, 8, NULL, NULL),
(2762, 200, 8, NULL, NULL),
(2763, 201, 8, NULL, NULL),
(2764, 202, 8, NULL, NULL),
(2765, 203, 8, NULL, NULL),
(2766, 204, 8, NULL, NULL),
(2767, 205, 8, NULL, NULL),
(2768, 206, 8, NULL, NULL),
(2769, 207, 8, NULL, NULL),
(2770, 208, 8, NULL, NULL),
(2771, 209, 8, NULL, NULL),
(2772, 210, 8, NULL, NULL),
(2773, 211, 8, NULL, NULL),
(2774, 212, 8, NULL, NULL),
(2775, 213, 8, NULL, NULL),
(2776, 214, 8, NULL, NULL),
(2777, 215, 8, NULL, NULL),
(2778, 216, 8, NULL, NULL),
(2779, 217, 8, NULL, NULL),
(2780, 218, 8, NULL, NULL),
(2781, 219, 8, NULL, NULL),
(2782, 220, 8, NULL, NULL),
(2783, 221, 8, NULL, NULL),
(2784, 222, 8, NULL, NULL),
(2785, 223, 8, NULL, NULL),
(2786, 224, 8, NULL, NULL),
(2787, 225, 8, NULL, NULL),
(2788, 226, 8, NULL, NULL),
(2789, 227, 8, NULL, NULL),
(2790, 228, 8, NULL, NULL),
(2791, 229, 8, NULL, NULL),
(2792, 230, 8, NULL, NULL),
(2793, 231, 8, NULL, NULL),
(2794, 232, 8, NULL, NULL),
(2795, 233, 8, NULL, NULL),
(2796, 234, 8, NULL, NULL),
(2797, 235, 8, NULL, NULL),
(2798, 236, 8, NULL, NULL),
(2799, 237, 8, NULL, NULL),
(2800, 238, 8, NULL, NULL),
(2801, 239, 8, NULL, NULL),
(2802, 240, 8, NULL, NULL),
(2803, 241, 8, NULL, NULL),
(2804, 242, 8, NULL, NULL),
(2805, 243, 8, NULL, NULL),
(2806, 244, 8, NULL, NULL),
(2807, 245, 8, NULL, NULL),
(2808, 246, 8, NULL, NULL),
(2809, 247, 8, NULL, NULL),
(2810, 248, 8, NULL, NULL),
(2811, 249, 8, NULL, NULL),
(2812, 250, 8, NULL, NULL),
(2813, 251, 8, NULL, NULL),
(2814, 252, 8, NULL, NULL),
(2815, 253, 8, NULL, NULL),
(2816, 254, 8, NULL, NULL),
(2817, 255, 8, NULL, NULL),
(2818, 256, 8, NULL, NULL),
(2819, 257, 8, NULL, NULL),
(2820, 258, 8, NULL, NULL),
(2821, 259, 8, NULL, NULL),
(2822, 260, 8, NULL, NULL),
(2823, 261, 8, NULL, NULL),
(2824, 262, 8, NULL, NULL),
(2825, 263, 8, NULL, NULL),
(2826, 264, 8, NULL, NULL),
(2827, 265, 8, NULL, NULL),
(2828, 266, 8, NULL, NULL),
(2829, 267, 8, NULL, NULL),
(2830, 268, 8, NULL, NULL),
(2831, 269, 8, NULL, NULL),
(2832, 270, 8, NULL, NULL),
(2833, 271, 8, NULL, NULL),
(2834, 272, 8, NULL, NULL),
(2835, 273, 8, NULL, NULL),
(2836, 274, 8, NULL, NULL),
(2837, 275, 8, NULL, NULL),
(2838, 276, 8, NULL, NULL),
(2839, 277, 8, NULL, NULL),
(2840, 278, 8, NULL, NULL),
(2841, 279, 8, NULL, NULL),
(2842, 280, 8, NULL, NULL),
(2843, 281, 8, NULL, NULL),
(2844, 282, 8, NULL, NULL),
(2845, 283, 8, NULL, NULL),
(2846, 284, 8, NULL, NULL),
(2847, 285, 8, NULL, NULL),
(2848, 286, 8, NULL, NULL),
(2849, 287, 8, NULL, NULL),
(2850, 288, 8, NULL, NULL),
(2851, 289, 8, NULL, NULL),
(2852, 290, 8, NULL, NULL),
(2853, 291, 8, NULL, NULL),
(2854, 292, 8, NULL, NULL),
(2855, 293, 8, NULL, NULL),
(2856, 294, 8, NULL, NULL),
(2857, 295, 8, NULL, NULL),
(2858, 296, 8, NULL, NULL),
(2859, 297, 8, NULL, NULL),
(2860, 298, 8, NULL, NULL),
(2861, 299, 8, NULL, NULL),
(2862, 300, 8, NULL, NULL),
(2863, 301, 8, NULL, NULL),
(2864, 302, 8, NULL, NULL),
(2865, 303, 8, NULL, NULL),
(2866, 304, 8, NULL, NULL),
(2867, 305, 8, NULL, NULL),
(2868, 306, 8, NULL, NULL),
(2869, 307, 8, NULL, NULL),
(2870, 308, 8, NULL, NULL),
(2871, 309, 8, NULL, NULL),
(2872, 310, 8, NULL, NULL),
(2873, 311, 8, NULL, NULL),
(2874, 312, 8, NULL, NULL),
(2875, 313, 8, NULL, NULL),
(2876, 314, 8, NULL, NULL),
(2877, 315, 8, NULL, NULL),
(2878, 316, 8, NULL, NULL),
(2879, 317, 8, NULL, NULL),
(2880, 318, 8, NULL, NULL),
(2881, 319, 8, NULL, NULL),
(2882, 320, 8, NULL, NULL),
(2883, 321, 8, NULL, NULL),
(2884, 322, 8, NULL, NULL),
(2885, 323, 8, NULL, NULL),
(2886, 324, 8, NULL, NULL),
(2887, 325, 8, NULL, NULL),
(2888, 326, 8, NULL, NULL),
(2889, 327, 8, NULL, NULL),
(2890, 328, 8, NULL, NULL),
(2891, 329, 8, NULL, NULL),
(2892, 330, 8, NULL, NULL),
(2893, 331, 8, NULL, NULL),
(2894, 332, 8, NULL, NULL),
(2895, 333, 8, NULL, NULL),
(2896, 334, 8, NULL, NULL),
(2897, 335, 8, NULL, NULL),
(2898, 336, 8, NULL, NULL),
(2899, 337, 8, NULL, NULL),
(2900, 338, 8, NULL, NULL),
(2901, 339, 8, NULL, NULL),
(2902, 340, 8, NULL, NULL),
(2903, 341, 8, NULL, NULL),
(2904, 342, 8, NULL, NULL),
(2905, 343, 8, NULL, NULL),
(2906, 344, 8, NULL, NULL),
(2907, 345, 8, NULL, NULL),
(2908, 346, 8, NULL, NULL),
(2909, 347, 8, NULL, NULL),
(2910, 348, 8, NULL, NULL),
(2911, 349, 8, NULL, NULL),
(2912, 350, 8, NULL, NULL),
(2913, 351, 8, NULL, NULL),
(2914, 352, 8, NULL, NULL),
(2915, 353, 8, NULL, NULL),
(2916, 354, 8, NULL, NULL),
(2917, 355, 8, NULL, NULL),
(2918, 356, 8, NULL, NULL),
(2919, 357, 8, NULL, NULL),
(2920, 358, 8, NULL, NULL),
(2921, 359, 8, NULL, NULL),
(2922, 360, 8, NULL, NULL),
(2923, 361, 8, NULL, NULL),
(2924, 362, 8, NULL, NULL),
(2925, 363, 8, NULL, NULL),
(2926, 364, 8, NULL, NULL),
(2927, 365, 8, NULL, NULL),
(2928, 366, 8, NULL, NULL),
(2929, 1, 9, NULL, NULL),
(2930, 2, 9, NULL, NULL),
(2931, 3, 9, NULL, NULL),
(2932, 4, 9, NULL, NULL),
(2933, 5, 9, NULL, NULL),
(2934, 6, 9, NULL, NULL),
(2935, 7, 9, NULL, NULL),
(2936, 8, 9, NULL, NULL),
(2937, 9, 9, NULL, NULL),
(2938, 10, 9, NULL, NULL),
(2939, 11, 9, NULL, NULL),
(2940, 12, 9, NULL, NULL),
(2941, 13, 9, NULL, NULL),
(2942, 14, 9, NULL, NULL),
(2943, 15, 9, NULL, NULL),
(2944, 16, 9, NULL, NULL),
(2945, 17, 9, NULL, NULL),
(2946, 18, 9, NULL, NULL),
(2947, 19, 9, NULL, NULL),
(2948, 20, 9, NULL, NULL),
(2949, 21, 9, NULL, NULL),
(2950, 22, 9, NULL, NULL),
(2951, 23, 9, NULL, NULL),
(2952, 24, 9, NULL, NULL),
(2953, 25, 9, NULL, NULL),
(2954, 26, 9, NULL, NULL),
(2955, 27, 9, NULL, NULL),
(2956, 28, 9, NULL, NULL),
(2957, 29, 9, NULL, NULL),
(2958, 30, 9, NULL, NULL),
(2959, 31, 9, NULL, NULL),
(2960, 32, 9, NULL, NULL),
(2961, 33, 9, NULL, NULL),
(2962, 34, 9, NULL, NULL),
(2963, 35, 9, NULL, NULL),
(2964, 36, 9, NULL, NULL),
(2965, 37, 9, NULL, NULL),
(2966, 38, 9, NULL, NULL),
(2967, 39, 9, NULL, NULL),
(2968, 40, 9, NULL, NULL),
(2969, 41, 9, NULL, NULL),
(2970, 42, 9, NULL, NULL),
(2971, 43, 9, NULL, NULL),
(2972, 44, 9, NULL, NULL),
(2973, 45, 9, NULL, NULL),
(2974, 46, 9, NULL, NULL),
(2975, 47, 9, NULL, NULL),
(2976, 48, 9, NULL, NULL),
(2977, 49, 9, NULL, NULL),
(2978, 50, 9, NULL, NULL),
(2979, 51, 9, NULL, NULL),
(2980, 52, 9, NULL, NULL),
(2981, 53, 9, NULL, NULL),
(2982, 54, 9, NULL, NULL),
(2983, 55, 9, NULL, NULL),
(2984, 56, 9, NULL, NULL),
(2985, 57, 9, NULL, NULL),
(2986, 58, 9, NULL, NULL),
(2987, 59, 9, NULL, NULL),
(2988, 60, 9, NULL, NULL),
(2989, 61, 9, NULL, NULL),
(2990, 62, 9, NULL, NULL),
(2991, 63, 9, NULL, NULL),
(2992, 64, 9, NULL, NULL),
(2993, 65, 9, NULL, NULL),
(2994, 66, 9, NULL, NULL),
(2995, 67, 9, NULL, NULL),
(2996, 68, 9, NULL, NULL),
(2997, 69, 9, NULL, NULL),
(2998, 70, 9, NULL, NULL),
(2999, 71, 9, NULL, NULL),
(3000, 72, 9, NULL, NULL),
(3001, 73, 9, NULL, NULL),
(3002, 74, 9, NULL, NULL),
(3003, 75, 9, NULL, NULL),
(3004, 76, 9, NULL, NULL),
(3005, 77, 9, NULL, NULL),
(3006, 78, 9, NULL, NULL),
(3007, 79, 9, NULL, NULL),
(3008, 80, 9, NULL, NULL),
(3009, 81, 9, NULL, NULL),
(3010, 82, 9, NULL, NULL),
(3011, 83, 9, NULL, NULL),
(3012, 84, 9, NULL, NULL),
(3013, 85, 9, NULL, NULL),
(3014, 86, 9, NULL, NULL),
(3015, 87, 9, NULL, NULL),
(3016, 88, 9, NULL, NULL),
(3017, 89, 9, NULL, NULL),
(3018, 90, 9, NULL, NULL),
(3019, 91, 9, NULL, NULL),
(3020, 92, 9, NULL, NULL),
(3021, 93, 9, NULL, NULL),
(3022, 94, 9, NULL, NULL),
(3023, 95, 9, NULL, NULL),
(3024, 96, 9, NULL, NULL),
(3025, 97, 9, NULL, NULL),
(3026, 98, 9, NULL, NULL),
(3027, 99, 9, NULL, NULL),
(3028, 100, 9, NULL, NULL),
(3029, 101, 9, NULL, NULL),
(3030, 102, 9, NULL, NULL),
(3031, 103, 9, NULL, NULL),
(3032, 104, 9, NULL, NULL),
(3033, 105, 9, NULL, NULL),
(3034, 106, 9, NULL, NULL),
(3035, 107, 9, NULL, NULL),
(3036, 108, 9, NULL, NULL),
(3037, 109, 9, NULL, NULL),
(3038, 110, 9, NULL, NULL),
(3039, 111, 9, NULL, NULL),
(3040, 112, 9, NULL, NULL),
(3041, 113, 9, NULL, NULL),
(3042, 114, 9, NULL, NULL),
(3043, 115, 9, NULL, NULL),
(3044, 116, 9, NULL, NULL),
(3045, 117, 9, NULL, NULL),
(3046, 118, 9, NULL, NULL),
(3047, 119, 9, NULL, NULL),
(3048, 120, 9, NULL, NULL),
(3049, 121, 9, NULL, NULL),
(3050, 122, 9, NULL, NULL),
(3051, 123, 9, NULL, NULL),
(3052, 124, 9, NULL, NULL),
(3053, 125, 9, NULL, NULL),
(3054, 126, 9, NULL, NULL),
(3055, 127, 9, NULL, NULL),
(3056, 128, 9, NULL, NULL),
(3057, 129, 9, NULL, NULL),
(3058, 130, 9, NULL, NULL),
(3059, 131, 9, NULL, NULL),
(3060, 132, 9, NULL, NULL),
(3061, 133, 9, NULL, NULL),
(3062, 134, 9, NULL, NULL),
(3063, 135, 9, NULL, NULL),
(3064, 136, 9, NULL, NULL),
(3065, 137, 9, NULL, NULL),
(3066, 138, 9, NULL, NULL),
(3067, 139, 9, NULL, NULL),
(3068, 140, 9, NULL, NULL),
(3069, 141, 9, NULL, NULL),
(3070, 142, 9, NULL, NULL),
(3071, 143, 9, NULL, NULL),
(3072, 144, 9, NULL, NULL),
(3073, 145, 9, NULL, NULL),
(3074, 146, 9, NULL, NULL),
(3075, 147, 9, NULL, NULL),
(3076, 148, 9, NULL, NULL),
(3077, 149, 9, NULL, NULL),
(3078, 150, 9, NULL, NULL),
(3079, 151, 9, NULL, NULL),
(3080, 152, 9, NULL, NULL),
(3081, 153, 9, NULL, NULL),
(3082, 154, 9, NULL, NULL),
(3083, 155, 9, NULL, NULL),
(3084, 156, 9, NULL, NULL),
(3085, 157, 9, NULL, NULL),
(3086, 158, 9, NULL, NULL),
(3087, 159, 9, NULL, NULL),
(3088, 160, 9, NULL, NULL),
(3089, 161, 9, NULL, NULL),
(3090, 162, 9, NULL, NULL),
(3091, 163, 9, NULL, NULL),
(3092, 164, 9, NULL, NULL),
(3093, 165, 9, NULL, NULL),
(3094, 166, 9, NULL, NULL),
(3095, 167, 9, NULL, NULL),
(3096, 168, 9, NULL, NULL),
(3097, 169, 9, NULL, NULL),
(3098, 170, 9, NULL, NULL),
(3099, 171, 9, NULL, NULL),
(3100, 172, 9, NULL, NULL),
(3101, 173, 9, NULL, NULL),
(3102, 174, 9, NULL, NULL),
(3103, 175, 9, NULL, NULL),
(3104, 176, 9, NULL, NULL),
(3105, 177, 9, NULL, NULL),
(3106, 178, 9, NULL, NULL),
(3107, 179, 9, NULL, NULL),
(3108, 180, 9, NULL, NULL),
(3109, 181, 9, NULL, NULL),
(3110, 182, 9, NULL, NULL),
(3111, 183, 9, NULL, NULL),
(3112, 184, 9, NULL, NULL),
(3113, 185, 9, NULL, NULL),
(3114, 186, 9, NULL, NULL),
(3115, 187, 9, NULL, NULL),
(3116, 188, 9, NULL, NULL),
(3117, 189, 9, NULL, NULL),
(3118, 190, 9, NULL, NULL),
(3119, 191, 9, NULL, NULL),
(3120, 192, 9, NULL, NULL),
(3121, 193, 9, NULL, NULL),
(3122, 194, 9, NULL, NULL),
(3123, 195, 9, NULL, NULL),
(3124, 196, 9, NULL, NULL),
(3125, 197, 9, NULL, NULL),
(3126, 198, 9, NULL, NULL),
(3127, 199, 9, NULL, NULL),
(3128, 200, 9, NULL, NULL),
(3129, 201, 9, NULL, NULL),
(3130, 202, 9, NULL, NULL),
(3131, 203, 9, NULL, NULL),
(3132, 204, 9, NULL, NULL),
(3133, 205, 9, NULL, NULL),
(3134, 206, 9, NULL, NULL),
(3135, 207, 9, NULL, NULL),
(3136, 208, 9, NULL, NULL),
(3137, 209, 9, NULL, NULL),
(3138, 210, 9, NULL, NULL),
(3139, 211, 9, NULL, NULL),
(3140, 212, 9, NULL, NULL),
(3141, 213, 9, NULL, NULL),
(3142, 214, 9, NULL, NULL),
(3143, 215, 9, NULL, NULL),
(3144, 216, 9, NULL, NULL),
(3145, 217, 9, NULL, NULL),
(3146, 218, 9, NULL, NULL),
(3147, 219, 9, NULL, NULL),
(3148, 220, 9, NULL, NULL),
(3149, 221, 9, NULL, NULL),
(3150, 222, 9, NULL, NULL),
(3151, 223, 9, NULL, NULL),
(3152, 224, 9, NULL, NULL),
(3153, 225, 9, NULL, NULL),
(3154, 226, 9, NULL, NULL),
(3155, 227, 9, NULL, NULL),
(3156, 228, 9, NULL, NULL),
(3157, 229, 9, NULL, NULL),
(3158, 230, 9, NULL, NULL),
(3159, 231, 9, NULL, NULL),
(3160, 232, 9, NULL, NULL),
(3161, 233, 9, NULL, NULL),
(3162, 234, 9, NULL, NULL),
(3163, 235, 9, NULL, NULL),
(3164, 236, 9, NULL, NULL),
(3165, 237, 9, NULL, NULL),
(3166, 238, 9, NULL, NULL),
(3167, 239, 9, NULL, NULL),
(3168, 240, 9, NULL, NULL),
(3169, 241, 9, NULL, NULL),
(3170, 242, 9, NULL, NULL),
(3171, 243, 9, NULL, NULL),
(3172, 244, 9, NULL, NULL),
(3173, 245, 9, NULL, NULL),
(3174, 246, 9, NULL, NULL),
(3175, 247, 9, NULL, NULL),
(3176, 248, 9, NULL, NULL),
(3177, 249, 9, NULL, NULL),
(3178, 250, 9, NULL, NULL),
(3179, 251, 9, NULL, NULL),
(3180, 252, 9, NULL, NULL),
(3181, 253, 9, NULL, NULL),
(3182, 254, 9, NULL, NULL),
(3183, 255, 9, NULL, NULL),
(3184, 256, 9, NULL, NULL),
(3185, 257, 9, NULL, NULL),
(3186, 258, 9, NULL, NULL),
(3187, 259, 9, NULL, NULL),
(3188, 260, 9, NULL, NULL),
(3189, 261, 9, NULL, NULL),
(3190, 262, 9, NULL, NULL),
(3191, 263, 9, NULL, NULL),
(3192, 264, 9, NULL, NULL),
(3193, 265, 9, NULL, NULL),
(3194, 266, 9, NULL, NULL),
(3195, 267, 9, NULL, NULL),
(3196, 268, 9, NULL, NULL),
(3197, 269, 9, NULL, NULL),
(3198, 270, 9, NULL, NULL),
(3199, 271, 9, NULL, NULL),
(3200, 272, 9, NULL, NULL),
(3201, 273, 9, NULL, NULL),
(3202, 274, 9, NULL, NULL),
(3203, 275, 9, NULL, NULL),
(3204, 276, 9, NULL, NULL),
(3205, 277, 9, NULL, NULL),
(3206, 278, 9, NULL, NULL),
(3207, 279, 9, NULL, NULL),
(3208, 280, 9, NULL, NULL),
(3209, 281, 9, NULL, NULL),
(3210, 282, 9, NULL, NULL),
(3211, 283, 9, NULL, NULL),
(3212, 284, 9, NULL, NULL),
(3213, 285, 9, NULL, NULL),
(3214, 286, 9, NULL, NULL),
(3215, 287, 9, NULL, NULL),
(3216, 288, 9, NULL, NULL),
(3217, 289, 9, NULL, NULL),
(3218, 290, 9, NULL, NULL),
(3219, 291, 9, NULL, NULL),
(3220, 292, 9, NULL, NULL),
(3221, 293, 9, NULL, NULL),
(3222, 294, 9, NULL, NULL),
(3223, 295, 9, NULL, NULL),
(3224, 296, 9, NULL, NULL),
(3225, 297, 9, NULL, NULL),
(3226, 298, 9, NULL, NULL),
(3227, 299, 9, NULL, NULL),
(3228, 300, 9, NULL, NULL),
(3229, 301, 9, NULL, NULL),
(3230, 302, 9, NULL, NULL),
(3231, 303, 9, NULL, NULL),
(3232, 304, 9, NULL, NULL),
(3233, 305, 9, NULL, NULL),
(3234, 306, 9, NULL, NULL),
(3235, 307, 9, NULL, NULL),
(3236, 308, 9, NULL, NULL),
(3237, 309, 9, NULL, NULL),
(3238, 310, 9, NULL, NULL),
(3239, 311, 9, NULL, NULL),
(3240, 312, 9, NULL, NULL),
(3241, 313, 9, NULL, NULL),
(3242, 314, 9, NULL, NULL),
(3243, 315, 9, NULL, NULL),
(3244, 316, 9, NULL, NULL),
(3245, 317, 9, NULL, NULL),
(3246, 318, 9, NULL, NULL),
(3247, 319, 9, NULL, NULL),
(3248, 320, 9, NULL, NULL),
(3249, 321, 9, NULL, NULL),
(3250, 322, 9, NULL, NULL),
(3251, 323, 9, NULL, NULL),
(3252, 324, 9, NULL, NULL),
(3253, 325, 9, NULL, NULL),
(3254, 326, 9, NULL, NULL),
(3255, 327, 9, NULL, NULL),
(3256, 328, 9, NULL, NULL),
(3257, 329, 9, NULL, NULL),
(3258, 330, 9, NULL, NULL),
(3259, 331, 9, NULL, NULL),
(3260, 332, 9, NULL, NULL),
(3261, 333, 9, NULL, NULL),
(3262, 334, 9, NULL, NULL),
(3263, 335, 9, NULL, NULL),
(3264, 336, 9, NULL, NULL),
(3265, 337, 9, NULL, NULL),
(3266, 338, 9, NULL, NULL),
(3267, 339, 9, NULL, NULL),
(3268, 340, 9, NULL, NULL),
(3269, 341, 9, NULL, NULL),
(3270, 342, 9, NULL, NULL),
(3271, 343, 9, NULL, NULL),
(3272, 344, 9, NULL, NULL),
(3273, 345, 9, NULL, NULL),
(3274, 346, 9, NULL, NULL),
(3275, 347, 9, NULL, NULL),
(3276, 348, 9, NULL, NULL),
(3277, 349, 9, NULL, NULL),
(3278, 350, 9, NULL, NULL),
(3279, 351, 9, NULL, NULL),
(3280, 352, 9, NULL, NULL),
(3281, 353, 9, NULL, NULL),
(3282, 354, 9, NULL, NULL),
(3283, 355, 9, NULL, NULL),
(3284, 356, 9, NULL, NULL),
(3285, 357, 9, NULL, NULL),
(3286, 358, 9, NULL, NULL),
(3287, 359, 9, NULL, NULL),
(3288, 360, 9, NULL, NULL),
(3289, 361, 9, NULL, NULL),
(3290, 362, 9, NULL, NULL),
(3291, 363, 9, NULL, NULL),
(3292, 364, 9, NULL, NULL),
(3293, 365, 9, NULL, NULL),
(3294, 366, 9, NULL, NULL),
(3295, 1, 10, NULL, NULL),
(3296, 2, 10, NULL, NULL),
(3297, 3, 10, NULL, NULL),
(3298, 4, 10, NULL, NULL),
(3299, 5, 10, NULL, NULL),
(3300, 6, 10, NULL, NULL),
(3301, 7, 10, NULL, NULL),
(3302, 8, 10, NULL, NULL),
(3303, 9, 10, NULL, NULL),
(3304, 10, 10, NULL, NULL),
(3305, 11, 10, NULL, NULL),
(3306, 12, 10, NULL, NULL),
(3307, 13, 10, NULL, NULL),
(3308, 14, 10, NULL, NULL),
(3309, 15, 10, NULL, NULL),
(3310, 16, 10, NULL, NULL),
(3311, 17, 10, NULL, NULL),
(3312, 18, 10, NULL, NULL),
(3313, 19, 10, NULL, NULL),
(3314, 20, 10, NULL, NULL),
(3315, 21, 10, NULL, NULL),
(3316, 22, 10, NULL, NULL),
(3317, 23, 10, NULL, NULL),
(3318, 24, 10, NULL, NULL),
(3319, 25, 10, NULL, NULL),
(3320, 26, 10, NULL, NULL),
(3321, 27, 10, NULL, NULL),
(3322, 28, 10, NULL, NULL),
(3323, 29, 10, NULL, NULL),
(3324, 30, 10, NULL, NULL),
(3325, 31, 10, NULL, NULL),
(3326, 32, 10, NULL, NULL),
(3327, 33, 10, NULL, NULL),
(3328, 34, 10, NULL, NULL),
(3329, 35, 10, NULL, NULL),
(3330, 36, 10, NULL, NULL),
(3331, 37, 10, NULL, NULL),
(3332, 38, 10, NULL, NULL),
(3333, 39, 10, NULL, NULL),
(3334, 40, 10, NULL, NULL),
(3335, 41, 10, NULL, NULL),
(3336, 42, 10, NULL, NULL),
(3337, 43, 10, NULL, NULL),
(3338, 44, 10, NULL, NULL),
(3339, 45, 10, NULL, NULL),
(3340, 46, 10, NULL, NULL),
(3341, 47, 10, NULL, NULL),
(3342, 48, 10, NULL, NULL),
(3343, 49, 10, NULL, NULL),
(3344, 50, 10, NULL, NULL),
(3345, 51, 10, NULL, NULL),
(3346, 52, 10, NULL, NULL),
(3347, 53, 10, NULL, NULL),
(3348, 54, 10, NULL, NULL),
(3349, 55, 10, NULL, NULL),
(3350, 56, 10, NULL, NULL),
(3351, 57, 10, NULL, NULL),
(3352, 58, 10, NULL, NULL),
(3353, 59, 10, NULL, NULL),
(3354, 60, 10, NULL, NULL),
(3355, 61, 10, NULL, NULL),
(3356, 62, 10, NULL, NULL),
(3357, 63, 10, NULL, NULL),
(3358, 64, 10, NULL, NULL),
(3359, 65, 10, NULL, NULL),
(3360, 66, 10, NULL, NULL),
(3361, 67, 10, NULL, NULL),
(3362, 68, 10, NULL, NULL),
(3363, 69, 10, NULL, NULL),
(3364, 70, 10, NULL, NULL),
(3365, 71, 10, NULL, NULL),
(3366, 72, 10, NULL, NULL),
(3367, 73, 10, NULL, NULL),
(3368, 74, 10, NULL, NULL),
(3369, 75, 10, NULL, NULL),
(3370, 76, 10, NULL, NULL),
(3371, 77, 10, NULL, NULL),
(3372, 78, 10, NULL, NULL),
(3373, 79, 10, NULL, NULL),
(3374, 80, 10, NULL, NULL),
(3375, 81, 10, NULL, NULL),
(3376, 82, 10, NULL, NULL),
(3377, 83, 10, NULL, NULL),
(3378, 84, 10, NULL, NULL),
(3379, 85, 10, NULL, NULL),
(3380, 86, 10, NULL, NULL),
(3381, 87, 10, NULL, NULL),
(3382, 88, 10, NULL, NULL),
(3383, 89, 10, NULL, NULL),
(3384, 90, 10, NULL, NULL),
(3385, 91, 10, NULL, NULL),
(3386, 92, 10, NULL, NULL),
(3387, 93, 10, NULL, NULL),
(3388, 94, 10, NULL, NULL),
(3389, 95, 10, NULL, NULL),
(3390, 96, 10, NULL, NULL),
(3391, 97, 10, NULL, NULL),
(3392, 98, 10, NULL, NULL),
(3393, 99, 10, NULL, NULL),
(3394, 100, 10, NULL, NULL),
(3395, 101, 10, NULL, NULL),
(3396, 102, 10, NULL, NULL),
(3397, 103, 10, NULL, NULL),
(3398, 104, 10, NULL, NULL),
(3399, 105, 10, NULL, NULL),
(3400, 106, 10, NULL, NULL),
(3401, 107, 10, NULL, NULL),
(3402, 108, 10, NULL, NULL),
(3403, 109, 10, NULL, NULL),
(3404, 110, 10, NULL, NULL),
(3405, 111, 10, NULL, NULL),
(3406, 112, 10, NULL, NULL),
(3407, 113, 10, NULL, NULL),
(3408, 114, 10, NULL, NULL),
(3409, 115, 10, NULL, NULL),
(3410, 116, 10, NULL, NULL),
(3411, 117, 10, NULL, NULL),
(3412, 118, 10, NULL, NULL),
(3413, 119, 10, NULL, NULL),
(3414, 120, 10, NULL, NULL),
(3415, 121, 10, NULL, NULL),
(3416, 122, 10, NULL, NULL),
(3417, 123, 10, NULL, NULL),
(3418, 124, 10, NULL, NULL),
(3419, 125, 10, NULL, NULL),
(3420, 126, 10, NULL, NULL),
(3421, 127, 10, NULL, NULL),
(3422, 128, 10, NULL, NULL),
(3423, 129, 10, NULL, NULL),
(3424, 130, 10, NULL, NULL),
(3425, 131, 10, NULL, NULL),
(3426, 132, 10, NULL, NULL),
(3427, 133, 10, NULL, NULL),
(3428, 134, 10, NULL, NULL),
(3429, 135, 10, NULL, NULL),
(3430, 136, 10, NULL, NULL),
(3431, 137, 10, NULL, NULL),
(3432, 138, 10, NULL, NULL),
(3433, 139, 10, NULL, NULL),
(3434, 140, 10, NULL, NULL),
(3435, 141, 10, NULL, NULL),
(3436, 142, 10, NULL, NULL),
(3437, 143, 10, NULL, NULL),
(3438, 144, 10, NULL, NULL),
(3439, 145, 10, NULL, NULL),
(3440, 146, 10, NULL, NULL),
(3441, 147, 10, NULL, NULL),
(3442, 148, 10, NULL, NULL),
(3443, 149, 10, NULL, NULL),
(3444, 150, 10, NULL, NULL),
(3445, 151, 10, NULL, NULL),
(3446, 152, 10, NULL, NULL),
(3447, 153, 10, NULL, NULL),
(3448, 154, 10, NULL, NULL),
(3449, 155, 10, NULL, NULL),
(3450, 156, 10, NULL, NULL),
(3451, 157, 10, NULL, NULL),
(3452, 158, 10, NULL, NULL),
(3453, 159, 10, NULL, NULL),
(3454, 160, 10, NULL, NULL),
(3455, 161, 10, NULL, NULL),
(3456, 162, 10, NULL, NULL),
(3457, 163, 10, NULL, NULL),
(3458, 164, 10, NULL, NULL),
(3459, 165, 10, NULL, NULL),
(3460, 166, 10, NULL, NULL),
(3461, 167, 10, NULL, NULL),
(3462, 168, 10, NULL, NULL),
(3463, 169, 10, NULL, NULL),
(3464, 170, 10, NULL, NULL),
(3465, 171, 10, NULL, NULL),
(3466, 172, 10, NULL, NULL),
(3467, 173, 10, NULL, NULL),
(3468, 174, 10, NULL, NULL),
(3469, 175, 10, NULL, NULL),
(3470, 176, 10, NULL, NULL),
(3471, 177, 10, NULL, NULL),
(3472, 178, 10, NULL, NULL),
(3473, 179, 10, NULL, NULL),
(3474, 180, 10, NULL, NULL),
(3475, 181, 10, NULL, NULL),
(3476, 182, 10, NULL, NULL),
(3477, 183, 10, NULL, NULL),
(3478, 184, 10, NULL, NULL),
(3479, 185, 10, NULL, NULL),
(3480, 186, 10, NULL, NULL),
(3481, 187, 10, NULL, NULL),
(3482, 188, 10, NULL, NULL),
(3483, 189, 10, NULL, NULL),
(3484, 190, 10, NULL, NULL),
(3485, 191, 10, NULL, NULL),
(3486, 192, 10, NULL, NULL),
(3487, 193, 10, NULL, NULL),
(3488, 194, 10, NULL, NULL),
(3489, 195, 10, NULL, NULL),
(3490, 196, 10, NULL, NULL),
(3491, 197, 10, NULL, NULL),
(3492, 198, 10, NULL, NULL),
(3493, 199, 10, NULL, NULL),
(3494, 200, 10, NULL, NULL),
(3495, 201, 10, NULL, NULL),
(3496, 202, 10, NULL, NULL),
(3497, 203, 10, NULL, NULL),
(3498, 204, 10, NULL, NULL),
(3499, 205, 10, NULL, NULL),
(3500, 206, 10, NULL, NULL),
(3501, 207, 10, NULL, NULL),
(3502, 208, 10, NULL, NULL),
(3503, 209, 10, NULL, NULL),
(3504, 210, 10, NULL, NULL),
(3505, 211, 10, NULL, NULL),
(3506, 212, 10, NULL, NULL),
(3507, 213, 10, NULL, NULL),
(3508, 214, 10, NULL, NULL),
(3509, 215, 10, NULL, NULL),
(3510, 216, 10, NULL, NULL),
(3511, 217, 10, NULL, NULL),
(3512, 218, 10, NULL, NULL),
(3513, 219, 10, NULL, NULL),
(3514, 220, 10, NULL, NULL),
(3515, 221, 10, NULL, NULL),
(3516, 222, 10, NULL, NULL),
(3517, 223, 10, NULL, NULL),
(3518, 224, 10, NULL, NULL),
(3519, 225, 10, NULL, NULL),
(3520, 226, 10, NULL, NULL),
(3521, 227, 10, NULL, NULL),
(3522, 228, 10, NULL, NULL),
(3523, 229, 10, NULL, NULL),
(3524, 230, 10, NULL, NULL),
(3525, 231, 10, NULL, NULL),
(3526, 232, 10, NULL, NULL),
(3527, 233, 10, NULL, NULL),
(3528, 234, 10, NULL, NULL),
(3529, 235, 10, NULL, NULL),
(3530, 236, 10, NULL, NULL),
(3531, 237, 10, NULL, NULL),
(3532, 238, 10, NULL, NULL),
(3533, 239, 10, NULL, NULL),
(3534, 240, 10, NULL, NULL),
(3535, 241, 10, NULL, NULL),
(3536, 242, 10, NULL, NULL),
(3537, 243, 10, NULL, NULL),
(3538, 244, 10, NULL, NULL),
(3539, 245, 10, NULL, NULL),
(3540, 246, 10, NULL, NULL),
(3541, 247, 10, NULL, NULL),
(3542, 248, 10, NULL, NULL),
(3543, 249, 10, NULL, NULL),
(3544, 250, 10, NULL, NULL),
(3545, 251, 10, NULL, NULL),
(3546, 252, 10, NULL, NULL),
(3547, 253, 10, NULL, NULL),
(3548, 254, 10, NULL, NULL),
(3549, 255, 10, NULL, NULL),
(3550, 256, 10, NULL, NULL),
(3551, 257, 10, NULL, NULL),
(3552, 258, 10, NULL, NULL),
(3553, 259, 10, NULL, NULL),
(3554, 260, 10, NULL, NULL),
(3555, 261, 10, NULL, NULL),
(3556, 262, 10, NULL, NULL),
(3557, 263, 10, NULL, NULL),
(3558, 264, 10, NULL, NULL),
(3559, 265, 10, NULL, NULL),
(3560, 266, 10, NULL, NULL),
(3561, 267, 10, NULL, NULL),
(3562, 268, 10, NULL, NULL),
(3563, 269, 10, NULL, NULL),
(3564, 270, 10, NULL, NULL),
(3565, 271, 10, NULL, NULL),
(3566, 272, 10, NULL, NULL),
(3567, 273, 10, NULL, NULL),
(3568, 274, 10, NULL, NULL),
(3569, 275, 10, NULL, NULL),
(3570, 276, 10, NULL, NULL),
(3571, 277, 10, NULL, NULL),
(3572, 278, 10, NULL, NULL),
(3573, 279, 10, NULL, NULL),
(3574, 280, 10, NULL, NULL),
(3575, 281, 10, NULL, NULL),
(3576, 282, 10, NULL, NULL),
(3577, 283, 10, NULL, NULL),
(3578, 284, 10, NULL, NULL),
(3579, 285, 10, NULL, NULL),
(3580, 286, 10, NULL, NULL),
(3581, 287, 10, NULL, NULL),
(3582, 288, 10, NULL, NULL),
(3583, 289, 10, NULL, NULL),
(3584, 290, 10, NULL, NULL),
(3585, 291, 10, NULL, NULL),
(3586, 292, 10, NULL, NULL),
(3587, 293, 10, NULL, NULL),
(3588, 294, 10, NULL, NULL),
(3589, 295, 10, NULL, NULL),
(3590, 296, 10, NULL, NULL),
(3591, 297, 10, NULL, NULL),
(3592, 298, 10, NULL, NULL),
(3593, 299, 10, NULL, NULL),
(3594, 300, 10, NULL, NULL),
(3595, 301, 10, NULL, NULL),
(3596, 302, 10, NULL, NULL),
(3597, 303, 10, NULL, NULL),
(3598, 304, 10, NULL, NULL),
(3599, 305, 10, NULL, NULL),
(3600, 306, 10, NULL, NULL),
(3601, 307, 10, NULL, NULL),
(3602, 308, 10, NULL, NULL),
(3603, 309, 10, NULL, NULL),
(3604, 310, 10, NULL, NULL),
(3605, 311, 10, NULL, NULL),
(3606, 312, 10, NULL, NULL),
(3607, 313, 10, NULL, NULL),
(3608, 314, 10, NULL, NULL),
(3609, 315, 10, NULL, NULL),
(3610, 316, 10, NULL, NULL),
(3611, 317, 10, NULL, NULL),
(3612, 318, 10, NULL, NULL),
(3613, 319, 10, NULL, NULL),
(3614, 320, 10, NULL, NULL),
(3615, 321, 10, NULL, NULL),
(3616, 322, 10, NULL, NULL),
(3617, 323, 10, NULL, NULL),
(3618, 324, 10, NULL, NULL),
(3619, 325, 10, NULL, NULL),
(3620, 326, 10, NULL, NULL),
(3621, 327, 10, NULL, NULL),
(3622, 328, 10, NULL, NULL),
(3623, 329, 10, NULL, NULL),
(3624, 330, 10, NULL, NULL),
(3625, 331, 10, NULL, NULL),
(3626, 332, 10, NULL, NULL),
(3627, 333, 10, NULL, NULL),
(3628, 334, 10, NULL, NULL),
(3629, 335, 10, NULL, NULL),
(3630, 336, 10, NULL, NULL),
(3631, 337, 10, NULL, NULL),
(3632, 338, 10, NULL, NULL),
(3633, 339, 10, NULL, NULL),
(3634, 340, 10, NULL, NULL),
(3635, 341, 10, NULL, NULL),
(3636, 342, 10, NULL, NULL),
(3637, 343, 10, NULL, NULL),
(3638, 344, 10, NULL, NULL),
(3639, 345, 10, NULL, NULL),
(3640, 346, 10, NULL, NULL),
(3641, 347, 10, NULL, NULL),
(3642, 348, 10, NULL, NULL),
(3643, 349, 10, NULL, NULL),
(3644, 350, 10, NULL, NULL),
(3645, 351, 10, NULL, NULL),
(3646, 352, 10, NULL, NULL),
(3647, 353, 10, NULL, NULL),
(3648, 354, 10, NULL, NULL),
(3649, 355, 10, NULL, NULL),
(3650, 356, 10, NULL, NULL),
(3651, 357, 10, NULL, NULL),
(3652, 358, 10, NULL, NULL),
(3653, 359, 10, NULL, NULL),
(3654, 360, 10, NULL, NULL),
(3655, 361, 10, NULL, NULL),
(3656, 362, 10, NULL, NULL),
(3657, 363, 10, NULL, NULL),
(3658, 364, 10, NULL, NULL),
(3659, 365, 10, NULL, NULL),
(3660, 366, 10, NULL, NULL),
(3661, 1, 11, NULL, NULL),
(3662, 2, 11, NULL, NULL),
(3663, 3, 11, NULL, NULL),
(3664, 4, 11, NULL, NULL),
(3665, 5, 11, NULL, NULL),
(3666, 6, 11, NULL, NULL),
(3667, 7, 11, NULL, NULL),
(3668, 8, 11, NULL, NULL),
(3669, 9, 11, NULL, NULL),
(3670, 10, 11, NULL, NULL),
(3671, 11, 11, NULL, NULL),
(3672, 12, 11, NULL, NULL),
(3673, 13, 11, NULL, NULL),
(3674, 14, 11, NULL, NULL),
(3675, 15, 11, NULL, NULL),
(3676, 16, 11, NULL, NULL),
(3677, 17, 11, NULL, NULL),
(3678, 18, 11, NULL, NULL),
(3679, 19, 11, NULL, NULL),
(3680, 20, 11, NULL, NULL),
(3681, 21, 11, NULL, NULL),
(3682, 22, 11, NULL, NULL),
(3683, 23, 11, NULL, NULL),
(3684, 24, 11, NULL, NULL),
(3685, 25, 11, NULL, NULL),
(3686, 26, 11, NULL, NULL),
(3687, 27, 11, NULL, NULL),
(3688, 28, 11, NULL, NULL),
(3689, 29, 11, NULL, NULL),
(3690, 30, 11, NULL, NULL),
(3691, 31, 11, NULL, NULL),
(3692, 32, 11, NULL, NULL),
(3693, 33, 11, NULL, NULL),
(3694, 34, 11, NULL, NULL),
(3695, 35, 11, NULL, NULL),
(3696, 36, 11, NULL, NULL),
(3697, 37, 11, NULL, NULL),
(3698, 38, 11, NULL, NULL),
(3699, 39, 11, NULL, NULL),
(3700, 40, 11, NULL, NULL),
(3701, 41, 11, NULL, NULL),
(3702, 42, 11, NULL, NULL),
(3703, 43, 11, NULL, NULL),
(3704, 44, 11, NULL, NULL),
(3705, 45, 11, NULL, NULL),
(3706, 46, 11, NULL, NULL),
(3707, 47, 11, NULL, NULL),
(3708, 48, 11, NULL, NULL),
(3709, 49, 11, NULL, NULL),
(3710, 50, 11, NULL, NULL),
(3711, 51, 11, NULL, NULL),
(3712, 52, 11, NULL, NULL),
(3713, 53, 11, NULL, NULL),
(3714, 54, 11, NULL, NULL),
(3715, 55, 11, NULL, NULL),
(3716, 56, 11, NULL, NULL),
(3717, 57, 11, NULL, NULL),
(3718, 58, 11, NULL, NULL),
(3719, 59, 11, NULL, NULL),
(3720, 60, 11, NULL, NULL),
(3721, 61, 11, NULL, NULL),
(3722, 62, 11, NULL, NULL),
(3723, 63, 11, NULL, NULL),
(3724, 64, 11, NULL, NULL),
(3725, 65, 11, NULL, NULL),
(3726, 66, 11, NULL, NULL),
(3727, 67, 11, NULL, NULL),
(3728, 68, 11, NULL, NULL),
(3729, 69, 11, NULL, NULL),
(3730, 70, 11, NULL, NULL),
(3731, 71, 11, NULL, NULL),
(3732, 72, 11, NULL, NULL),
(3733, 73, 11, NULL, NULL),
(3734, 74, 11, NULL, NULL),
(3735, 75, 11, NULL, NULL),
(3736, 76, 11, NULL, NULL),
(3737, 77, 11, NULL, NULL),
(3738, 78, 11, NULL, NULL),
(3739, 79, 11, NULL, NULL),
(3740, 80, 11, NULL, NULL),
(3741, 81, 11, NULL, NULL),
(3742, 82, 11, NULL, NULL),
(3743, 83, 11, NULL, NULL),
(3744, 84, 11, NULL, NULL),
(3745, 85, 11, NULL, NULL),
(3746, 86, 11, NULL, NULL),
(3747, 87, 11, NULL, NULL),
(3748, 88, 11, NULL, NULL),
(3749, 89, 11, NULL, NULL),
(3750, 90, 11, NULL, NULL),
(3751, 91, 11, NULL, NULL),
(3752, 92, 11, NULL, NULL),
(3753, 93, 11, NULL, NULL),
(3754, 94, 11, NULL, NULL),
(3755, 95, 11, NULL, NULL),
(3756, 96, 11, NULL, NULL),
(3757, 97, 11, NULL, NULL),
(3758, 98, 11, NULL, NULL),
(3759, 99, 11, NULL, NULL),
(3760, 100, 11, NULL, NULL),
(3761, 101, 11, NULL, NULL),
(3762, 102, 11, NULL, NULL),
(3763, 103, 11, NULL, NULL),
(3764, 104, 11, NULL, NULL),
(3765, 105, 11, NULL, NULL),
(3766, 106, 11, NULL, NULL),
(3767, 107, 11, NULL, NULL),
(3768, 108, 11, NULL, NULL),
(3769, 109, 11, NULL, NULL),
(3770, 110, 11, NULL, NULL),
(3771, 111, 11, NULL, NULL),
(3772, 112, 11, NULL, NULL),
(3773, 113, 11, NULL, NULL),
(3774, 114, 11, NULL, NULL),
(3775, 115, 11, NULL, NULL),
(3776, 116, 11, NULL, NULL),
(3777, 117, 11, NULL, NULL),
(3778, 118, 11, NULL, NULL),
(3779, 119, 11, NULL, NULL),
(3780, 120, 11, NULL, NULL),
(3781, 121, 11, NULL, NULL),
(3782, 122, 11, NULL, NULL),
(3783, 123, 11, NULL, NULL),
(3784, 124, 11, NULL, NULL),
(3785, 125, 11, NULL, NULL),
(3786, 126, 11, NULL, NULL),
(3787, 127, 11, NULL, NULL),
(3788, 128, 11, NULL, NULL),
(3789, 129, 11, NULL, NULL),
(3790, 130, 11, NULL, NULL),
(3791, 131, 11, NULL, NULL),
(3792, 132, 11, NULL, NULL),
(3793, 133, 11, NULL, NULL),
(3794, 134, 11, NULL, NULL),
(3795, 135, 11, NULL, NULL),
(3796, 136, 11, NULL, NULL),
(3797, 137, 11, NULL, NULL),
(3798, 138, 11, NULL, NULL),
(3799, 139, 11, NULL, NULL),
(3800, 140, 11, NULL, NULL),
(3801, 141, 11, NULL, NULL),
(3802, 142, 11, NULL, NULL),
(3803, 143, 11, NULL, NULL),
(3804, 144, 11, NULL, NULL),
(3805, 145, 11, NULL, NULL),
(3806, 146, 11, NULL, NULL),
(3807, 147, 11, NULL, NULL),
(3808, 148, 11, NULL, NULL),
(3809, 149, 11, NULL, NULL),
(3810, 150, 11, NULL, NULL),
(3811, 151, 11, NULL, NULL),
(3812, 152, 11, NULL, NULL),
(3813, 153, 11, NULL, NULL),
(3814, 154, 11, NULL, NULL),
(3815, 155, 11, NULL, NULL),
(3816, 156, 11, NULL, NULL),
(3817, 157, 11, NULL, NULL),
(3818, 158, 11, NULL, NULL),
(3819, 159, 11, NULL, NULL),
(3820, 160, 11, NULL, NULL),
(3821, 161, 11, NULL, NULL),
(3822, 162, 11, NULL, NULL),
(3823, 163, 11, NULL, NULL),
(3824, 164, 11, NULL, NULL),
(3825, 165, 11, NULL, NULL),
(3826, 166, 11, NULL, NULL),
(3827, 167, 11, NULL, NULL),
(3828, 168, 11, NULL, NULL),
(3829, 169, 11, NULL, NULL),
(3830, 170, 11, NULL, NULL),
(3831, 171, 11, NULL, NULL),
(3832, 172, 11, NULL, NULL),
(3833, 173, 11, NULL, NULL),
(3834, 174, 11, NULL, NULL),
(3835, 175, 11, NULL, NULL),
(3836, 176, 11, NULL, NULL),
(3837, 177, 11, NULL, NULL),
(3838, 178, 11, NULL, NULL),
(3839, 179, 11, NULL, NULL),
(3840, 180, 11, NULL, NULL),
(3841, 181, 11, NULL, NULL),
(3842, 182, 11, NULL, NULL),
(3843, 183, 11, NULL, NULL),
(3844, 184, 11, NULL, NULL),
(3845, 185, 11, NULL, NULL),
(3846, 186, 11, NULL, NULL),
(3847, 187, 11, NULL, NULL),
(3848, 188, 11, NULL, NULL),
(3849, 189, 11, NULL, NULL),
(3850, 190, 11, NULL, NULL),
(3851, 191, 11, NULL, NULL),
(3852, 192, 11, NULL, NULL),
(3853, 193, 11, NULL, NULL),
(3854, 194, 11, NULL, NULL),
(3855, 195, 11, NULL, NULL),
(3856, 196, 11, NULL, NULL),
(3857, 197, 11, NULL, NULL),
(3858, 198, 11, NULL, NULL),
(3859, 199, 11, NULL, NULL),
(3860, 200, 11, NULL, NULL),
(3861, 201, 11, NULL, NULL),
(3862, 202, 11, NULL, NULL),
(3863, 203, 11, NULL, NULL),
(3864, 204, 11, NULL, NULL),
(3865, 205, 11, NULL, NULL),
(3866, 206, 11, NULL, NULL),
(3867, 207, 11, NULL, NULL),
(3868, 208, 11, NULL, NULL),
(3869, 209, 11, NULL, NULL),
(3870, 210, 11, NULL, NULL),
(3871, 211, 11, NULL, NULL),
(3872, 212, 11, NULL, NULL),
(3873, 213, 11, NULL, NULL),
(3874, 214, 11, NULL, NULL),
(3875, 215, 11, NULL, NULL),
(3876, 216, 11, NULL, NULL),
(3877, 217, 11, NULL, NULL),
(3878, 218, 11, NULL, NULL),
(3879, 219, 11, NULL, NULL),
(3880, 220, 11, NULL, NULL),
(3881, 221, 11, NULL, NULL),
(3882, 222, 11, NULL, NULL),
(3883, 223, 11, NULL, NULL),
(3884, 224, 11, NULL, NULL),
(3885, 225, 11, NULL, NULL),
(3886, 226, 11, NULL, NULL),
(3887, 227, 11, NULL, NULL),
(3888, 228, 11, NULL, NULL),
(3889, 229, 11, NULL, NULL),
(3890, 230, 11, NULL, NULL),
(3891, 231, 11, NULL, NULL),
(3892, 232, 11, NULL, NULL),
(3893, 233, 11, NULL, NULL),
(3894, 234, 11, NULL, NULL),
(3895, 235, 11, NULL, NULL),
(3896, 236, 11, NULL, NULL),
(3897, 237, 11, NULL, NULL),
(3898, 238, 11, NULL, NULL),
(3899, 239, 11, NULL, NULL),
(3900, 240, 11, NULL, NULL);
INSERT INTO `mar_calendario_emp` (`id_calendario_emp`, `calendario_id`, `empleado_id`, `created_at`, `updated_at`) VALUES
(3901, 241, 11, NULL, NULL),
(3902, 242, 11, NULL, NULL),
(3903, 243, 11, NULL, NULL),
(3904, 244, 11, NULL, NULL),
(3905, 245, 11, NULL, NULL),
(3906, 246, 11, NULL, NULL),
(3907, 247, 11, NULL, NULL),
(3908, 248, 11, NULL, NULL),
(3909, 249, 11, NULL, NULL),
(3910, 250, 11, NULL, NULL),
(3911, 251, 11, NULL, NULL),
(3912, 252, 11, NULL, NULL),
(3913, 253, 11, NULL, NULL),
(3914, 254, 11, NULL, NULL),
(3915, 255, 11, NULL, NULL),
(3916, 256, 11, NULL, NULL),
(3917, 257, 11, NULL, NULL),
(3918, 258, 11, NULL, NULL),
(3919, 259, 11, NULL, NULL),
(3920, 260, 11, NULL, NULL),
(3921, 261, 11, NULL, NULL),
(3922, 262, 11, NULL, NULL),
(3923, 263, 11, NULL, NULL),
(3924, 264, 11, NULL, NULL),
(3925, 265, 11, NULL, NULL),
(3926, 266, 11, NULL, NULL),
(3927, 267, 11, NULL, NULL),
(3928, 268, 11, NULL, NULL),
(3929, 269, 11, NULL, NULL),
(3930, 270, 11, NULL, NULL),
(3931, 271, 11, NULL, NULL),
(3932, 272, 11, NULL, NULL),
(3933, 273, 11, NULL, NULL),
(3934, 274, 11, NULL, NULL),
(3935, 275, 11, NULL, NULL),
(3936, 276, 11, NULL, NULL),
(3937, 277, 11, NULL, NULL),
(3938, 278, 11, NULL, NULL),
(3939, 279, 11, NULL, NULL),
(3940, 280, 11, NULL, NULL),
(3941, 281, 11, NULL, NULL),
(3942, 282, 11, NULL, NULL),
(3943, 283, 11, NULL, NULL),
(3944, 284, 11, NULL, NULL),
(3945, 285, 11, NULL, NULL),
(3946, 286, 11, NULL, NULL),
(3947, 287, 11, NULL, NULL),
(3948, 288, 11, NULL, NULL),
(3949, 289, 11, NULL, NULL),
(3950, 290, 11, NULL, NULL),
(3951, 291, 11, NULL, NULL),
(3952, 292, 11, NULL, NULL),
(3953, 293, 11, NULL, NULL),
(3954, 294, 11, NULL, NULL),
(3955, 295, 11, NULL, NULL),
(3956, 296, 11, NULL, NULL),
(3957, 297, 11, NULL, NULL),
(3958, 298, 11, NULL, NULL),
(3959, 299, 11, NULL, NULL),
(3960, 300, 11, NULL, NULL),
(3961, 301, 11, NULL, NULL),
(3962, 302, 11, NULL, NULL),
(3963, 303, 11, NULL, NULL),
(3964, 304, 11, NULL, NULL),
(3965, 305, 11, NULL, NULL),
(3966, 306, 11, NULL, NULL),
(3967, 307, 11, NULL, NULL),
(3968, 308, 11, NULL, NULL),
(3969, 309, 11, NULL, NULL),
(3970, 310, 11, NULL, NULL),
(3971, 311, 11, NULL, NULL),
(3972, 312, 11, NULL, NULL),
(3973, 313, 11, NULL, NULL),
(3974, 314, 11, NULL, NULL),
(3975, 315, 11, NULL, NULL),
(3976, 316, 11, NULL, NULL),
(3977, 317, 11, NULL, NULL),
(3978, 318, 11, NULL, NULL),
(3979, 319, 11, NULL, NULL),
(3980, 320, 11, NULL, NULL),
(3981, 321, 11, NULL, NULL),
(3982, 322, 11, NULL, NULL),
(3983, 323, 11, NULL, NULL),
(3984, 324, 11, NULL, NULL),
(3985, 325, 11, NULL, NULL),
(3986, 326, 11, NULL, NULL),
(3987, 327, 11, NULL, NULL),
(3988, 328, 11, NULL, NULL),
(3989, 329, 11, NULL, NULL),
(3990, 330, 11, NULL, NULL),
(3991, 331, 11, NULL, NULL),
(3992, 332, 11, NULL, NULL),
(3993, 333, 11, NULL, NULL),
(3994, 334, 11, NULL, NULL),
(3995, 335, 11, NULL, NULL),
(3996, 336, 11, NULL, NULL),
(3997, 337, 11, NULL, NULL),
(3998, 338, 11, NULL, NULL),
(3999, 339, 11, NULL, NULL),
(4000, 340, 11, NULL, NULL),
(4001, 341, 11, NULL, NULL),
(4002, 342, 11, NULL, NULL),
(4003, 343, 11, NULL, NULL),
(4004, 344, 11, NULL, NULL),
(4005, 345, 11, NULL, NULL),
(4006, 346, 11, NULL, NULL),
(4007, 347, 11, NULL, NULL),
(4008, 348, 11, NULL, NULL),
(4009, 349, 11, NULL, NULL),
(4010, 350, 11, NULL, NULL),
(4011, 351, 11, NULL, NULL),
(4012, 352, 11, NULL, NULL),
(4013, 353, 11, NULL, NULL),
(4014, 354, 11, NULL, NULL),
(4015, 355, 11, NULL, NULL),
(4016, 356, 11, NULL, NULL),
(4017, 357, 11, NULL, NULL),
(4018, 358, 11, NULL, NULL),
(4019, 359, 11, NULL, NULL),
(4020, 360, 11, NULL, NULL),
(4021, 361, 11, NULL, NULL),
(4022, 362, 11, NULL, NULL),
(4023, 363, 11, NULL, NULL),
(4024, 364, 11, NULL, NULL),
(4025, 365, 11, NULL, NULL),
(4026, 366, 11, NULL, NULL),
(4027, 1, 12, NULL, NULL),
(4028, 2, 12, NULL, NULL),
(4029, 3, 12, NULL, NULL),
(4030, 4, 12, NULL, NULL),
(4031, 5, 12, NULL, NULL),
(4032, 6, 12, NULL, NULL),
(4033, 7, 12, NULL, NULL),
(4034, 8, 12, NULL, NULL),
(4035, 9, 12, NULL, NULL),
(4036, 10, 12, NULL, NULL),
(4037, 11, 12, NULL, NULL),
(4038, 12, 12, NULL, NULL),
(4039, 13, 12, NULL, NULL),
(4040, 14, 12, NULL, NULL),
(4041, 15, 12, NULL, NULL),
(4042, 16, 12, NULL, NULL),
(4043, 17, 12, NULL, NULL),
(4044, 18, 12, NULL, NULL),
(4045, 19, 12, NULL, NULL),
(4046, 20, 12, NULL, NULL),
(4047, 21, 12, NULL, NULL),
(4048, 22, 12, NULL, NULL),
(4049, 23, 12, NULL, NULL),
(4050, 24, 12, NULL, NULL),
(4051, 25, 12, NULL, NULL),
(4052, 26, 12, NULL, NULL),
(4053, 27, 12, NULL, NULL),
(4054, 28, 12, NULL, NULL),
(4055, 29, 12, NULL, NULL),
(4056, 30, 12, NULL, NULL),
(4057, 31, 12, NULL, NULL),
(4058, 32, 12, NULL, NULL),
(4059, 33, 12, NULL, NULL),
(4060, 34, 12, NULL, NULL),
(4061, 35, 12, NULL, NULL),
(4062, 36, 12, NULL, NULL),
(4063, 37, 12, NULL, NULL),
(4064, 38, 12, NULL, NULL),
(4065, 39, 12, NULL, NULL),
(4066, 40, 12, NULL, NULL),
(4067, 41, 12, NULL, NULL),
(4068, 42, 12, NULL, NULL),
(4069, 43, 12, NULL, NULL),
(4070, 44, 12, NULL, NULL),
(4071, 45, 12, NULL, NULL),
(4072, 46, 12, NULL, NULL),
(4073, 47, 12, NULL, NULL),
(4074, 48, 12, NULL, NULL),
(4075, 49, 12, NULL, NULL),
(4076, 50, 12, NULL, NULL),
(4077, 51, 12, NULL, NULL),
(4078, 52, 12, NULL, NULL),
(4079, 53, 12, NULL, NULL),
(4080, 54, 12, NULL, NULL),
(4081, 55, 12, NULL, NULL),
(4082, 56, 12, NULL, NULL),
(4083, 57, 12, NULL, NULL),
(4084, 58, 12, NULL, NULL),
(4085, 59, 12, NULL, NULL),
(4086, 60, 12, NULL, NULL),
(4087, 61, 12, NULL, NULL),
(4088, 62, 12, NULL, NULL),
(4089, 63, 12, NULL, NULL),
(4090, 64, 12, NULL, NULL),
(4091, 65, 12, NULL, NULL),
(4092, 66, 12, NULL, NULL),
(4093, 67, 12, NULL, NULL),
(4094, 68, 12, NULL, NULL),
(4095, 69, 12, NULL, NULL),
(4096, 70, 12, NULL, NULL),
(4097, 71, 12, NULL, NULL),
(4098, 72, 12, NULL, NULL),
(4099, 73, 12, NULL, NULL),
(4100, 74, 12, NULL, NULL),
(4101, 75, 12, NULL, NULL),
(4102, 76, 12, NULL, NULL),
(4103, 77, 12, NULL, NULL),
(4104, 78, 12, NULL, NULL),
(4105, 79, 12, NULL, NULL),
(4106, 80, 12, NULL, NULL),
(4107, 81, 12, NULL, NULL),
(4108, 82, 12, NULL, NULL),
(4109, 83, 12, NULL, NULL),
(4110, 84, 12, NULL, NULL),
(4111, 85, 12, NULL, NULL),
(4112, 86, 12, NULL, NULL),
(4113, 87, 12, NULL, NULL),
(4114, 88, 12, NULL, NULL),
(4115, 89, 12, NULL, NULL),
(4116, 90, 12, NULL, NULL),
(4117, 91, 12, NULL, NULL),
(4118, 92, 12, NULL, NULL),
(4119, 93, 12, NULL, NULL),
(4120, 94, 12, NULL, NULL),
(4121, 95, 12, NULL, NULL),
(4122, 96, 12, NULL, NULL),
(4123, 97, 12, NULL, NULL),
(4124, 98, 12, NULL, NULL),
(4125, 99, 12, NULL, NULL),
(4126, 100, 12, NULL, NULL),
(4127, 101, 12, NULL, NULL),
(4128, 102, 12, NULL, NULL),
(4129, 103, 12, NULL, NULL),
(4130, 104, 12, NULL, NULL),
(4131, 105, 12, NULL, NULL),
(4132, 106, 12, NULL, NULL),
(4133, 107, 12, NULL, NULL),
(4134, 108, 12, NULL, NULL),
(4135, 109, 12, NULL, NULL),
(4136, 110, 12, NULL, NULL),
(4137, 111, 12, NULL, NULL),
(4138, 112, 12, NULL, NULL),
(4139, 113, 12, NULL, NULL),
(4140, 114, 12, NULL, NULL),
(4141, 115, 12, NULL, NULL),
(4142, 116, 12, NULL, NULL),
(4143, 117, 12, NULL, NULL),
(4144, 118, 12, NULL, NULL),
(4145, 119, 12, NULL, NULL),
(4146, 120, 12, NULL, NULL),
(4147, 121, 12, NULL, NULL),
(4148, 122, 12, NULL, NULL),
(4149, 123, 12, NULL, NULL),
(4150, 124, 12, NULL, NULL),
(4151, 125, 12, NULL, NULL),
(4152, 126, 12, NULL, NULL),
(4153, 127, 12, NULL, NULL),
(4154, 128, 12, NULL, NULL),
(4155, 129, 12, NULL, NULL),
(4156, 130, 12, NULL, NULL),
(4157, 131, 12, NULL, NULL),
(4158, 132, 12, NULL, NULL),
(4159, 133, 12, NULL, NULL),
(4160, 134, 12, NULL, NULL),
(4161, 135, 12, NULL, NULL),
(4162, 136, 12, NULL, NULL),
(4163, 137, 12, NULL, NULL),
(4164, 138, 12, NULL, NULL),
(4165, 139, 12, NULL, NULL),
(4166, 140, 12, NULL, NULL),
(4167, 141, 12, NULL, NULL),
(4168, 142, 12, NULL, NULL),
(4169, 143, 12, NULL, NULL),
(4170, 144, 12, NULL, NULL),
(4171, 145, 12, NULL, NULL),
(4172, 146, 12, NULL, NULL),
(4173, 147, 12, NULL, NULL),
(4174, 148, 12, NULL, NULL),
(4175, 149, 12, NULL, NULL),
(4176, 150, 12, NULL, NULL),
(4177, 151, 12, NULL, NULL),
(4178, 152, 12, NULL, NULL),
(4179, 153, 12, NULL, NULL),
(4180, 154, 12, NULL, NULL),
(4181, 155, 12, NULL, NULL),
(4182, 156, 12, NULL, NULL),
(4183, 157, 12, NULL, NULL),
(4184, 158, 12, NULL, NULL),
(4185, 159, 12, NULL, NULL),
(4186, 160, 12, NULL, NULL),
(4187, 161, 12, NULL, NULL),
(4188, 162, 12, NULL, NULL),
(4189, 163, 12, NULL, NULL),
(4190, 164, 12, NULL, NULL),
(4191, 165, 12, NULL, NULL),
(4192, 166, 12, NULL, NULL),
(4193, 167, 12, NULL, NULL),
(4194, 168, 12, NULL, NULL),
(4195, 169, 12, NULL, NULL),
(4196, 170, 12, NULL, NULL),
(4197, 171, 12, NULL, NULL),
(4198, 172, 12, NULL, NULL),
(4199, 173, 12, NULL, NULL),
(4200, 174, 12, NULL, NULL),
(4201, 175, 12, NULL, NULL),
(4202, 176, 12, NULL, NULL),
(4203, 177, 12, NULL, NULL),
(4204, 178, 12, NULL, NULL),
(4205, 179, 12, NULL, NULL),
(4206, 180, 12, NULL, NULL),
(4207, 181, 12, NULL, NULL),
(4208, 182, 12, NULL, NULL),
(4209, 183, 12, NULL, NULL),
(4210, 184, 12, NULL, NULL),
(4211, 185, 12, NULL, NULL),
(4212, 186, 12, NULL, NULL),
(4213, 187, 12, NULL, NULL),
(4214, 188, 12, NULL, NULL),
(4215, 189, 12, NULL, NULL),
(4216, 190, 12, NULL, NULL),
(4217, 191, 12, NULL, NULL),
(4218, 192, 12, NULL, NULL),
(4219, 193, 12, NULL, NULL),
(4220, 194, 12, NULL, NULL),
(4221, 195, 12, NULL, NULL),
(4222, 196, 12, NULL, NULL),
(4223, 197, 12, NULL, NULL),
(4224, 198, 12, NULL, NULL),
(4225, 199, 12, NULL, NULL),
(4226, 200, 12, NULL, NULL),
(4227, 201, 12, NULL, NULL),
(4228, 202, 12, NULL, NULL),
(4229, 203, 12, NULL, NULL),
(4230, 204, 12, NULL, NULL),
(4231, 205, 12, NULL, NULL),
(4232, 206, 12, NULL, NULL),
(4233, 207, 12, NULL, NULL),
(4234, 208, 12, NULL, NULL),
(4235, 209, 12, NULL, NULL),
(4236, 210, 12, NULL, NULL),
(4237, 211, 12, NULL, NULL),
(4238, 212, 12, NULL, NULL),
(4239, 213, 12, NULL, NULL),
(4240, 214, 12, NULL, NULL),
(4241, 215, 12, NULL, NULL),
(4242, 216, 12, NULL, NULL),
(4243, 217, 12, NULL, NULL),
(4244, 218, 12, NULL, NULL),
(4245, 219, 12, NULL, NULL),
(4246, 220, 12, NULL, NULL),
(4247, 221, 12, NULL, NULL),
(4248, 222, 12, NULL, NULL),
(4249, 223, 12, NULL, NULL),
(4250, 224, 12, NULL, NULL),
(4251, 225, 12, NULL, NULL),
(4252, 226, 12, NULL, NULL),
(4253, 227, 12, NULL, NULL),
(4254, 228, 12, NULL, NULL),
(4255, 229, 12, NULL, NULL),
(4256, 230, 12, NULL, NULL),
(4257, 231, 12, NULL, NULL),
(4258, 232, 12, NULL, NULL),
(4259, 233, 12, NULL, NULL),
(4260, 234, 12, NULL, NULL),
(4261, 235, 12, NULL, NULL),
(4262, 236, 12, NULL, NULL),
(4263, 237, 12, NULL, NULL),
(4264, 238, 12, NULL, NULL),
(4265, 239, 12, NULL, NULL),
(4266, 240, 12, NULL, NULL),
(4267, 241, 12, NULL, NULL),
(4268, 242, 12, NULL, NULL),
(4269, 243, 12, NULL, NULL),
(4270, 244, 12, NULL, NULL),
(4271, 245, 12, NULL, NULL),
(4272, 246, 12, NULL, NULL),
(4273, 247, 12, NULL, NULL),
(4274, 248, 12, NULL, NULL),
(4275, 249, 12, NULL, NULL),
(4276, 250, 12, NULL, NULL),
(4277, 251, 12, NULL, NULL),
(4278, 252, 12, NULL, NULL),
(4279, 253, 12, NULL, NULL),
(4280, 254, 12, NULL, NULL),
(4281, 255, 12, NULL, NULL),
(4282, 256, 12, NULL, NULL),
(4283, 257, 12, NULL, NULL),
(4284, 258, 12, NULL, NULL),
(4285, 259, 12, NULL, NULL),
(4286, 260, 12, NULL, NULL),
(4287, 261, 12, NULL, NULL),
(4288, 262, 12, NULL, NULL),
(4289, 263, 12, NULL, NULL),
(4290, 264, 12, NULL, NULL),
(4291, 265, 12, NULL, NULL),
(4292, 266, 12, NULL, NULL),
(4293, 267, 12, NULL, NULL),
(4294, 268, 12, NULL, NULL),
(4295, 269, 12, NULL, NULL),
(4296, 270, 12, NULL, NULL),
(4297, 271, 12, NULL, NULL),
(4298, 272, 12, NULL, NULL),
(4299, 273, 12, NULL, NULL),
(4300, 274, 12, NULL, NULL),
(4301, 275, 12, NULL, NULL),
(4302, 276, 12, NULL, NULL),
(4303, 277, 12, NULL, NULL),
(4304, 278, 12, NULL, NULL),
(4305, 279, 12, NULL, NULL),
(4306, 280, 12, NULL, NULL),
(4307, 281, 12, NULL, NULL),
(4308, 282, 12, NULL, NULL),
(4309, 283, 12, NULL, NULL),
(4310, 284, 12, NULL, NULL),
(4311, 285, 12, NULL, NULL),
(4312, 286, 12, NULL, NULL),
(4313, 287, 12, NULL, NULL),
(4314, 288, 12, NULL, NULL),
(4315, 289, 12, NULL, NULL),
(4316, 290, 12, NULL, NULL),
(4317, 291, 12, NULL, NULL),
(4318, 292, 12, NULL, NULL),
(4319, 293, 12, NULL, NULL),
(4320, 294, 12, NULL, NULL),
(4321, 295, 12, NULL, NULL),
(4322, 296, 12, NULL, NULL),
(4323, 297, 12, NULL, NULL),
(4324, 298, 12, NULL, NULL),
(4325, 299, 12, NULL, NULL),
(4326, 300, 12, NULL, NULL),
(4327, 301, 12, NULL, NULL),
(4328, 302, 12, NULL, NULL),
(4329, 303, 12, NULL, NULL),
(4330, 304, 12, NULL, NULL),
(4331, 305, 12, NULL, NULL),
(4332, 306, 12, NULL, NULL),
(4333, 307, 12, NULL, NULL),
(4334, 308, 12, NULL, NULL),
(4335, 309, 12, NULL, NULL),
(4336, 310, 12, NULL, NULL),
(4337, 311, 12, NULL, NULL),
(4338, 312, 12, NULL, NULL),
(4339, 313, 12, NULL, NULL),
(4340, 314, 12, NULL, NULL),
(4341, 315, 12, NULL, NULL),
(4342, 316, 12, NULL, NULL),
(4343, 317, 12, NULL, NULL),
(4344, 318, 12, NULL, NULL),
(4345, 319, 12, NULL, NULL),
(4346, 320, 12, NULL, NULL),
(4347, 321, 12, NULL, NULL),
(4348, 322, 12, NULL, NULL),
(4349, 323, 12, NULL, NULL),
(4350, 324, 12, NULL, NULL),
(4351, 325, 12, NULL, NULL),
(4352, 326, 12, NULL, NULL),
(4353, 327, 12, NULL, NULL),
(4354, 328, 12, NULL, NULL),
(4355, 329, 12, NULL, NULL),
(4356, 330, 12, NULL, NULL),
(4357, 331, 12, NULL, NULL),
(4358, 332, 12, NULL, NULL),
(4359, 333, 12, NULL, NULL),
(4360, 334, 12, NULL, NULL),
(4361, 335, 12, NULL, NULL),
(4362, 336, 12, NULL, NULL),
(4363, 337, 12, NULL, NULL),
(4364, 338, 12, NULL, NULL),
(4365, 339, 12, NULL, NULL),
(4366, 340, 12, NULL, NULL),
(4367, 341, 12, NULL, NULL),
(4368, 342, 12, NULL, NULL),
(4369, 343, 12, NULL, NULL),
(4370, 344, 12, NULL, NULL),
(4371, 345, 12, NULL, NULL),
(4372, 346, 12, NULL, NULL),
(4373, 347, 12, NULL, NULL),
(4374, 348, 12, NULL, NULL),
(4375, 349, 12, NULL, NULL),
(4376, 350, 12, NULL, NULL),
(4377, 351, 12, NULL, NULL),
(4378, 352, 12, NULL, NULL),
(4379, 353, 12, NULL, NULL),
(4380, 354, 12, NULL, NULL),
(4381, 355, 12, NULL, NULL),
(4382, 356, 12, NULL, NULL),
(4383, 357, 12, NULL, NULL),
(4384, 358, 12, NULL, NULL),
(4385, 359, 12, NULL, NULL),
(4386, 360, 12, NULL, NULL),
(4387, 361, 12, NULL, NULL),
(4388, 362, 12, NULL, NULL),
(4389, 363, 12, NULL, NULL),
(4390, 364, 12, NULL, NULL),
(4391, 365, 12, NULL, NULL),
(4392, 366, 12, NULL, NULL),
(4393, 367, 1, NULL, NULL),
(4394, 368, 1, NULL, NULL),
(4395, 369, 1, NULL, NULL),
(4396, 370, 1, NULL, NULL),
(4397, 371, 1, NULL, NULL),
(4398, 372, 1, NULL, NULL),
(4399, 373, 1, NULL, NULL),
(4400, 374, 1, NULL, NULL),
(4401, 375, 1, NULL, NULL),
(4402, 376, 1, NULL, NULL),
(4403, 377, 1, NULL, NULL),
(4404, 378, 1, NULL, NULL),
(4405, 379, 1, NULL, NULL),
(4406, 380, 1, NULL, NULL),
(4407, 381, 1, NULL, NULL),
(4408, 382, 1, NULL, NULL),
(4409, 383, 1, NULL, NULL),
(4410, 384, 1, NULL, NULL),
(4411, 385, 1, NULL, NULL),
(4412, 386, 1, NULL, NULL),
(4413, 387, 1, NULL, NULL),
(4414, 388, 1, NULL, NULL),
(4415, 389, 1, NULL, NULL),
(4416, 390, 1, NULL, NULL),
(4417, 391, 1, NULL, NULL),
(4418, 392, 1, NULL, NULL),
(4419, 393, 1, NULL, NULL),
(4420, 394, 1, NULL, NULL),
(4421, 395, 1, NULL, NULL),
(4422, 396, 1, NULL, NULL),
(4423, 397, 1, NULL, NULL),
(4424, 398, 1, NULL, NULL),
(4425, 399, 1, NULL, NULL),
(4426, 400, 1, NULL, NULL),
(4427, 401, 1, NULL, NULL),
(4428, 402, 1, NULL, NULL),
(4429, 403, 1, NULL, NULL),
(4430, 404, 1, NULL, NULL),
(4431, 405, 1, NULL, NULL),
(4432, 406, 1, NULL, NULL),
(4433, 407, 1, NULL, NULL),
(4434, 408, 1, NULL, NULL),
(4435, 409, 1, NULL, NULL),
(4436, 410, 1, NULL, NULL),
(4437, 411, 1, NULL, NULL),
(4438, 412, 1, NULL, NULL),
(4439, 413, 1, NULL, NULL),
(4440, 414, 1, NULL, NULL),
(4441, 415, 1, NULL, NULL),
(4442, 416, 1, NULL, NULL),
(4443, 417, 1, NULL, NULL),
(4444, 418, 1, NULL, NULL),
(4445, 419, 1, NULL, NULL),
(4446, 420, 1, NULL, NULL),
(4447, 421, 1, NULL, NULL),
(4448, 422, 1, NULL, NULL),
(4449, 423, 1, NULL, NULL),
(4450, 424, 1, NULL, NULL),
(4451, 425, 1, NULL, NULL),
(4452, 426, 1, NULL, NULL),
(4453, 427, 1, NULL, NULL),
(4454, 428, 1, NULL, NULL),
(4455, 429, 1, NULL, NULL),
(4456, 430, 1, NULL, NULL),
(4457, 431, 1, NULL, NULL),
(4458, 432, 1, NULL, NULL),
(4459, 433, 1, NULL, NULL),
(4460, 434, 1, NULL, NULL),
(4461, 435, 1, NULL, NULL),
(4462, 436, 1, NULL, NULL),
(4463, 437, 1, NULL, NULL),
(4464, 438, 1, NULL, NULL),
(4465, 439, 1, NULL, NULL),
(4466, 440, 1, NULL, NULL),
(4467, 441, 1, NULL, NULL),
(4468, 442, 1, NULL, NULL),
(4469, 443, 1, NULL, NULL),
(4470, 444, 1, NULL, NULL),
(4471, 445, 1, NULL, NULL),
(4472, 446, 1, NULL, NULL),
(4473, 447, 1, NULL, NULL),
(4474, 448, 1, NULL, NULL),
(4475, 449, 1, NULL, NULL),
(4476, 450, 1, NULL, NULL),
(4477, 451, 1, NULL, NULL),
(4478, 452, 1, NULL, NULL),
(4479, 453, 1, NULL, NULL),
(4480, 454, 1, NULL, NULL),
(4481, 455, 1, NULL, NULL),
(4482, 456, 1, NULL, NULL),
(4483, 457, 1, NULL, NULL),
(4484, 458, 1, NULL, NULL),
(4485, 459, 1, NULL, NULL),
(4486, 460, 1, NULL, NULL),
(4487, 461, 1, NULL, NULL),
(4488, 462, 1, NULL, NULL),
(4489, 463, 1, NULL, NULL),
(4490, 464, 1, NULL, NULL),
(4491, 465, 1, NULL, NULL),
(4492, 466, 1, NULL, NULL),
(4493, 467, 1, NULL, NULL),
(4494, 468, 1, NULL, NULL),
(4495, 469, 1, NULL, NULL),
(4496, 470, 1, NULL, NULL),
(4497, 471, 1, NULL, NULL),
(4498, 472, 1, NULL, NULL),
(4499, 473, 1, NULL, NULL),
(4500, 474, 1, NULL, NULL),
(4501, 475, 1, NULL, NULL),
(4502, 476, 1, NULL, NULL),
(4503, 477, 1, NULL, NULL),
(4504, 478, 1, NULL, NULL),
(4505, 479, 1, NULL, NULL),
(4506, 480, 1, NULL, NULL),
(4507, 481, 1, NULL, NULL),
(4508, 482, 1, NULL, NULL),
(4509, 483, 1, NULL, NULL),
(4510, 484, 1, NULL, NULL),
(4511, 485, 1, NULL, NULL),
(4512, 486, 1, NULL, NULL),
(4513, 487, 1, NULL, NULL),
(4514, 488, 1, NULL, NULL),
(4515, 489, 1, NULL, NULL),
(4516, 490, 1, NULL, NULL),
(4517, 491, 1, NULL, NULL),
(4518, 492, 1, NULL, NULL),
(4519, 493, 1, NULL, NULL),
(4520, 494, 1, NULL, NULL),
(4521, 495, 1, NULL, NULL),
(4522, 496, 1, NULL, NULL),
(4523, 497, 1, NULL, NULL),
(4524, 498, 1, NULL, NULL),
(4525, 499, 1, NULL, NULL),
(4526, 500, 1, NULL, NULL),
(4527, 501, 1, NULL, NULL),
(4528, 502, 1, NULL, NULL),
(4529, 503, 1, NULL, NULL),
(4530, 504, 1, NULL, NULL),
(4531, 505, 1, NULL, NULL),
(4532, 506, 1, NULL, NULL),
(4533, 507, 1, NULL, NULL),
(4534, 508, 1, NULL, NULL),
(4535, 509, 1, NULL, NULL),
(4536, 510, 1, NULL, NULL),
(4537, 511, 1, NULL, NULL),
(4538, 512, 1, NULL, NULL),
(4539, 513, 1, NULL, NULL),
(4540, 514, 1, NULL, NULL),
(4541, 515, 1, NULL, NULL),
(4542, 516, 1, NULL, NULL),
(4543, 517, 1, NULL, NULL),
(4544, 518, 1, NULL, NULL),
(4545, 519, 1, NULL, NULL),
(4546, 520, 1, NULL, NULL),
(4547, 521, 1, NULL, NULL),
(4548, 522, 1, NULL, NULL),
(4549, 523, 1, NULL, NULL),
(4550, 524, 1, NULL, NULL),
(4551, 525, 1, NULL, NULL),
(4552, 526, 1, NULL, NULL),
(4553, 527, 1, NULL, NULL),
(4554, 528, 1, NULL, NULL),
(4555, 529, 1, NULL, NULL),
(4556, 530, 1, NULL, NULL),
(4557, 531, 1, NULL, NULL),
(4558, 532, 1, NULL, NULL),
(4559, 533, 1, NULL, NULL),
(4560, 534, 1, NULL, NULL),
(4561, 535, 1, NULL, NULL),
(4562, 536, 1, NULL, NULL),
(4563, 537, 1, NULL, NULL),
(4564, 538, 1, NULL, NULL),
(4565, 539, 1, NULL, NULL),
(4566, 540, 1, NULL, NULL),
(4567, 541, 1, NULL, NULL),
(4568, 542, 1, NULL, NULL),
(4569, 543, 1, NULL, NULL),
(4570, 544, 1, NULL, NULL),
(4571, 545, 1, NULL, NULL),
(4572, 546, 1, NULL, NULL),
(4573, 547, 1, NULL, NULL),
(4574, 548, 1, NULL, NULL),
(4575, 549, 1, NULL, NULL),
(4576, 550, 1, NULL, NULL),
(4577, 551, 1, NULL, NULL),
(4578, 552, 1, NULL, NULL),
(4579, 553, 1, NULL, NULL),
(4580, 554, 1, NULL, NULL),
(4581, 555, 1, NULL, NULL),
(4582, 556, 1, NULL, NULL),
(4583, 557, 1, NULL, NULL),
(4584, 558, 1, NULL, NULL),
(4585, 559, 1, NULL, NULL),
(4586, 560, 1, NULL, NULL),
(4587, 561, 1, NULL, NULL),
(4588, 562, 1, NULL, NULL),
(4589, 563, 1, NULL, NULL),
(4590, 564, 1, NULL, NULL),
(4591, 565, 1, NULL, NULL),
(4592, 566, 1, NULL, NULL),
(4593, 567, 1, NULL, NULL),
(4594, 568, 1, NULL, NULL),
(4595, 569, 1, NULL, NULL),
(4596, 570, 1, NULL, NULL),
(4597, 571, 1, NULL, NULL),
(4598, 572, 1, NULL, NULL),
(4599, 573, 1, NULL, NULL),
(4600, 574, 1, NULL, NULL),
(4601, 575, 1, NULL, NULL),
(4602, 576, 1, NULL, NULL),
(4603, 577, 1, NULL, NULL),
(4604, 578, 1, NULL, NULL),
(4605, 579, 1, NULL, NULL),
(4606, 580, 1, NULL, NULL),
(4607, 581, 1, NULL, NULL),
(4608, 582, 1, NULL, NULL),
(4609, 583, 1, NULL, NULL),
(4610, 584, 1, NULL, NULL),
(4611, 585, 1, NULL, NULL),
(4612, 586, 1, NULL, NULL),
(4613, 587, 1, NULL, NULL),
(4614, 588, 1, NULL, NULL),
(4615, 589, 1, NULL, NULL),
(4616, 590, 1, NULL, NULL),
(4617, 591, 1, NULL, NULL),
(4618, 592, 1, NULL, NULL),
(4619, 593, 1, NULL, NULL),
(4620, 594, 1, NULL, NULL),
(4621, 595, 1, NULL, NULL),
(4622, 596, 1, NULL, NULL),
(4623, 597, 1, NULL, NULL),
(4624, 598, 1, NULL, NULL),
(4625, 599, 1, NULL, NULL),
(4626, 600, 1, NULL, NULL),
(4627, 601, 1, NULL, NULL),
(4628, 602, 1, NULL, NULL),
(4629, 603, 1, NULL, NULL),
(4630, 604, 1, NULL, NULL),
(4631, 605, 1, NULL, NULL),
(4632, 606, 1, NULL, NULL),
(4633, 607, 1, NULL, NULL),
(4634, 608, 1, NULL, NULL),
(4635, 609, 1, NULL, NULL),
(4636, 610, 1, NULL, NULL),
(4637, 611, 1, NULL, NULL),
(4638, 612, 1, NULL, NULL),
(4639, 613, 1, NULL, NULL),
(4640, 614, 1, NULL, NULL),
(4641, 615, 1, NULL, NULL),
(4642, 616, 1, NULL, NULL),
(4643, 617, 1, NULL, NULL),
(4644, 618, 1, NULL, NULL),
(4645, 619, 1, NULL, NULL),
(4646, 620, 1, NULL, NULL),
(4647, 621, 1, NULL, NULL),
(4648, 622, 1, NULL, NULL),
(4649, 623, 1, NULL, NULL),
(4650, 624, 1, NULL, NULL),
(4651, 625, 1, NULL, NULL),
(4652, 626, 1, NULL, NULL),
(4653, 627, 1, NULL, NULL),
(4654, 628, 1, NULL, NULL),
(4655, 629, 1, NULL, NULL),
(4656, 630, 1, NULL, NULL),
(4657, 631, 1, NULL, NULL),
(4658, 632, 1, NULL, NULL),
(4659, 633, 1, NULL, NULL),
(4660, 634, 1, NULL, NULL),
(4661, 635, 1, NULL, NULL),
(4662, 636, 1, NULL, NULL),
(4663, 637, 1, NULL, NULL),
(4664, 638, 1, NULL, NULL),
(4665, 639, 1, NULL, NULL),
(4666, 640, 1, NULL, NULL),
(4667, 641, 1, NULL, NULL),
(4668, 642, 1, NULL, NULL),
(4669, 643, 1, NULL, NULL),
(4670, 644, 1, NULL, NULL),
(4671, 645, 1, NULL, NULL),
(4672, 646, 1, NULL, NULL),
(4673, 647, 1, NULL, NULL),
(4674, 648, 1, NULL, NULL),
(4675, 649, 1, NULL, NULL),
(4676, 650, 1, NULL, NULL),
(4677, 651, 1, NULL, NULL),
(4678, 652, 1, NULL, NULL),
(4679, 653, 1, NULL, NULL),
(4680, 654, 1, NULL, NULL),
(4681, 655, 1, NULL, NULL),
(4682, 656, 1, NULL, NULL),
(4683, 657, 1, NULL, NULL),
(4684, 658, 1, NULL, NULL),
(4685, 659, 1, NULL, NULL),
(4686, 660, 1, NULL, NULL),
(4687, 661, 1, NULL, NULL),
(4688, 662, 1, NULL, NULL),
(4689, 663, 1, NULL, NULL),
(4690, 664, 1, NULL, NULL),
(4691, 665, 1, NULL, NULL),
(4692, 666, 1, NULL, NULL),
(4693, 667, 1, NULL, NULL),
(4694, 668, 1, NULL, NULL),
(4695, 669, 1, NULL, NULL),
(4696, 670, 1, NULL, NULL),
(4697, 671, 1, NULL, NULL),
(4698, 672, 1, NULL, NULL),
(4699, 673, 1, NULL, NULL),
(4700, 674, 1, NULL, NULL),
(4701, 675, 1, NULL, NULL),
(4702, 676, 1, NULL, NULL),
(4703, 677, 1, NULL, NULL),
(4704, 678, 1, NULL, NULL),
(4705, 679, 1, NULL, NULL),
(4706, 680, 1, NULL, NULL),
(4707, 681, 1, NULL, NULL),
(4708, 682, 1, NULL, NULL),
(4709, 683, 1, NULL, NULL),
(4710, 684, 1, NULL, NULL),
(4711, 685, 1, NULL, NULL),
(4712, 686, 1, NULL, NULL),
(4713, 687, 1, NULL, NULL),
(4714, 688, 1, NULL, NULL),
(4715, 689, 1, NULL, NULL),
(4716, 690, 1, NULL, NULL),
(4717, 691, 1, NULL, NULL),
(4718, 692, 1, NULL, NULL),
(4719, 693, 1, NULL, NULL),
(4720, 694, 1, NULL, NULL),
(4721, 695, 1, NULL, NULL),
(4722, 696, 1, NULL, NULL),
(4723, 697, 1, NULL, NULL),
(4724, 698, 1, NULL, NULL),
(4725, 699, 1, NULL, NULL),
(4726, 700, 1, NULL, NULL),
(4727, 701, 1, NULL, NULL),
(4728, 702, 1, NULL, NULL),
(4729, 703, 1, NULL, NULL),
(4730, 704, 1, NULL, NULL),
(4731, 705, 1, NULL, NULL),
(4732, 706, 1, NULL, NULL),
(4733, 707, 1, NULL, NULL),
(4734, 708, 1, NULL, NULL),
(4735, 709, 1, NULL, NULL),
(4736, 710, 1, NULL, NULL),
(4737, 711, 1, NULL, NULL),
(4738, 712, 1, NULL, NULL),
(4739, 713, 1, NULL, NULL),
(4740, 714, 1, NULL, NULL),
(4741, 715, 1, NULL, NULL),
(4742, 716, 1, NULL, NULL),
(4743, 717, 1, NULL, NULL),
(4744, 718, 1, NULL, NULL),
(4745, 719, 1, NULL, NULL),
(4746, 720, 1, NULL, NULL),
(4747, 721, 1, NULL, NULL),
(4748, 722, 1, NULL, NULL),
(4749, 723, 1, NULL, NULL),
(4750, 724, 1, NULL, NULL),
(4751, 725, 1, NULL, NULL),
(4752, 726, 1, NULL, NULL),
(4753, 727, 1, NULL, NULL),
(4754, 728, 1, NULL, NULL),
(4755, 729, 1, NULL, NULL),
(4756, 730, 1, NULL, NULL),
(4757, 731, 1, NULL, NULL),
(4758, 367, 2, NULL, NULL),
(4759, 368, 2, NULL, NULL),
(4760, 369, 2, NULL, NULL),
(4761, 370, 2, NULL, NULL),
(4762, 371, 2, NULL, NULL),
(4763, 372, 2, NULL, NULL),
(4764, 373, 2, NULL, NULL),
(4765, 374, 2, NULL, NULL),
(4766, 375, 2, NULL, NULL),
(4767, 376, 2, NULL, NULL),
(4768, 377, 2, NULL, NULL),
(4769, 378, 2, NULL, NULL),
(4770, 379, 2, NULL, NULL),
(4771, 380, 2, NULL, NULL),
(4772, 381, 2, NULL, NULL),
(4773, 382, 2, NULL, NULL),
(4774, 383, 2, NULL, NULL),
(4775, 384, 2, NULL, NULL),
(4776, 385, 2, NULL, NULL),
(4777, 386, 2, NULL, NULL),
(4778, 387, 2, NULL, NULL),
(4779, 388, 2, NULL, NULL),
(4780, 389, 2, NULL, NULL),
(4781, 390, 2, NULL, NULL),
(4782, 391, 2, NULL, NULL),
(4783, 392, 2, NULL, NULL),
(4784, 393, 2, NULL, NULL),
(4785, 394, 2, NULL, NULL),
(4786, 395, 2, NULL, NULL),
(4787, 396, 2, NULL, NULL),
(4788, 397, 2, NULL, NULL),
(4789, 398, 2, NULL, NULL),
(4790, 399, 2, NULL, NULL),
(4791, 400, 2, NULL, NULL),
(4792, 401, 2, NULL, NULL),
(4793, 402, 2, NULL, NULL),
(4794, 403, 2, NULL, NULL),
(4795, 404, 2, NULL, NULL),
(4796, 405, 2, NULL, NULL),
(4797, 406, 2, NULL, NULL),
(4798, 407, 2, NULL, NULL),
(4799, 408, 2, NULL, NULL),
(4800, 409, 2, NULL, NULL),
(4801, 410, 2, NULL, NULL),
(4802, 411, 2, NULL, NULL),
(4803, 412, 2, NULL, NULL),
(4804, 413, 2, NULL, NULL),
(4805, 414, 2, NULL, NULL),
(4806, 415, 2, NULL, NULL),
(4807, 416, 2, NULL, NULL),
(4808, 417, 2, NULL, NULL),
(4809, 418, 2, NULL, NULL),
(4810, 419, 2, NULL, NULL),
(4811, 420, 2, NULL, NULL),
(4812, 421, 2, NULL, NULL),
(4813, 422, 2, NULL, NULL),
(4814, 423, 2, NULL, NULL),
(4815, 424, 2, NULL, NULL),
(4816, 425, 2, NULL, NULL),
(4817, 426, 2, NULL, NULL),
(4818, 427, 2, NULL, NULL),
(4819, 428, 2, NULL, NULL),
(4820, 429, 2, NULL, NULL),
(4821, 430, 2, NULL, NULL),
(4822, 431, 2, NULL, NULL),
(4823, 432, 2, NULL, NULL),
(4824, 433, 2, NULL, NULL),
(4825, 434, 2, NULL, NULL),
(4826, 435, 2, NULL, NULL),
(4827, 436, 2, NULL, NULL),
(4828, 437, 2, NULL, NULL),
(4829, 438, 2, NULL, NULL),
(4830, 439, 2, NULL, NULL),
(4831, 440, 2, NULL, NULL),
(4832, 441, 2, NULL, NULL),
(4833, 442, 2, NULL, NULL),
(4834, 443, 2, NULL, NULL),
(4835, 444, 2, NULL, NULL),
(4836, 445, 2, NULL, NULL),
(4837, 446, 2, NULL, NULL),
(4838, 447, 2, NULL, NULL),
(4839, 448, 2, NULL, NULL),
(4840, 449, 2, NULL, NULL),
(4841, 450, 2, NULL, NULL),
(4842, 451, 2, NULL, NULL),
(4843, 452, 2, NULL, NULL),
(4844, 453, 2, NULL, NULL),
(4845, 454, 2, NULL, NULL),
(4846, 455, 2, NULL, NULL),
(4847, 456, 2, NULL, NULL),
(4848, 457, 2, NULL, NULL),
(4849, 458, 2, NULL, NULL),
(4850, 459, 2, NULL, NULL),
(4851, 460, 2, NULL, NULL),
(4852, 461, 2, NULL, NULL),
(4853, 462, 2, NULL, NULL),
(4854, 463, 2, NULL, NULL),
(4855, 464, 2, NULL, NULL),
(4856, 465, 2, NULL, NULL),
(4857, 466, 2, NULL, NULL),
(4858, 467, 2, NULL, NULL),
(4859, 468, 2, NULL, NULL),
(4860, 469, 2, NULL, NULL),
(4861, 470, 2, NULL, NULL),
(4862, 471, 2, NULL, NULL),
(4863, 472, 2, NULL, NULL),
(4864, 473, 2, NULL, NULL),
(4865, 474, 2, NULL, NULL),
(4866, 475, 2, NULL, NULL),
(4867, 476, 2, NULL, NULL),
(4868, 477, 2, NULL, NULL),
(4869, 478, 2, NULL, NULL),
(4870, 479, 2, NULL, NULL),
(4871, 480, 2, NULL, NULL),
(4872, 481, 2, NULL, NULL),
(4873, 482, 2, NULL, NULL),
(4874, 483, 2, NULL, NULL),
(4875, 484, 2, NULL, NULL),
(4876, 485, 2, NULL, NULL),
(4877, 486, 2, NULL, NULL),
(4878, 487, 2, NULL, NULL),
(4879, 488, 2, NULL, NULL),
(4880, 489, 2, NULL, NULL),
(4881, 490, 2, NULL, NULL),
(4882, 491, 2, NULL, NULL),
(4883, 492, 2, NULL, NULL),
(4884, 493, 2, NULL, NULL),
(4885, 494, 2, NULL, NULL),
(4886, 495, 2, NULL, NULL),
(4887, 496, 2, NULL, NULL),
(4888, 497, 2, NULL, NULL),
(4889, 498, 2, NULL, NULL),
(4890, 499, 2, NULL, NULL),
(4891, 500, 2, NULL, NULL),
(4892, 501, 2, NULL, NULL),
(4893, 502, 2, NULL, NULL),
(4894, 503, 2, NULL, NULL),
(4895, 504, 2, NULL, NULL),
(4896, 505, 2, NULL, NULL),
(4897, 506, 2, NULL, NULL),
(4898, 507, 2, NULL, NULL),
(4899, 508, 2, NULL, NULL),
(4900, 509, 2, NULL, NULL),
(4901, 510, 2, NULL, NULL),
(4902, 511, 2, NULL, NULL),
(4903, 512, 2, NULL, NULL),
(4904, 513, 2, NULL, NULL),
(4905, 514, 2, NULL, NULL),
(4906, 515, 2, NULL, NULL),
(4907, 516, 2, NULL, NULL),
(4908, 517, 2, NULL, NULL),
(4909, 518, 2, NULL, NULL),
(4910, 519, 2, NULL, NULL),
(4911, 520, 2, NULL, NULL),
(4912, 521, 2, NULL, NULL),
(4913, 522, 2, NULL, NULL),
(4914, 523, 2, NULL, NULL),
(4915, 524, 2, NULL, NULL),
(4916, 525, 2, NULL, NULL),
(4917, 526, 2, NULL, NULL),
(4918, 527, 2, NULL, NULL),
(4919, 528, 2, NULL, NULL),
(4920, 529, 2, NULL, NULL),
(4921, 530, 2, NULL, NULL),
(4922, 531, 2, NULL, NULL),
(4923, 532, 2, NULL, NULL),
(4924, 533, 2, NULL, NULL),
(4925, 534, 2, NULL, NULL),
(4926, 535, 2, NULL, NULL),
(4927, 536, 2, NULL, NULL),
(4928, 537, 2, NULL, NULL),
(4929, 538, 2, NULL, NULL),
(4930, 539, 2, NULL, NULL),
(4931, 540, 2, NULL, NULL),
(4932, 541, 2, NULL, NULL),
(4933, 542, 2, NULL, NULL),
(4934, 543, 2, NULL, NULL),
(4935, 544, 2, NULL, NULL),
(4936, 545, 2, NULL, NULL),
(4937, 546, 2, NULL, NULL),
(4938, 547, 2, NULL, NULL),
(4939, 548, 2, NULL, NULL),
(4940, 549, 2, NULL, NULL),
(4941, 550, 2, NULL, NULL),
(4942, 551, 2, NULL, NULL),
(4943, 552, 2, NULL, NULL),
(4944, 553, 2, NULL, NULL),
(4945, 554, 2, NULL, NULL),
(4946, 555, 2, NULL, NULL),
(4947, 556, 2, NULL, NULL),
(4948, 557, 2, NULL, NULL),
(4949, 558, 2, NULL, NULL),
(4950, 559, 2, NULL, NULL),
(4951, 560, 2, NULL, NULL),
(4952, 561, 2, NULL, NULL),
(4953, 562, 2, NULL, NULL),
(4954, 563, 2, NULL, NULL),
(4955, 564, 2, NULL, NULL),
(4956, 565, 2, NULL, NULL),
(4957, 566, 2, NULL, NULL),
(4958, 567, 2, NULL, NULL),
(4959, 568, 2, NULL, NULL),
(4960, 569, 2, NULL, NULL),
(4961, 570, 2, NULL, NULL),
(4962, 571, 2, NULL, NULL),
(4963, 572, 2, NULL, NULL),
(4964, 573, 2, NULL, NULL),
(4965, 574, 2, NULL, NULL),
(4966, 575, 2, NULL, NULL),
(4967, 576, 2, NULL, NULL),
(4968, 577, 2, NULL, NULL),
(4969, 578, 2, NULL, NULL),
(4970, 579, 2, NULL, NULL),
(4971, 580, 2, NULL, NULL),
(4972, 581, 2, NULL, NULL),
(4973, 582, 2, NULL, NULL),
(4974, 583, 2, NULL, NULL),
(4975, 584, 2, NULL, NULL),
(4976, 585, 2, NULL, NULL),
(4977, 586, 2, NULL, NULL),
(4978, 587, 2, NULL, NULL),
(4979, 588, 2, NULL, NULL),
(4980, 589, 2, NULL, NULL),
(4981, 590, 2, NULL, NULL),
(4982, 591, 2, NULL, NULL),
(4983, 592, 2, NULL, NULL),
(4984, 593, 2, NULL, NULL),
(4985, 594, 2, NULL, NULL),
(4986, 595, 2, NULL, NULL),
(4987, 596, 2, NULL, NULL),
(4988, 597, 2, NULL, NULL),
(4989, 598, 2, NULL, NULL),
(4990, 599, 2, NULL, NULL),
(4991, 600, 2, NULL, NULL),
(4992, 601, 2, NULL, NULL),
(4993, 602, 2, NULL, NULL),
(4994, 603, 2, NULL, NULL),
(4995, 604, 2, NULL, NULL),
(4996, 605, 2, NULL, NULL),
(4997, 606, 2, NULL, NULL),
(4998, 607, 2, NULL, NULL),
(4999, 608, 2, NULL, NULL),
(5000, 609, 2, NULL, NULL),
(5001, 610, 2, NULL, NULL),
(5002, 611, 2, NULL, NULL),
(5003, 612, 2, NULL, NULL),
(5004, 613, 2, NULL, NULL),
(5005, 614, 2, NULL, NULL),
(5006, 615, 2, NULL, NULL),
(5007, 616, 2, NULL, NULL),
(5008, 617, 2, NULL, NULL),
(5009, 618, 2, NULL, NULL),
(5010, 619, 2, NULL, NULL),
(5011, 620, 2, NULL, NULL),
(5012, 621, 2, NULL, NULL),
(5013, 622, 2, NULL, NULL),
(5014, 623, 2, NULL, NULL),
(5015, 624, 2, NULL, NULL),
(5016, 625, 2, NULL, NULL),
(5017, 626, 2, NULL, NULL),
(5018, 627, 2, NULL, NULL),
(5019, 628, 2, NULL, NULL),
(5020, 629, 2, NULL, NULL),
(5021, 630, 2, NULL, NULL),
(5022, 631, 2, NULL, NULL),
(5023, 632, 2, NULL, NULL),
(5024, 633, 2, NULL, NULL),
(5025, 634, 2, NULL, NULL),
(5026, 635, 2, NULL, NULL),
(5027, 636, 2, NULL, NULL),
(5028, 637, 2, NULL, NULL),
(5029, 638, 2, NULL, NULL),
(5030, 639, 2, NULL, NULL),
(5031, 640, 2, NULL, NULL),
(5032, 641, 2, NULL, NULL),
(5033, 642, 2, NULL, NULL),
(5034, 643, 2, NULL, NULL),
(5035, 644, 2, NULL, NULL),
(5036, 645, 2, NULL, NULL),
(5037, 646, 2, NULL, NULL),
(5038, 647, 2, NULL, NULL),
(5039, 648, 2, NULL, NULL),
(5040, 649, 2, NULL, NULL),
(5041, 650, 2, NULL, NULL),
(5042, 651, 2, NULL, NULL),
(5043, 652, 2, NULL, NULL),
(5044, 653, 2, NULL, NULL),
(5045, 654, 2, NULL, NULL),
(5046, 655, 2, NULL, NULL),
(5047, 656, 2, NULL, NULL),
(5048, 657, 2, NULL, NULL),
(5049, 658, 2, NULL, NULL),
(5050, 659, 2, NULL, NULL),
(5051, 660, 2, NULL, NULL),
(5052, 661, 2, NULL, NULL),
(5053, 662, 2, NULL, NULL),
(5054, 663, 2, NULL, NULL),
(5055, 664, 2, NULL, NULL),
(5056, 665, 2, NULL, NULL),
(5057, 666, 2, NULL, NULL),
(5058, 667, 2, NULL, NULL),
(5059, 668, 2, NULL, NULL),
(5060, 669, 2, NULL, NULL),
(5061, 670, 2, NULL, NULL),
(5062, 671, 2, NULL, NULL),
(5063, 672, 2, NULL, NULL),
(5064, 673, 2, NULL, NULL),
(5065, 674, 2, NULL, NULL),
(5066, 675, 2, NULL, NULL),
(5067, 676, 2, NULL, NULL),
(5068, 677, 2, NULL, NULL),
(5069, 678, 2, NULL, NULL),
(5070, 679, 2, NULL, NULL),
(5071, 680, 2, NULL, NULL),
(5072, 681, 2, NULL, NULL),
(5073, 682, 2, NULL, NULL),
(5074, 683, 2, NULL, NULL),
(5075, 684, 2, NULL, NULL),
(5076, 685, 2, NULL, NULL),
(5077, 686, 2, NULL, NULL),
(5078, 687, 2, NULL, NULL),
(5079, 688, 2, NULL, NULL),
(5080, 689, 2, NULL, NULL),
(5081, 690, 2, NULL, NULL),
(5082, 691, 2, NULL, NULL),
(5083, 692, 2, NULL, NULL),
(5084, 693, 2, NULL, NULL),
(5085, 694, 2, NULL, NULL),
(5086, 695, 2, NULL, NULL),
(5087, 696, 2, NULL, NULL),
(5088, 697, 2, NULL, NULL),
(5089, 698, 2, NULL, NULL),
(5090, 699, 2, NULL, NULL),
(5091, 700, 2, NULL, NULL),
(5092, 701, 2, NULL, NULL),
(5093, 702, 2, NULL, NULL),
(5094, 703, 2, NULL, NULL),
(5095, 704, 2, NULL, NULL),
(5096, 705, 2, NULL, NULL),
(5097, 706, 2, NULL, NULL),
(5098, 707, 2, NULL, NULL),
(5099, 708, 2, NULL, NULL),
(5100, 709, 2, NULL, NULL),
(5101, 710, 2, NULL, NULL),
(5102, 711, 2, NULL, NULL),
(5103, 712, 2, NULL, NULL),
(5104, 713, 2, NULL, NULL),
(5105, 714, 2, NULL, NULL),
(5106, 715, 2, NULL, NULL),
(5107, 716, 2, NULL, NULL),
(5108, 717, 2, NULL, NULL),
(5109, 718, 2, NULL, NULL),
(5110, 719, 2, NULL, NULL),
(5111, 720, 2, NULL, NULL),
(5112, 721, 2, NULL, NULL),
(5113, 722, 2, NULL, NULL),
(5114, 723, 2, NULL, NULL),
(5115, 724, 2, NULL, NULL),
(5116, 725, 2, NULL, NULL),
(5117, 726, 2, NULL, NULL),
(5118, 727, 2, NULL, NULL),
(5119, 728, 2, NULL, NULL),
(5120, 729, 2, NULL, NULL),
(5121, 730, 2, NULL, NULL),
(5122, 731, 2, NULL, NULL),
(5123, 367, 3, NULL, NULL),
(5124, 368, 3, NULL, NULL),
(5125, 369, 3, NULL, NULL),
(5126, 370, 3, NULL, NULL),
(5127, 371, 3, NULL, NULL),
(5128, 372, 3, NULL, NULL),
(5129, 373, 3, NULL, NULL),
(5130, 374, 3, NULL, NULL),
(5131, 375, 3, NULL, NULL),
(5132, 376, 3, NULL, NULL),
(5133, 377, 3, NULL, NULL),
(5134, 378, 3, NULL, NULL),
(5135, 379, 3, NULL, NULL),
(5136, 380, 3, NULL, NULL),
(5137, 381, 3, NULL, NULL),
(5138, 382, 3, NULL, NULL),
(5139, 383, 3, NULL, NULL),
(5140, 384, 3, NULL, NULL),
(5141, 385, 3, NULL, NULL),
(5142, 386, 3, NULL, NULL),
(5143, 387, 3, NULL, NULL),
(5144, 388, 3, NULL, NULL),
(5145, 389, 3, NULL, NULL),
(5146, 390, 3, NULL, NULL),
(5147, 391, 3, NULL, NULL),
(5148, 392, 3, NULL, NULL),
(5149, 393, 3, NULL, NULL),
(5150, 394, 3, NULL, NULL),
(5151, 395, 3, NULL, NULL),
(5152, 396, 3, NULL, NULL),
(5153, 397, 3, NULL, NULL),
(5154, 398, 3, NULL, NULL),
(5155, 399, 3, NULL, NULL),
(5156, 400, 3, NULL, NULL),
(5157, 401, 3, NULL, NULL),
(5158, 402, 3, NULL, NULL),
(5159, 403, 3, NULL, NULL),
(5160, 404, 3, NULL, NULL),
(5161, 405, 3, NULL, NULL),
(5162, 406, 3, NULL, NULL),
(5163, 407, 3, NULL, NULL),
(5164, 408, 3, NULL, NULL),
(5165, 409, 3, NULL, NULL),
(5166, 410, 3, NULL, NULL),
(5167, 411, 3, NULL, NULL),
(5168, 412, 3, NULL, NULL),
(5169, 413, 3, NULL, NULL),
(5170, 414, 3, NULL, NULL),
(5171, 415, 3, NULL, NULL),
(5172, 416, 3, NULL, NULL),
(5173, 417, 3, NULL, NULL),
(5174, 418, 3, NULL, NULL),
(5175, 419, 3, NULL, NULL),
(5176, 420, 3, NULL, NULL),
(5177, 421, 3, NULL, NULL),
(5178, 422, 3, NULL, NULL),
(5179, 423, 3, NULL, NULL),
(5180, 424, 3, NULL, NULL),
(5181, 425, 3, NULL, NULL),
(5182, 426, 3, NULL, NULL),
(5183, 427, 3, NULL, NULL),
(5184, 428, 3, NULL, NULL),
(5185, 429, 3, NULL, NULL),
(5186, 430, 3, NULL, NULL),
(5187, 431, 3, NULL, NULL),
(5188, 432, 3, NULL, NULL),
(5189, 433, 3, NULL, NULL),
(5190, 434, 3, NULL, NULL),
(5191, 435, 3, NULL, NULL),
(5192, 436, 3, NULL, NULL),
(5193, 437, 3, NULL, NULL),
(5194, 438, 3, NULL, NULL),
(5195, 439, 3, NULL, NULL),
(5196, 440, 3, NULL, NULL),
(5197, 441, 3, NULL, NULL),
(5198, 442, 3, NULL, NULL),
(5199, 443, 3, NULL, NULL),
(5200, 444, 3, NULL, NULL),
(5201, 445, 3, NULL, NULL),
(5202, 446, 3, NULL, NULL),
(5203, 447, 3, NULL, NULL),
(5204, 448, 3, NULL, NULL),
(5205, 449, 3, NULL, NULL),
(5206, 450, 3, NULL, NULL),
(5207, 451, 3, NULL, NULL),
(5208, 452, 3, NULL, NULL),
(5209, 453, 3, NULL, NULL),
(5210, 454, 3, NULL, NULL),
(5211, 455, 3, NULL, NULL),
(5212, 456, 3, NULL, NULL),
(5213, 457, 3, NULL, NULL),
(5214, 458, 3, NULL, NULL),
(5215, 459, 3, NULL, NULL),
(5216, 460, 3, NULL, NULL),
(5217, 461, 3, NULL, NULL),
(5218, 462, 3, NULL, NULL),
(5219, 463, 3, NULL, NULL),
(5220, 464, 3, NULL, NULL),
(5221, 465, 3, NULL, NULL),
(5222, 466, 3, NULL, NULL),
(5223, 467, 3, NULL, NULL),
(5224, 468, 3, NULL, NULL),
(5225, 469, 3, NULL, NULL),
(5226, 470, 3, NULL, NULL),
(5227, 471, 3, NULL, NULL),
(5228, 472, 3, NULL, NULL),
(5229, 473, 3, NULL, NULL),
(5230, 474, 3, NULL, NULL),
(5231, 475, 3, NULL, NULL),
(5232, 476, 3, NULL, NULL),
(5233, 477, 3, NULL, NULL),
(5234, 478, 3, NULL, NULL),
(5235, 479, 3, NULL, NULL),
(5236, 480, 3, NULL, NULL),
(5237, 481, 3, NULL, NULL),
(5238, 482, 3, NULL, NULL),
(5239, 483, 3, NULL, NULL),
(5240, 484, 3, NULL, NULL),
(5241, 485, 3, NULL, NULL),
(5242, 486, 3, NULL, NULL),
(5243, 487, 3, NULL, NULL),
(5244, 488, 3, NULL, NULL),
(5245, 489, 3, NULL, NULL),
(5246, 490, 3, NULL, NULL),
(5247, 491, 3, NULL, NULL),
(5248, 492, 3, NULL, NULL),
(5249, 493, 3, NULL, NULL),
(5250, 494, 3, NULL, NULL),
(5251, 495, 3, NULL, NULL),
(5252, 496, 3, NULL, NULL),
(5253, 497, 3, NULL, NULL),
(5254, 498, 3, NULL, NULL),
(5255, 499, 3, NULL, NULL),
(5256, 500, 3, NULL, NULL),
(5257, 501, 3, NULL, NULL),
(5258, 502, 3, NULL, NULL),
(5259, 503, 3, NULL, NULL),
(5260, 504, 3, NULL, NULL),
(5261, 505, 3, NULL, NULL),
(5262, 506, 3, NULL, NULL),
(5263, 507, 3, NULL, NULL),
(5264, 508, 3, NULL, NULL),
(5265, 509, 3, NULL, NULL),
(5266, 510, 3, NULL, NULL),
(5267, 511, 3, NULL, NULL),
(5268, 512, 3, NULL, NULL),
(5269, 513, 3, NULL, NULL),
(5270, 514, 3, NULL, NULL),
(5271, 515, 3, NULL, NULL),
(5272, 516, 3, NULL, NULL),
(5273, 517, 3, NULL, NULL),
(5274, 518, 3, NULL, NULL),
(5275, 519, 3, NULL, NULL),
(5276, 520, 3, NULL, NULL),
(5277, 521, 3, NULL, NULL),
(5278, 522, 3, NULL, NULL),
(5279, 523, 3, NULL, NULL),
(5280, 524, 3, NULL, NULL),
(5281, 525, 3, NULL, NULL),
(5282, 526, 3, NULL, NULL),
(5283, 527, 3, NULL, NULL),
(5284, 528, 3, NULL, NULL),
(5285, 529, 3, NULL, NULL),
(5286, 530, 3, NULL, NULL),
(5287, 531, 3, NULL, NULL),
(5288, 532, 3, NULL, NULL),
(5289, 533, 3, NULL, NULL),
(5290, 534, 3, NULL, NULL),
(5291, 535, 3, NULL, NULL),
(5292, 536, 3, NULL, NULL),
(5293, 537, 3, NULL, NULL),
(5294, 538, 3, NULL, NULL),
(5295, 539, 3, NULL, NULL),
(5296, 540, 3, NULL, NULL),
(5297, 541, 3, NULL, NULL),
(5298, 542, 3, NULL, NULL),
(5299, 543, 3, NULL, NULL),
(5300, 544, 3, NULL, NULL),
(5301, 545, 3, NULL, NULL),
(5302, 546, 3, NULL, NULL),
(5303, 547, 3, NULL, NULL),
(5304, 548, 3, NULL, NULL),
(5305, 549, 3, NULL, NULL),
(5306, 550, 3, NULL, NULL),
(5307, 551, 3, NULL, NULL),
(5308, 552, 3, NULL, NULL),
(5309, 553, 3, NULL, NULL),
(5310, 554, 3, NULL, NULL),
(5311, 555, 3, NULL, NULL),
(5312, 556, 3, NULL, NULL),
(5313, 557, 3, NULL, NULL),
(5314, 558, 3, NULL, NULL),
(5315, 559, 3, NULL, NULL),
(5316, 560, 3, NULL, NULL),
(5317, 561, 3, NULL, NULL),
(5318, 562, 3, NULL, NULL),
(5319, 563, 3, NULL, NULL),
(5320, 564, 3, NULL, NULL),
(5321, 565, 3, NULL, NULL),
(5322, 566, 3, NULL, NULL),
(5323, 567, 3, NULL, NULL),
(5324, 568, 3, NULL, NULL),
(5325, 569, 3, NULL, NULL),
(5326, 570, 3, NULL, NULL),
(5327, 571, 3, NULL, NULL),
(5328, 572, 3, NULL, NULL),
(5329, 573, 3, NULL, NULL),
(5330, 574, 3, NULL, NULL),
(5331, 575, 3, NULL, NULL),
(5332, 576, 3, NULL, NULL),
(5333, 577, 3, NULL, NULL),
(5334, 578, 3, NULL, NULL),
(5335, 579, 3, NULL, NULL),
(5336, 580, 3, NULL, NULL),
(5337, 581, 3, NULL, NULL),
(5338, 582, 3, NULL, NULL),
(5339, 583, 3, NULL, NULL),
(5340, 584, 3, NULL, NULL),
(5341, 585, 3, NULL, NULL),
(5342, 586, 3, NULL, NULL),
(5343, 587, 3, NULL, NULL),
(5344, 588, 3, NULL, NULL),
(5345, 589, 3, NULL, NULL),
(5346, 590, 3, NULL, NULL),
(5347, 591, 3, NULL, NULL),
(5348, 592, 3, NULL, NULL),
(5349, 593, 3, NULL, NULL),
(5350, 594, 3, NULL, NULL),
(5351, 595, 3, NULL, NULL),
(5352, 596, 3, NULL, NULL),
(5353, 597, 3, NULL, NULL),
(5354, 598, 3, NULL, NULL),
(5355, 599, 3, NULL, NULL),
(5356, 600, 3, NULL, NULL),
(5357, 601, 3, NULL, NULL),
(5358, 602, 3, NULL, NULL),
(5359, 603, 3, NULL, NULL),
(5360, 604, 3, NULL, NULL),
(5361, 605, 3, NULL, NULL),
(5362, 606, 3, NULL, NULL),
(5363, 607, 3, NULL, NULL),
(5364, 608, 3, NULL, NULL),
(5365, 609, 3, NULL, NULL),
(5366, 610, 3, NULL, NULL),
(5367, 611, 3, NULL, NULL),
(5368, 612, 3, NULL, NULL),
(5369, 613, 3, NULL, NULL),
(5370, 614, 3, NULL, NULL),
(5371, 615, 3, NULL, NULL),
(5372, 616, 3, NULL, NULL),
(5373, 617, 3, NULL, NULL),
(5374, 618, 3, NULL, NULL),
(5375, 619, 3, NULL, NULL),
(5376, 620, 3, NULL, NULL),
(5377, 621, 3, NULL, NULL),
(5378, 622, 3, NULL, NULL),
(5379, 623, 3, NULL, NULL),
(5380, 624, 3, NULL, NULL),
(5381, 625, 3, NULL, NULL),
(5382, 626, 3, NULL, NULL),
(5383, 627, 3, NULL, NULL),
(5384, 628, 3, NULL, NULL),
(5385, 629, 3, NULL, NULL),
(5386, 630, 3, NULL, NULL),
(5387, 631, 3, NULL, NULL),
(5388, 632, 3, NULL, NULL),
(5389, 633, 3, NULL, NULL),
(5390, 634, 3, NULL, NULL),
(5391, 635, 3, NULL, NULL),
(5392, 636, 3, NULL, NULL),
(5393, 637, 3, NULL, NULL),
(5394, 638, 3, NULL, NULL),
(5395, 639, 3, NULL, NULL),
(5396, 640, 3, NULL, NULL),
(5397, 641, 3, NULL, NULL),
(5398, 642, 3, NULL, NULL),
(5399, 643, 3, NULL, NULL),
(5400, 644, 3, NULL, NULL),
(5401, 645, 3, NULL, NULL),
(5402, 646, 3, NULL, NULL),
(5403, 647, 3, NULL, NULL),
(5404, 648, 3, NULL, NULL),
(5405, 649, 3, NULL, NULL),
(5406, 650, 3, NULL, NULL),
(5407, 651, 3, NULL, NULL),
(5408, 652, 3, NULL, NULL),
(5409, 653, 3, NULL, NULL),
(5410, 654, 3, NULL, NULL),
(5411, 655, 3, NULL, NULL),
(5412, 656, 3, NULL, NULL),
(5413, 657, 3, NULL, NULL),
(5414, 658, 3, NULL, NULL),
(5415, 659, 3, NULL, NULL),
(5416, 660, 3, NULL, NULL),
(5417, 661, 3, NULL, NULL),
(5418, 662, 3, NULL, NULL),
(5419, 663, 3, NULL, NULL),
(5420, 664, 3, NULL, NULL),
(5421, 665, 3, NULL, NULL),
(5422, 666, 3, NULL, NULL),
(5423, 667, 3, NULL, NULL),
(5424, 668, 3, NULL, NULL),
(5425, 669, 3, NULL, NULL),
(5426, 670, 3, NULL, NULL),
(5427, 671, 3, NULL, NULL),
(5428, 672, 3, NULL, NULL),
(5429, 673, 3, NULL, NULL),
(5430, 674, 3, NULL, NULL),
(5431, 675, 3, NULL, NULL),
(5432, 676, 3, NULL, NULL),
(5433, 677, 3, NULL, NULL),
(5434, 678, 3, NULL, NULL),
(5435, 679, 3, NULL, NULL),
(5436, 680, 3, NULL, NULL),
(5437, 681, 3, NULL, NULL),
(5438, 682, 3, NULL, NULL),
(5439, 683, 3, NULL, NULL),
(5440, 684, 3, NULL, NULL),
(5441, 685, 3, NULL, NULL),
(5442, 686, 3, NULL, NULL),
(5443, 687, 3, NULL, NULL),
(5444, 688, 3, NULL, NULL),
(5445, 689, 3, NULL, NULL),
(5446, 690, 3, NULL, NULL),
(5447, 691, 3, NULL, NULL),
(5448, 692, 3, NULL, NULL),
(5449, 693, 3, NULL, NULL),
(5450, 694, 3, NULL, NULL),
(5451, 695, 3, NULL, NULL),
(5452, 696, 3, NULL, NULL),
(5453, 697, 3, NULL, NULL),
(5454, 698, 3, NULL, NULL),
(5455, 699, 3, NULL, NULL),
(5456, 700, 3, NULL, NULL),
(5457, 701, 3, NULL, NULL),
(5458, 702, 3, NULL, NULL),
(5459, 703, 3, NULL, NULL),
(5460, 704, 3, NULL, NULL),
(5461, 705, 3, NULL, NULL),
(5462, 706, 3, NULL, NULL),
(5463, 707, 3, NULL, NULL),
(5464, 708, 3, NULL, NULL),
(5465, 709, 3, NULL, NULL),
(5466, 710, 3, NULL, NULL),
(5467, 711, 3, NULL, NULL),
(5468, 712, 3, NULL, NULL),
(5469, 713, 3, NULL, NULL),
(5470, 714, 3, NULL, NULL),
(5471, 715, 3, NULL, NULL),
(5472, 716, 3, NULL, NULL),
(5473, 717, 3, NULL, NULL),
(5474, 718, 3, NULL, NULL),
(5475, 719, 3, NULL, NULL),
(5476, 720, 3, NULL, NULL),
(5477, 721, 3, NULL, NULL),
(5478, 722, 3, NULL, NULL),
(5479, 723, 3, NULL, NULL),
(5480, 724, 3, NULL, NULL),
(5481, 725, 3, NULL, NULL),
(5482, 726, 3, NULL, NULL),
(5483, 727, 3, NULL, NULL),
(5484, 728, 3, NULL, NULL),
(5485, 729, 3, NULL, NULL),
(5486, 730, 3, NULL, NULL),
(5487, 731, 3, NULL, NULL),
(5488, 367, 4, NULL, NULL),
(5489, 368, 4, NULL, NULL),
(5490, 369, 4, NULL, NULL),
(5491, 370, 4, NULL, NULL),
(5492, 371, 4, NULL, NULL),
(5493, 372, 4, NULL, NULL),
(5494, 373, 4, NULL, NULL),
(5495, 374, 4, NULL, NULL),
(5496, 375, 4, NULL, NULL),
(5497, 376, 4, NULL, NULL),
(5498, 377, 4, NULL, NULL),
(5499, 378, 4, NULL, NULL),
(5500, 379, 4, NULL, NULL),
(5501, 380, 4, NULL, NULL),
(5502, 381, 4, NULL, NULL),
(5503, 382, 4, NULL, NULL),
(5504, 383, 4, NULL, NULL),
(5505, 384, 4, NULL, NULL),
(5506, 385, 4, NULL, NULL),
(5507, 386, 4, NULL, NULL),
(5508, 387, 4, NULL, NULL),
(5509, 388, 4, NULL, NULL),
(5510, 389, 4, NULL, NULL),
(5511, 390, 4, NULL, NULL),
(5512, 391, 4, NULL, NULL),
(5513, 392, 4, NULL, NULL),
(5514, 393, 4, NULL, NULL),
(5515, 394, 4, NULL, NULL),
(5516, 395, 4, NULL, NULL),
(5517, 396, 4, NULL, NULL),
(5518, 397, 4, NULL, NULL),
(5519, 398, 4, NULL, NULL),
(5520, 399, 4, NULL, NULL),
(5521, 400, 4, NULL, NULL),
(5522, 401, 4, NULL, NULL),
(5523, 402, 4, NULL, NULL),
(5524, 403, 4, NULL, NULL),
(5525, 404, 4, NULL, NULL),
(5526, 405, 4, NULL, NULL),
(5527, 406, 4, NULL, NULL),
(5528, 407, 4, NULL, NULL),
(5529, 408, 4, NULL, NULL),
(5530, 409, 4, NULL, NULL),
(5531, 410, 4, NULL, NULL),
(5532, 411, 4, NULL, NULL),
(5533, 412, 4, NULL, NULL),
(5534, 413, 4, NULL, NULL),
(5535, 414, 4, NULL, NULL),
(5536, 415, 4, NULL, NULL),
(5537, 416, 4, NULL, NULL),
(5538, 417, 4, NULL, NULL),
(5539, 418, 4, NULL, NULL),
(5540, 419, 4, NULL, NULL),
(5541, 420, 4, NULL, NULL),
(5542, 421, 4, NULL, NULL),
(5543, 422, 4, NULL, NULL),
(5544, 423, 4, NULL, NULL),
(5545, 424, 4, NULL, NULL),
(5546, 425, 4, NULL, NULL),
(5547, 426, 4, NULL, NULL),
(5548, 427, 4, NULL, NULL),
(5549, 428, 4, NULL, NULL),
(5550, 429, 4, NULL, NULL),
(5551, 430, 4, NULL, NULL),
(5552, 431, 4, NULL, NULL),
(5553, 432, 4, NULL, NULL),
(5554, 433, 4, NULL, NULL),
(5555, 434, 4, NULL, NULL),
(5556, 435, 4, NULL, NULL),
(5557, 436, 4, NULL, NULL),
(5558, 437, 4, NULL, NULL),
(5559, 438, 4, NULL, NULL),
(5560, 439, 4, NULL, NULL),
(5561, 440, 4, NULL, NULL),
(5562, 441, 4, NULL, NULL),
(5563, 442, 4, NULL, NULL),
(5564, 443, 4, NULL, NULL),
(5565, 444, 4, NULL, NULL),
(5566, 445, 4, NULL, NULL),
(5567, 446, 4, NULL, NULL),
(5568, 447, 4, NULL, NULL),
(5569, 448, 4, NULL, NULL),
(5570, 449, 4, NULL, NULL),
(5571, 450, 4, NULL, NULL),
(5572, 451, 4, NULL, NULL),
(5573, 452, 4, NULL, NULL),
(5574, 453, 4, NULL, NULL),
(5575, 454, 4, NULL, NULL),
(5576, 455, 4, NULL, NULL),
(5577, 456, 4, NULL, NULL),
(5578, 457, 4, NULL, NULL),
(5579, 458, 4, NULL, NULL),
(5580, 459, 4, NULL, NULL),
(5581, 460, 4, NULL, NULL),
(5582, 461, 4, NULL, NULL),
(5583, 462, 4, NULL, NULL),
(5584, 463, 4, NULL, NULL),
(5585, 464, 4, NULL, NULL),
(5586, 465, 4, NULL, NULL),
(5587, 466, 4, NULL, NULL),
(5588, 467, 4, NULL, NULL),
(5589, 468, 4, NULL, NULL),
(5590, 469, 4, NULL, NULL),
(5591, 470, 4, NULL, NULL),
(5592, 471, 4, NULL, NULL),
(5593, 472, 4, NULL, NULL),
(5594, 473, 4, NULL, NULL),
(5595, 474, 4, NULL, NULL),
(5596, 475, 4, NULL, NULL),
(5597, 476, 4, NULL, NULL),
(5598, 477, 4, NULL, NULL),
(5599, 478, 4, NULL, NULL),
(5600, 479, 4, NULL, NULL),
(5601, 480, 4, NULL, NULL),
(5602, 481, 4, NULL, NULL),
(5603, 482, 4, NULL, NULL),
(5604, 483, 4, NULL, NULL),
(5605, 484, 4, NULL, NULL),
(5606, 485, 4, NULL, NULL),
(5607, 486, 4, NULL, NULL),
(5608, 487, 4, NULL, NULL),
(5609, 488, 4, NULL, NULL),
(5610, 489, 4, NULL, NULL),
(5611, 490, 4, NULL, NULL),
(5612, 491, 4, NULL, NULL),
(5613, 492, 4, NULL, NULL),
(5614, 493, 4, NULL, NULL),
(5615, 494, 4, NULL, NULL),
(5616, 495, 4, NULL, NULL),
(5617, 496, 4, NULL, NULL),
(5618, 497, 4, NULL, NULL),
(5619, 498, 4, NULL, NULL),
(5620, 499, 4, NULL, NULL),
(5621, 500, 4, NULL, NULL),
(5622, 501, 4, NULL, NULL),
(5623, 502, 4, NULL, NULL),
(5624, 503, 4, NULL, NULL),
(5625, 504, 4, NULL, NULL),
(5626, 505, 4, NULL, NULL),
(5627, 506, 4, NULL, NULL),
(5628, 507, 4, NULL, NULL),
(5629, 508, 4, NULL, NULL),
(5630, 509, 4, NULL, NULL),
(5631, 510, 4, NULL, NULL),
(5632, 511, 4, NULL, NULL),
(5633, 512, 4, NULL, NULL),
(5634, 513, 4, NULL, NULL),
(5635, 514, 4, NULL, NULL),
(5636, 515, 4, NULL, NULL),
(5637, 516, 4, NULL, NULL),
(5638, 517, 4, NULL, NULL),
(5639, 518, 4, NULL, NULL),
(5640, 519, 4, NULL, NULL),
(5641, 520, 4, NULL, NULL),
(5642, 521, 4, NULL, NULL),
(5643, 522, 4, NULL, NULL),
(5644, 523, 4, NULL, NULL),
(5645, 524, 4, NULL, NULL),
(5646, 525, 4, NULL, NULL),
(5647, 526, 4, NULL, NULL),
(5648, 527, 4, NULL, NULL),
(5649, 528, 4, NULL, NULL),
(5650, 529, 4, NULL, NULL),
(5651, 530, 4, NULL, NULL),
(5652, 531, 4, NULL, NULL),
(5653, 532, 4, NULL, NULL),
(5654, 533, 4, NULL, NULL),
(5655, 534, 4, NULL, NULL),
(5656, 535, 4, NULL, NULL),
(5657, 536, 4, NULL, NULL),
(5658, 537, 4, NULL, NULL),
(5659, 538, 4, NULL, NULL),
(5660, 539, 4, NULL, NULL),
(5661, 540, 4, NULL, NULL),
(5662, 541, 4, NULL, NULL),
(5663, 542, 4, NULL, NULL),
(5664, 543, 4, NULL, NULL),
(5665, 544, 4, NULL, NULL),
(5666, 545, 4, NULL, NULL),
(5667, 546, 4, NULL, NULL),
(5668, 547, 4, NULL, NULL),
(5669, 548, 4, NULL, NULL),
(5670, 549, 4, NULL, NULL),
(5671, 550, 4, NULL, NULL),
(5672, 551, 4, NULL, NULL),
(5673, 552, 4, NULL, NULL),
(5674, 553, 4, NULL, NULL),
(5675, 554, 4, NULL, NULL),
(5676, 555, 4, NULL, NULL),
(5677, 556, 4, NULL, NULL),
(5678, 557, 4, NULL, NULL),
(5679, 558, 4, NULL, NULL),
(5680, 559, 4, NULL, NULL),
(5681, 560, 4, NULL, NULL),
(5682, 561, 4, NULL, NULL),
(5683, 562, 4, NULL, NULL),
(5684, 563, 4, NULL, NULL),
(5685, 564, 4, NULL, NULL),
(5686, 565, 4, NULL, NULL),
(5687, 566, 4, NULL, NULL),
(5688, 567, 4, NULL, NULL),
(5689, 568, 4, NULL, NULL),
(5690, 569, 4, NULL, NULL),
(5691, 570, 4, NULL, NULL),
(5692, 571, 4, NULL, NULL),
(5693, 572, 4, NULL, NULL),
(5694, 573, 4, NULL, NULL),
(5695, 574, 4, NULL, NULL),
(5696, 575, 4, NULL, NULL),
(5697, 576, 4, NULL, NULL),
(5698, 577, 4, NULL, NULL),
(5699, 578, 4, NULL, NULL),
(5700, 579, 4, NULL, NULL),
(5701, 580, 4, NULL, NULL),
(5702, 581, 4, NULL, NULL),
(5703, 582, 4, NULL, NULL),
(5704, 583, 4, NULL, NULL),
(5705, 584, 4, NULL, NULL),
(5706, 585, 4, NULL, NULL),
(5707, 586, 4, NULL, NULL),
(5708, 587, 4, NULL, NULL),
(5709, 588, 4, NULL, NULL),
(5710, 589, 4, NULL, NULL),
(5711, 590, 4, NULL, NULL),
(5712, 591, 4, NULL, NULL),
(5713, 592, 4, NULL, NULL),
(5714, 593, 4, NULL, NULL),
(5715, 594, 4, NULL, NULL),
(5716, 595, 4, NULL, NULL),
(5717, 596, 4, NULL, NULL),
(5718, 597, 4, NULL, NULL),
(5719, 598, 4, NULL, NULL),
(5720, 599, 4, NULL, NULL),
(5721, 600, 4, NULL, NULL),
(5722, 601, 4, NULL, NULL),
(5723, 602, 4, NULL, NULL),
(5724, 603, 4, NULL, NULL),
(5725, 604, 4, NULL, NULL),
(5726, 605, 4, NULL, NULL),
(5727, 606, 4, NULL, NULL),
(5728, 607, 4, NULL, NULL),
(5729, 608, 4, NULL, NULL),
(5730, 609, 4, NULL, NULL),
(5731, 610, 4, NULL, NULL),
(5732, 611, 4, NULL, NULL),
(5733, 612, 4, NULL, NULL),
(5734, 613, 4, NULL, NULL),
(5735, 614, 4, NULL, NULL),
(5736, 615, 4, NULL, NULL),
(5737, 616, 4, NULL, NULL),
(5738, 617, 4, NULL, NULL),
(5739, 618, 4, NULL, NULL),
(5740, 619, 4, NULL, NULL),
(5741, 620, 4, NULL, NULL),
(5742, 621, 4, NULL, NULL),
(5743, 622, 4, NULL, NULL),
(5744, 623, 4, NULL, NULL),
(5745, 624, 4, NULL, NULL),
(5746, 625, 4, NULL, NULL),
(5747, 626, 4, NULL, NULL),
(5748, 627, 4, NULL, NULL),
(5749, 628, 4, NULL, NULL),
(5750, 629, 4, NULL, NULL),
(5751, 630, 4, NULL, NULL),
(5752, 631, 4, NULL, NULL),
(5753, 632, 4, NULL, NULL),
(5754, 633, 4, NULL, NULL),
(5755, 634, 4, NULL, NULL),
(5756, 635, 4, NULL, NULL),
(5757, 636, 4, NULL, NULL),
(5758, 637, 4, NULL, NULL),
(5759, 638, 4, NULL, NULL),
(5760, 639, 4, NULL, NULL),
(5761, 640, 4, NULL, NULL),
(5762, 641, 4, NULL, NULL),
(5763, 642, 4, NULL, NULL),
(5764, 643, 4, NULL, NULL),
(5765, 644, 4, NULL, NULL),
(5766, 645, 4, NULL, NULL),
(5767, 646, 4, NULL, NULL),
(5768, 647, 4, NULL, NULL),
(5769, 648, 4, NULL, NULL),
(5770, 649, 4, NULL, NULL),
(5771, 650, 4, NULL, NULL),
(5772, 651, 4, NULL, NULL),
(5773, 652, 4, NULL, NULL),
(5774, 653, 4, NULL, NULL),
(5775, 654, 4, NULL, NULL),
(5776, 655, 4, NULL, NULL),
(5777, 656, 4, NULL, NULL),
(5778, 657, 4, NULL, NULL),
(5779, 658, 4, NULL, NULL),
(5780, 659, 4, NULL, NULL),
(5781, 660, 4, NULL, NULL),
(5782, 661, 4, NULL, NULL),
(5783, 662, 4, NULL, NULL),
(5784, 663, 4, NULL, NULL),
(5785, 664, 4, NULL, NULL),
(5786, 665, 4, NULL, NULL),
(5787, 666, 4, NULL, NULL),
(5788, 667, 4, NULL, NULL),
(5789, 668, 4, NULL, NULL),
(5790, 669, 4, NULL, NULL),
(5791, 670, 4, NULL, NULL),
(5792, 671, 4, NULL, NULL),
(5793, 672, 4, NULL, NULL),
(5794, 673, 4, NULL, NULL),
(5795, 674, 4, NULL, NULL),
(5796, 675, 4, NULL, NULL),
(5797, 676, 4, NULL, NULL),
(5798, 677, 4, NULL, NULL),
(5799, 678, 4, NULL, NULL),
(5800, 679, 4, NULL, NULL),
(5801, 680, 4, NULL, NULL),
(5802, 681, 4, NULL, NULL),
(5803, 682, 4, NULL, NULL);
INSERT INTO `mar_calendario_emp` (`id_calendario_emp`, `calendario_id`, `empleado_id`, `created_at`, `updated_at`) VALUES
(5804, 683, 4, NULL, NULL),
(5805, 684, 4, NULL, NULL),
(5806, 685, 4, NULL, NULL),
(5807, 686, 4, NULL, NULL),
(5808, 687, 4, NULL, NULL),
(5809, 688, 4, NULL, NULL),
(5810, 689, 4, NULL, NULL),
(5811, 690, 4, NULL, NULL),
(5812, 691, 4, NULL, NULL),
(5813, 692, 4, NULL, NULL),
(5814, 693, 4, NULL, NULL),
(5815, 694, 4, NULL, NULL),
(5816, 695, 4, NULL, NULL),
(5817, 696, 4, NULL, NULL),
(5818, 697, 4, NULL, NULL),
(5819, 698, 4, NULL, NULL),
(5820, 699, 4, NULL, NULL),
(5821, 700, 4, NULL, NULL),
(5822, 701, 4, NULL, NULL),
(5823, 702, 4, NULL, NULL),
(5824, 703, 4, NULL, NULL),
(5825, 704, 4, NULL, NULL),
(5826, 705, 4, NULL, NULL),
(5827, 706, 4, NULL, NULL),
(5828, 707, 4, NULL, NULL),
(5829, 708, 4, NULL, NULL),
(5830, 709, 4, NULL, NULL),
(5831, 710, 4, NULL, NULL),
(5832, 711, 4, NULL, NULL),
(5833, 712, 4, NULL, NULL),
(5834, 713, 4, NULL, NULL),
(5835, 714, 4, NULL, NULL),
(5836, 715, 4, NULL, NULL),
(5837, 716, 4, NULL, NULL),
(5838, 717, 4, NULL, NULL),
(5839, 718, 4, NULL, NULL),
(5840, 719, 4, NULL, NULL),
(5841, 720, 4, NULL, NULL),
(5842, 721, 4, NULL, NULL),
(5843, 722, 4, NULL, NULL),
(5844, 723, 4, NULL, NULL),
(5845, 724, 4, NULL, NULL),
(5846, 725, 4, NULL, NULL),
(5847, 726, 4, NULL, NULL),
(5848, 727, 4, NULL, NULL),
(5849, 728, 4, NULL, NULL),
(5850, 729, 4, NULL, NULL),
(5851, 730, 4, NULL, NULL),
(5852, 731, 4, NULL, NULL),
(5853, 367, 5, NULL, NULL),
(5854, 368, 5, NULL, NULL),
(5855, 369, 5, NULL, NULL),
(5856, 370, 5, NULL, NULL),
(5857, 371, 5, NULL, NULL),
(5858, 372, 5, NULL, NULL),
(5859, 373, 5, NULL, NULL),
(5860, 374, 5, NULL, NULL),
(5861, 375, 5, NULL, NULL),
(5862, 376, 5, NULL, NULL),
(5863, 377, 5, NULL, NULL),
(5864, 378, 5, NULL, NULL),
(5865, 379, 5, NULL, NULL),
(5866, 380, 5, NULL, NULL),
(5867, 381, 5, NULL, NULL),
(5868, 382, 5, NULL, NULL),
(5869, 383, 5, NULL, NULL),
(5870, 384, 5, NULL, NULL),
(5871, 385, 5, NULL, NULL),
(5872, 386, 5, NULL, NULL),
(5873, 387, 5, NULL, NULL),
(5874, 388, 5, NULL, NULL),
(5875, 389, 5, NULL, NULL),
(5876, 390, 5, NULL, NULL),
(5877, 391, 5, NULL, NULL),
(5878, 392, 5, NULL, NULL),
(5879, 393, 5, NULL, NULL),
(5880, 394, 5, NULL, NULL),
(5881, 395, 5, NULL, NULL),
(5882, 396, 5, NULL, NULL),
(5883, 397, 5, NULL, NULL),
(5884, 398, 5, NULL, NULL),
(5885, 399, 5, NULL, NULL),
(5886, 400, 5, NULL, NULL),
(5887, 401, 5, NULL, NULL),
(5888, 402, 5, NULL, NULL),
(5889, 403, 5, NULL, NULL),
(5890, 404, 5, NULL, NULL),
(5891, 405, 5, NULL, NULL),
(5892, 406, 5, NULL, NULL),
(5893, 407, 5, NULL, NULL),
(5894, 408, 5, NULL, NULL),
(5895, 409, 5, NULL, NULL),
(5896, 410, 5, NULL, NULL),
(5897, 411, 5, NULL, NULL),
(5898, 412, 5, NULL, NULL),
(5899, 413, 5, NULL, NULL),
(5900, 414, 5, NULL, NULL),
(5901, 415, 5, NULL, NULL),
(5902, 416, 5, NULL, NULL),
(5903, 417, 5, NULL, NULL),
(5904, 418, 5, NULL, NULL),
(5905, 419, 5, NULL, NULL),
(5906, 420, 5, NULL, NULL),
(5907, 421, 5, NULL, NULL),
(5908, 422, 5, NULL, NULL),
(5909, 423, 5, NULL, NULL),
(5910, 424, 5, NULL, NULL),
(5911, 425, 5, NULL, NULL),
(5912, 426, 5, NULL, NULL),
(5913, 427, 5, NULL, NULL),
(5914, 428, 5, NULL, NULL),
(5915, 429, 5, NULL, NULL),
(5916, 430, 5, NULL, NULL),
(5917, 431, 5, NULL, NULL),
(5918, 432, 5, NULL, NULL),
(5919, 433, 5, NULL, NULL),
(5920, 434, 5, NULL, NULL),
(5921, 435, 5, NULL, NULL),
(5922, 436, 5, NULL, NULL),
(5923, 437, 5, NULL, NULL),
(5924, 438, 5, NULL, NULL),
(5925, 439, 5, NULL, NULL),
(5926, 440, 5, NULL, NULL),
(5927, 441, 5, NULL, NULL),
(5928, 442, 5, NULL, NULL),
(5929, 443, 5, NULL, NULL),
(5930, 444, 5, NULL, NULL),
(5931, 445, 5, NULL, NULL),
(5932, 446, 5, NULL, NULL),
(5933, 447, 5, NULL, NULL),
(5934, 448, 5, NULL, NULL),
(5935, 449, 5, NULL, NULL),
(5936, 450, 5, NULL, NULL),
(5937, 451, 5, NULL, NULL),
(5938, 452, 5, NULL, NULL),
(5939, 453, 5, NULL, NULL),
(5940, 454, 5, NULL, NULL),
(5941, 455, 5, NULL, NULL),
(5942, 456, 5, NULL, NULL),
(5943, 457, 5, NULL, NULL),
(5944, 458, 5, NULL, NULL),
(5945, 459, 5, NULL, NULL),
(5946, 460, 5, NULL, NULL),
(5947, 461, 5, NULL, NULL),
(5948, 462, 5, NULL, NULL),
(5949, 463, 5, NULL, NULL),
(5950, 464, 5, NULL, NULL),
(5951, 465, 5, NULL, NULL),
(5952, 466, 5, NULL, NULL),
(5953, 467, 5, NULL, NULL),
(5954, 468, 5, NULL, NULL),
(5955, 469, 5, NULL, NULL),
(5956, 470, 5, NULL, NULL),
(5957, 471, 5, NULL, NULL),
(5958, 472, 5, NULL, NULL),
(5959, 473, 5, NULL, NULL),
(5960, 474, 5, NULL, NULL),
(5961, 475, 5, NULL, NULL),
(5962, 476, 5, NULL, NULL),
(5963, 477, 5, NULL, NULL),
(5964, 478, 5, NULL, NULL),
(5965, 479, 5, NULL, NULL),
(5966, 480, 5, NULL, NULL),
(5967, 481, 5, NULL, NULL),
(5968, 482, 5, NULL, NULL),
(5969, 483, 5, NULL, NULL),
(5970, 484, 5, NULL, NULL),
(5971, 485, 5, NULL, NULL),
(5972, 486, 5, NULL, NULL),
(5973, 487, 5, NULL, NULL),
(5974, 488, 5, NULL, NULL),
(5975, 489, 5, NULL, NULL),
(5976, 490, 5, NULL, NULL),
(5977, 491, 5, NULL, NULL),
(5978, 492, 5, NULL, NULL),
(5979, 493, 5, NULL, NULL),
(5980, 494, 5, NULL, NULL),
(5981, 495, 5, NULL, NULL),
(5982, 496, 5, NULL, NULL),
(5983, 497, 5, NULL, NULL),
(5984, 498, 5, NULL, NULL),
(5985, 499, 5, NULL, NULL),
(5986, 500, 5, NULL, NULL),
(5987, 501, 5, NULL, NULL),
(5988, 502, 5, NULL, NULL),
(5989, 503, 5, NULL, NULL),
(5990, 504, 5, NULL, NULL),
(5991, 505, 5, NULL, NULL),
(5992, 506, 5, NULL, NULL),
(5993, 507, 5, NULL, NULL),
(5994, 508, 5, NULL, NULL),
(5995, 509, 5, NULL, NULL),
(5996, 510, 5, NULL, NULL),
(5997, 511, 5, NULL, NULL),
(5998, 512, 5, NULL, NULL),
(5999, 513, 5, NULL, NULL),
(6000, 514, 5, NULL, NULL),
(6001, 515, 5, NULL, NULL),
(6002, 516, 5, NULL, NULL),
(6003, 517, 5, NULL, NULL),
(6004, 518, 5, NULL, NULL),
(6005, 519, 5, NULL, NULL),
(6006, 520, 5, NULL, NULL),
(6007, 521, 5, NULL, NULL),
(6008, 522, 5, NULL, NULL),
(6009, 523, 5, NULL, NULL),
(6010, 524, 5, NULL, NULL),
(6011, 525, 5, NULL, NULL),
(6012, 526, 5, NULL, NULL),
(6013, 527, 5, NULL, NULL),
(6014, 528, 5, NULL, NULL),
(6015, 529, 5, NULL, NULL),
(6016, 530, 5, NULL, NULL),
(6017, 531, 5, NULL, NULL),
(6018, 532, 5, NULL, NULL),
(6019, 533, 5, NULL, NULL),
(6020, 534, 5, NULL, NULL),
(6021, 535, 5, NULL, NULL),
(6022, 536, 5, NULL, NULL),
(6023, 537, 5, NULL, NULL),
(6024, 538, 5, NULL, NULL),
(6025, 539, 5, NULL, NULL),
(6026, 540, 5, NULL, NULL),
(6027, 541, 5, NULL, NULL),
(6028, 542, 5, NULL, NULL),
(6029, 543, 5, NULL, NULL),
(6030, 544, 5, NULL, NULL),
(6031, 545, 5, NULL, NULL),
(6032, 546, 5, NULL, NULL),
(6033, 547, 5, NULL, NULL),
(6034, 548, 5, NULL, NULL),
(6035, 549, 5, NULL, NULL),
(6036, 550, 5, NULL, NULL),
(6037, 551, 5, NULL, NULL),
(6038, 552, 5, NULL, NULL),
(6039, 553, 5, NULL, NULL),
(6040, 554, 5, NULL, NULL),
(6041, 555, 5, NULL, NULL),
(6042, 556, 5, NULL, NULL),
(6043, 557, 5, NULL, NULL),
(6044, 558, 5, NULL, NULL),
(6045, 559, 5, NULL, NULL),
(6046, 560, 5, NULL, NULL),
(6047, 561, 5, NULL, NULL),
(6048, 562, 5, NULL, NULL),
(6049, 563, 5, NULL, NULL),
(6050, 564, 5, NULL, NULL),
(6051, 565, 5, NULL, NULL),
(6052, 566, 5, NULL, NULL),
(6053, 567, 5, NULL, NULL),
(6054, 568, 5, NULL, NULL),
(6055, 569, 5, NULL, NULL),
(6056, 570, 5, NULL, NULL),
(6057, 571, 5, NULL, NULL),
(6058, 572, 5, NULL, NULL),
(6059, 573, 5, NULL, NULL),
(6060, 574, 5, NULL, NULL),
(6061, 575, 5, NULL, NULL),
(6062, 576, 5, NULL, NULL),
(6063, 577, 5, NULL, NULL),
(6064, 578, 5, NULL, NULL),
(6065, 579, 5, NULL, NULL),
(6066, 580, 5, NULL, NULL),
(6067, 581, 5, NULL, NULL),
(6068, 582, 5, NULL, NULL),
(6069, 583, 5, NULL, NULL),
(6070, 584, 5, NULL, NULL),
(6071, 585, 5, NULL, NULL),
(6072, 586, 5, NULL, NULL),
(6073, 587, 5, NULL, NULL),
(6074, 588, 5, NULL, NULL),
(6075, 589, 5, NULL, NULL),
(6076, 590, 5, NULL, NULL),
(6077, 591, 5, NULL, NULL),
(6078, 592, 5, NULL, NULL),
(6079, 593, 5, NULL, NULL),
(6080, 594, 5, NULL, NULL),
(6081, 595, 5, NULL, NULL),
(6082, 596, 5, NULL, NULL),
(6083, 597, 5, NULL, NULL),
(6084, 598, 5, NULL, NULL),
(6085, 599, 5, NULL, NULL),
(6086, 600, 5, NULL, NULL),
(6087, 601, 5, NULL, NULL),
(6088, 602, 5, NULL, NULL),
(6089, 603, 5, NULL, NULL),
(6090, 604, 5, NULL, NULL),
(6091, 605, 5, NULL, NULL),
(6092, 606, 5, NULL, NULL),
(6093, 607, 5, NULL, NULL),
(6094, 608, 5, NULL, NULL),
(6095, 609, 5, NULL, NULL),
(6096, 610, 5, NULL, NULL),
(6097, 611, 5, NULL, NULL),
(6098, 612, 5, NULL, NULL),
(6099, 613, 5, NULL, NULL),
(6100, 614, 5, NULL, NULL),
(6101, 615, 5, NULL, NULL),
(6102, 616, 5, NULL, NULL),
(6103, 617, 5, NULL, NULL),
(6104, 618, 5, NULL, NULL),
(6105, 619, 5, NULL, NULL),
(6106, 620, 5, NULL, NULL),
(6107, 621, 5, NULL, NULL),
(6108, 622, 5, NULL, NULL),
(6109, 623, 5, NULL, NULL),
(6110, 624, 5, NULL, NULL),
(6111, 625, 5, NULL, NULL),
(6112, 626, 5, NULL, NULL),
(6113, 627, 5, NULL, NULL),
(6114, 628, 5, NULL, NULL),
(6115, 629, 5, NULL, NULL),
(6116, 630, 5, NULL, NULL),
(6117, 631, 5, NULL, NULL),
(6118, 632, 5, NULL, NULL),
(6119, 633, 5, NULL, NULL),
(6120, 634, 5, NULL, NULL),
(6121, 635, 5, NULL, NULL),
(6122, 636, 5, NULL, NULL),
(6123, 637, 5, NULL, NULL),
(6124, 638, 5, NULL, NULL),
(6125, 639, 5, NULL, NULL),
(6126, 640, 5, NULL, NULL),
(6127, 641, 5, NULL, NULL),
(6128, 642, 5, NULL, NULL),
(6129, 643, 5, NULL, NULL),
(6130, 644, 5, NULL, NULL),
(6131, 645, 5, NULL, NULL),
(6132, 646, 5, NULL, NULL),
(6133, 647, 5, NULL, NULL),
(6134, 648, 5, NULL, NULL),
(6135, 649, 5, NULL, NULL),
(6136, 650, 5, NULL, NULL),
(6137, 651, 5, NULL, NULL),
(6138, 652, 5, NULL, NULL),
(6139, 653, 5, NULL, NULL),
(6140, 654, 5, NULL, NULL),
(6141, 655, 5, NULL, NULL),
(6142, 656, 5, NULL, NULL),
(6143, 657, 5, NULL, NULL),
(6144, 658, 5, NULL, NULL),
(6145, 659, 5, NULL, NULL),
(6146, 660, 5, NULL, NULL),
(6147, 661, 5, NULL, NULL),
(6148, 662, 5, NULL, NULL),
(6149, 663, 5, NULL, NULL),
(6150, 664, 5, NULL, NULL),
(6151, 665, 5, NULL, NULL),
(6152, 666, 5, NULL, NULL),
(6153, 667, 5, NULL, NULL),
(6154, 668, 5, NULL, NULL),
(6155, 669, 5, NULL, NULL),
(6156, 670, 5, NULL, NULL),
(6157, 671, 5, NULL, NULL),
(6158, 672, 5, NULL, NULL),
(6159, 673, 5, NULL, NULL),
(6160, 674, 5, NULL, NULL),
(6161, 675, 5, NULL, NULL),
(6162, 676, 5, NULL, NULL),
(6163, 677, 5, NULL, NULL),
(6164, 678, 5, NULL, NULL),
(6165, 679, 5, NULL, NULL),
(6166, 680, 5, NULL, NULL),
(6167, 681, 5, NULL, NULL),
(6168, 682, 5, NULL, NULL),
(6169, 683, 5, NULL, NULL),
(6170, 684, 5, NULL, NULL),
(6171, 685, 5, NULL, NULL),
(6172, 686, 5, NULL, NULL),
(6173, 687, 5, NULL, NULL),
(6174, 688, 5, NULL, NULL),
(6175, 689, 5, NULL, NULL),
(6176, 690, 5, NULL, NULL),
(6177, 691, 5, NULL, NULL),
(6178, 692, 5, NULL, NULL),
(6179, 693, 5, NULL, NULL),
(6180, 694, 5, NULL, NULL),
(6181, 695, 5, NULL, NULL),
(6182, 696, 5, NULL, NULL),
(6183, 697, 5, NULL, NULL),
(6184, 698, 5, NULL, NULL),
(6185, 699, 5, NULL, NULL),
(6186, 700, 5, NULL, NULL),
(6187, 701, 5, NULL, NULL),
(6188, 702, 5, NULL, NULL),
(6189, 703, 5, NULL, NULL),
(6190, 704, 5, NULL, NULL),
(6191, 705, 5, NULL, NULL),
(6192, 706, 5, NULL, NULL),
(6193, 707, 5, NULL, NULL),
(6194, 708, 5, NULL, NULL),
(6195, 709, 5, NULL, NULL),
(6196, 710, 5, NULL, NULL),
(6197, 711, 5, NULL, NULL),
(6198, 712, 5, NULL, NULL),
(6199, 713, 5, NULL, NULL),
(6200, 714, 5, NULL, NULL),
(6201, 715, 5, NULL, NULL),
(6202, 716, 5, NULL, NULL),
(6203, 717, 5, NULL, NULL),
(6204, 718, 5, NULL, NULL),
(6205, 719, 5, NULL, NULL),
(6206, 720, 5, NULL, NULL),
(6207, 721, 5, NULL, NULL),
(6208, 722, 5, NULL, NULL),
(6209, 723, 5, NULL, NULL),
(6210, 724, 5, NULL, NULL),
(6211, 725, 5, NULL, NULL),
(6212, 726, 5, NULL, NULL),
(6213, 727, 5, NULL, NULL),
(6214, 728, 5, NULL, NULL),
(6215, 729, 5, NULL, NULL),
(6216, 730, 5, NULL, NULL),
(6217, 731, 5, NULL, NULL),
(6218, 367, 6, NULL, NULL),
(6219, 368, 6, NULL, NULL),
(6220, 369, 6, NULL, NULL),
(6221, 370, 6, NULL, NULL),
(6222, 371, 6, NULL, NULL),
(6223, 372, 6, NULL, NULL),
(6224, 373, 6, NULL, NULL),
(6225, 374, 6, NULL, NULL),
(6226, 375, 6, NULL, NULL),
(6227, 376, 6, NULL, NULL),
(6228, 377, 6, NULL, NULL),
(6229, 378, 6, NULL, NULL),
(6230, 379, 6, NULL, NULL),
(6231, 380, 6, NULL, NULL),
(6232, 381, 6, NULL, NULL),
(6233, 382, 6, NULL, NULL),
(6234, 383, 6, NULL, NULL),
(6235, 384, 6, NULL, NULL),
(6236, 385, 6, NULL, NULL),
(6237, 386, 6, NULL, NULL),
(6238, 387, 6, NULL, NULL),
(6239, 388, 6, NULL, NULL),
(6240, 389, 6, NULL, NULL),
(6241, 390, 6, NULL, NULL),
(6242, 391, 6, NULL, NULL),
(6243, 392, 6, NULL, NULL),
(6244, 393, 6, NULL, NULL),
(6245, 394, 6, NULL, NULL),
(6246, 395, 6, NULL, NULL),
(6247, 396, 6, NULL, NULL),
(6248, 397, 6, NULL, NULL),
(6249, 398, 6, NULL, NULL),
(6250, 399, 6, NULL, NULL),
(6251, 400, 6, NULL, NULL),
(6252, 401, 6, NULL, NULL),
(6253, 402, 6, NULL, NULL),
(6254, 403, 6, NULL, NULL),
(6255, 404, 6, NULL, NULL),
(6256, 405, 6, NULL, NULL),
(6257, 406, 6, NULL, NULL),
(6258, 407, 6, NULL, NULL),
(6259, 408, 6, NULL, NULL),
(6260, 409, 6, NULL, NULL),
(6261, 410, 6, NULL, NULL),
(6262, 411, 6, NULL, NULL),
(6263, 412, 6, NULL, NULL),
(6264, 413, 6, NULL, NULL),
(6265, 414, 6, NULL, NULL),
(6266, 415, 6, NULL, NULL),
(6267, 416, 6, NULL, NULL),
(6268, 417, 6, NULL, NULL),
(6269, 418, 6, NULL, NULL),
(6270, 419, 6, NULL, NULL),
(6271, 420, 6, NULL, NULL),
(6272, 421, 6, NULL, NULL),
(6273, 422, 6, NULL, NULL),
(6274, 423, 6, NULL, NULL),
(6275, 424, 6, NULL, NULL),
(6276, 425, 6, NULL, NULL),
(6277, 426, 6, NULL, NULL),
(6278, 427, 6, NULL, NULL),
(6279, 428, 6, NULL, NULL),
(6280, 429, 6, NULL, NULL),
(6281, 430, 6, NULL, NULL),
(6282, 431, 6, NULL, NULL),
(6283, 432, 6, NULL, NULL),
(6284, 433, 6, NULL, NULL),
(6285, 434, 6, NULL, NULL),
(6286, 435, 6, NULL, NULL),
(6287, 436, 6, NULL, NULL),
(6288, 437, 6, NULL, NULL),
(6289, 438, 6, NULL, NULL),
(6290, 439, 6, NULL, NULL),
(6291, 440, 6, NULL, NULL),
(6292, 441, 6, NULL, NULL),
(6293, 442, 6, NULL, NULL),
(6294, 443, 6, NULL, NULL),
(6295, 444, 6, NULL, NULL),
(6296, 445, 6, NULL, NULL),
(6297, 446, 6, NULL, NULL),
(6298, 447, 6, NULL, NULL),
(6299, 448, 6, NULL, NULL),
(6300, 449, 6, NULL, NULL),
(6301, 450, 6, NULL, NULL),
(6302, 451, 6, NULL, NULL),
(6303, 452, 6, NULL, NULL),
(6304, 453, 6, NULL, NULL),
(6305, 454, 6, NULL, NULL),
(6306, 455, 6, NULL, NULL),
(6307, 456, 6, NULL, NULL),
(6308, 457, 6, NULL, NULL),
(6309, 458, 6, NULL, NULL),
(6310, 459, 6, NULL, NULL),
(6311, 460, 6, NULL, NULL),
(6312, 461, 6, NULL, NULL),
(6313, 462, 6, NULL, NULL),
(6314, 463, 6, NULL, NULL),
(6315, 464, 6, NULL, NULL),
(6316, 465, 6, NULL, NULL),
(6317, 466, 6, NULL, NULL),
(6318, 467, 6, NULL, NULL),
(6319, 468, 6, NULL, NULL),
(6320, 469, 6, NULL, NULL),
(6321, 470, 6, NULL, NULL),
(6322, 471, 6, NULL, NULL),
(6323, 472, 6, NULL, NULL),
(6324, 473, 6, NULL, NULL),
(6325, 474, 6, NULL, NULL),
(6326, 475, 6, NULL, NULL),
(6327, 476, 6, NULL, NULL),
(6328, 477, 6, NULL, NULL),
(6329, 478, 6, NULL, NULL),
(6330, 479, 6, NULL, NULL),
(6331, 480, 6, NULL, NULL),
(6332, 481, 6, NULL, NULL),
(6333, 482, 6, NULL, NULL),
(6334, 483, 6, NULL, NULL),
(6335, 484, 6, NULL, NULL),
(6336, 485, 6, NULL, NULL),
(6337, 486, 6, NULL, NULL),
(6338, 487, 6, NULL, NULL),
(6339, 488, 6, NULL, NULL),
(6340, 489, 6, NULL, NULL),
(6341, 490, 6, NULL, NULL),
(6342, 491, 6, NULL, NULL),
(6343, 492, 6, NULL, NULL),
(6344, 493, 6, NULL, NULL),
(6345, 494, 6, NULL, NULL),
(6346, 495, 6, NULL, NULL),
(6347, 496, 6, NULL, NULL),
(6348, 497, 6, NULL, NULL),
(6349, 498, 6, NULL, NULL),
(6350, 499, 6, NULL, NULL),
(6351, 500, 6, NULL, NULL),
(6352, 501, 6, NULL, NULL),
(6353, 502, 6, NULL, NULL),
(6354, 503, 6, NULL, NULL),
(6355, 504, 6, NULL, NULL),
(6356, 505, 6, NULL, NULL),
(6357, 506, 6, NULL, NULL),
(6358, 507, 6, NULL, NULL),
(6359, 508, 6, NULL, NULL),
(6360, 509, 6, NULL, NULL),
(6361, 510, 6, NULL, NULL),
(6362, 511, 6, NULL, NULL),
(6363, 512, 6, NULL, NULL),
(6364, 513, 6, NULL, NULL),
(6365, 514, 6, NULL, NULL),
(6366, 515, 6, NULL, NULL),
(6367, 516, 6, NULL, NULL),
(6368, 517, 6, NULL, NULL),
(6369, 518, 6, NULL, NULL),
(6370, 519, 6, NULL, NULL),
(6371, 520, 6, NULL, NULL),
(6372, 521, 6, NULL, NULL),
(6373, 522, 6, NULL, NULL),
(6374, 523, 6, NULL, NULL),
(6375, 524, 6, NULL, NULL),
(6376, 525, 6, NULL, NULL),
(6377, 526, 6, NULL, NULL),
(6378, 527, 6, NULL, NULL),
(6379, 528, 6, NULL, NULL),
(6380, 529, 6, NULL, NULL),
(6381, 530, 6, NULL, NULL),
(6382, 531, 6, NULL, NULL),
(6383, 532, 6, NULL, NULL),
(6384, 533, 6, NULL, NULL),
(6385, 534, 6, NULL, NULL),
(6386, 535, 6, NULL, NULL),
(6387, 536, 6, NULL, NULL),
(6388, 537, 6, NULL, NULL),
(6389, 538, 6, NULL, NULL),
(6390, 539, 6, NULL, NULL),
(6391, 540, 6, NULL, NULL),
(6392, 541, 6, NULL, NULL),
(6393, 542, 6, NULL, NULL),
(6394, 543, 6, NULL, NULL),
(6395, 544, 6, NULL, NULL),
(6396, 545, 6, NULL, NULL),
(6397, 546, 6, NULL, NULL),
(6398, 547, 6, NULL, NULL),
(6399, 548, 6, NULL, NULL),
(6400, 549, 6, NULL, NULL),
(6401, 550, 6, NULL, NULL),
(6402, 551, 6, NULL, NULL),
(6403, 552, 6, NULL, NULL),
(6404, 553, 6, NULL, NULL),
(6405, 554, 6, NULL, NULL),
(6406, 555, 6, NULL, NULL),
(6407, 556, 6, NULL, NULL),
(6408, 557, 6, NULL, NULL),
(6409, 558, 6, NULL, NULL),
(6410, 559, 6, NULL, NULL),
(6411, 560, 6, NULL, NULL),
(6412, 561, 6, NULL, NULL),
(6413, 562, 6, NULL, NULL),
(6414, 563, 6, NULL, NULL),
(6415, 564, 6, NULL, NULL),
(6416, 565, 6, NULL, NULL),
(6417, 566, 6, NULL, NULL),
(6418, 567, 6, NULL, NULL),
(6419, 568, 6, NULL, NULL),
(6420, 569, 6, NULL, NULL),
(6421, 570, 6, NULL, NULL),
(6422, 571, 6, NULL, NULL),
(6423, 572, 6, NULL, NULL),
(6424, 573, 6, NULL, NULL),
(6425, 574, 6, NULL, NULL),
(6426, 575, 6, NULL, NULL),
(6427, 576, 6, NULL, NULL),
(6428, 577, 6, NULL, NULL),
(6429, 578, 6, NULL, NULL),
(6430, 579, 6, NULL, NULL),
(6431, 580, 6, NULL, NULL),
(6432, 581, 6, NULL, NULL),
(6433, 582, 6, NULL, NULL),
(6434, 583, 6, NULL, NULL),
(6435, 584, 6, NULL, NULL),
(6436, 585, 6, NULL, NULL),
(6437, 586, 6, NULL, NULL),
(6438, 587, 6, NULL, NULL),
(6439, 588, 6, NULL, NULL),
(6440, 589, 6, NULL, NULL),
(6441, 590, 6, NULL, NULL),
(6442, 591, 6, NULL, NULL),
(6443, 592, 6, NULL, NULL),
(6444, 593, 6, NULL, NULL),
(6445, 594, 6, NULL, NULL),
(6446, 595, 6, NULL, NULL),
(6447, 596, 6, NULL, NULL),
(6448, 597, 6, NULL, NULL),
(6449, 598, 6, NULL, NULL),
(6450, 599, 6, NULL, NULL),
(6451, 600, 6, NULL, NULL),
(6452, 601, 6, NULL, NULL),
(6453, 602, 6, NULL, NULL),
(6454, 603, 6, NULL, NULL),
(6455, 604, 6, NULL, NULL),
(6456, 605, 6, NULL, NULL),
(6457, 606, 6, NULL, NULL),
(6458, 607, 6, NULL, NULL),
(6459, 608, 6, NULL, NULL),
(6460, 609, 6, NULL, NULL),
(6461, 610, 6, NULL, NULL),
(6462, 611, 6, NULL, NULL),
(6463, 612, 6, NULL, NULL),
(6464, 613, 6, NULL, NULL),
(6465, 614, 6, NULL, NULL),
(6466, 615, 6, NULL, NULL),
(6467, 616, 6, NULL, NULL),
(6468, 617, 6, NULL, NULL),
(6469, 618, 6, NULL, NULL),
(6470, 619, 6, NULL, NULL),
(6471, 620, 6, NULL, NULL),
(6472, 621, 6, NULL, NULL),
(6473, 622, 6, NULL, NULL),
(6474, 623, 6, NULL, NULL),
(6475, 624, 6, NULL, NULL),
(6476, 625, 6, NULL, NULL),
(6477, 626, 6, NULL, NULL),
(6478, 627, 6, NULL, NULL),
(6479, 628, 6, NULL, NULL),
(6480, 629, 6, NULL, NULL),
(6481, 630, 6, NULL, NULL),
(6482, 631, 6, NULL, NULL),
(6483, 632, 6, NULL, NULL),
(6484, 633, 6, NULL, NULL),
(6485, 634, 6, NULL, NULL),
(6486, 635, 6, NULL, NULL),
(6487, 636, 6, NULL, NULL),
(6488, 637, 6, NULL, NULL),
(6489, 638, 6, NULL, NULL),
(6490, 639, 6, NULL, NULL),
(6491, 640, 6, NULL, NULL),
(6492, 641, 6, NULL, NULL),
(6493, 642, 6, NULL, NULL),
(6494, 643, 6, NULL, NULL),
(6495, 644, 6, NULL, NULL),
(6496, 645, 6, NULL, NULL),
(6497, 646, 6, NULL, NULL),
(6498, 647, 6, NULL, NULL),
(6499, 648, 6, NULL, NULL),
(6500, 649, 6, NULL, NULL),
(6501, 650, 6, NULL, NULL),
(6502, 651, 6, NULL, NULL),
(6503, 652, 6, NULL, NULL),
(6504, 653, 6, NULL, NULL),
(6505, 654, 6, NULL, NULL),
(6506, 655, 6, NULL, NULL),
(6507, 656, 6, NULL, NULL),
(6508, 657, 6, NULL, NULL),
(6509, 658, 6, NULL, NULL),
(6510, 659, 6, NULL, NULL),
(6511, 660, 6, NULL, NULL),
(6512, 661, 6, NULL, NULL),
(6513, 662, 6, NULL, NULL),
(6514, 663, 6, NULL, NULL),
(6515, 664, 6, NULL, NULL),
(6516, 665, 6, NULL, NULL),
(6517, 666, 6, NULL, NULL),
(6518, 667, 6, NULL, NULL),
(6519, 668, 6, NULL, NULL),
(6520, 669, 6, NULL, NULL),
(6521, 670, 6, NULL, NULL),
(6522, 671, 6, NULL, NULL),
(6523, 672, 6, NULL, NULL),
(6524, 673, 6, NULL, NULL),
(6525, 674, 6, NULL, NULL),
(6526, 675, 6, NULL, NULL),
(6527, 676, 6, NULL, NULL),
(6528, 677, 6, NULL, NULL),
(6529, 678, 6, NULL, NULL),
(6530, 679, 6, NULL, NULL),
(6531, 680, 6, NULL, NULL),
(6532, 681, 6, NULL, NULL),
(6533, 682, 6, NULL, NULL),
(6534, 683, 6, NULL, NULL),
(6535, 684, 6, NULL, NULL),
(6536, 685, 6, NULL, NULL),
(6537, 686, 6, NULL, NULL),
(6538, 687, 6, NULL, NULL),
(6539, 688, 6, NULL, NULL),
(6540, 689, 6, NULL, NULL),
(6541, 690, 6, NULL, NULL),
(6542, 691, 6, NULL, NULL),
(6543, 692, 6, NULL, NULL),
(6544, 693, 6, NULL, NULL),
(6545, 694, 6, NULL, NULL),
(6546, 695, 6, NULL, NULL),
(6547, 696, 6, NULL, NULL),
(6548, 697, 6, NULL, NULL),
(6549, 698, 6, NULL, NULL),
(6550, 699, 6, NULL, NULL),
(6551, 700, 6, NULL, NULL),
(6552, 701, 6, NULL, NULL),
(6553, 702, 6, NULL, NULL),
(6554, 703, 6, NULL, NULL),
(6555, 704, 6, NULL, NULL),
(6556, 705, 6, NULL, NULL),
(6557, 706, 6, NULL, NULL),
(6558, 707, 6, NULL, NULL),
(6559, 708, 6, NULL, NULL),
(6560, 709, 6, NULL, NULL),
(6561, 710, 6, NULL, NULL),
(6562, 711, 6, NULL, NULL),
(6563, 712, 6, NULL, NULL),
(6564, 713, 6, NULL, NULL),
(6565, 714, 6, NULL, NULL),
(6566, 715, 6, NULL, NULL),
(6567, 716, 6, NULL, NULL),
(6568, 717, 6, NULL, NULL),
(6569, 718, 6, NULL, NULL),
(6570, 719, 6, NULL, NULL),
(6571, 720, 6, NULL, NULL),
(6572, 721, 6, NULL, NULL),
(6573, 722, 6, NULL, NULL),
(6574, 723, 6, NULL, NULL),
(6575, 724, 6, NULL, NULL),
(6576, 725, 6, NULL, NULL),
(6577, 726, 6, NULL, NULL),
(6578, 727, 6, NULL, NULL),
(6579, 728, 6, NULL, NULL),
(6580, 729, 6, NULL, NULL),
(6581, 730, 6, NULL, NULL),
(6582, 731, 6, NULL, NULL),
(6583, 367, 7, NULL, NULL),
(6584, 368, 7, NULL, NULL),
(6585, 369, 7, NULL, NULL),
(6586, 370, 7, NULL, NULL),
(6587, 371, 7, NULL, NULL),
(6588, 372, 7, NULL, NULL),
(6589, 373, 7, NULL, NULL),
(6590, 374, 7, NULL, NULL),
(6591, 375, 7, NULL, NULL),
(6592, 376, 7, NULL, NULL),
(6593, 377, 7, NULL, NULL),
(6594, 378, 7, NULL, NULL),
(6595, 379, 7, NULL, NULL),
(6596, 380, 7, NULL, NULL),
(6597, 381, 7, NULL, NULL),
(6598, 382, 7, NULL, NULL),
(6599, 383, 7, NULL, NULL),
(6600, 384, 7, NULL, NULL),
(6601, 385, 7, NULL, NULL),
(6602, 386, 7, NULL, NULL),
(6603, 387, 7, NULL, NULL),
(6604, 388, 7, NULL, NULL),
(6605, 389, 7, NULL, NULL),
(6606, 390, 7, NULL, NULL),
(6607, 391, 7, NULL, NULL),
(6608, 392, 7, NULL, NULL),
(6609, 393, 7, NULL, NULL),
(6610, 394, 7, NULL, NULL),
(6611, 395, 7, NULL, NULL),
(6612, 396, 7, NULL, NULL),
(6613, 397, 7, NULL, NULL),
(6614, 398, 7, NULL, NULL),
(6615, 399, 7, NULL, NULL),
(6616, 400, 7, NULL, NULL),
(6617, 401, 7, NULL, NULL),
(6618, 402, 7, NULL, NULL),
(6619, 403, 7, NULL, NULL),
(6620, 404, 7, NULL, NULL),
(6621, 405, 7, NULL, NULL),
(6622, 406, 7, NULL, NULL),
(6623, 407, 7, NULL, NULL),
(6624, 408, 7, NULL, NULL),
(6625, 409, 7, NULL, NULL),
(6626, 410, 7, NULL, NULL),
(6627, 411, 7, NULL, NULL),
(6628, 412, 7, NULL, NULL),
(6629, 413, 7, NULL, NULL),
(6630, 414, 7, NULL, NULL),
(6631, 415, 7, NULL, NULL),
(6632, 416, 7, NULL, NULL),
(6633, 417, 7, NULL, NULL),
(6634, 418, 7, NULL, NULL),
(6635, 419, 7, NULL, NULL),
(6636, 420, 7, NULL, NULL),
(6637, 421, 7, NULL, NULL),
(6638, 422, 7, NULL, NULL),
(6639, 423, 7, NULL, NULL),
(6640, 424, 7, NULL, NULL),
(6641, 425, 7, NULL, NULL),
(6642, 426, 7, NULL, NULL),
(6643, 427, 7, NULL, NULL),
(6644, 428, 7, NULL, NULL),
(6645, 429, 7, NULL, NULL),
(6646, 430, 7, NULL, NULL),
(6647, 431, 7, NULL, NULL),
(6648, 432, 7, NULL, NULL),
(6649, 433, 7, NULL, NULL),
(6650, 434, 7, NULL, NULL),
(6651, 435, 7, NULL, NULL),
(6652, 436, 7, NULL, NULL),
(6653, 437, 7, NULL, NULL),
(6654, 438, 7, NULL, NULL),
(6655, 439, 7, NULL, NULL),
(6656, 440, 7, NULL, NULL),
(6657, 441, 7, NULL, NULL),
(6658, 442, 7, NULL, NULL),
(6659, 443, 7, NULL, NULL),
(6660, 444, 7, NULL, NULL),
(6661, 445, 7, NULL, NULL),
(6662, 446, 7, NULL, NULL),
(6663, 447, 7, NULL, NULL),
(6664, 448, 7, NULL, NULL),
(6665, 449, 7, NULL, NULL),
(6666, 450, 7, NULL, NULL),
(6667, 451, 7, NULL, NULL),
(6668, 452, 7, NULL, NULL),
(6669, 453, 7, NULL, NULL),
(6670, 454, 7, NULL, NULL),
(6671, 455, 7, NULL, NULL),
(6672, 456, 7, NULL, NULL),
(6673, 457, 7, NULL, NULL),
(6674, 458, 7, NULL, NULL),
(6675, 459, 7, NULL, NULL),
(6676, 460, 7, NULL, NULL),
(6677, 461, 7, NULL, NULL),
(6678, 462, 7, NULL, NULL),
(6679, 463, 7, NULL, NULL),
(6680, 464, 7, NULL, NULL),
(6681, 465, 7, NULL, NULL),
(6682, 466, 7, NULL, NULL),
(6683, 467, 7, NULL, NULL),
(6684, 468, 7, NULL, NULL),
(6685, 469, 7, NULL, NULL),
(6686, 470, 7, NULL, NULL),
(6687, 471, 7, NULL, NULL),
(6688, 472, 7, NULL, NULL),
(6689, 473, 7, NULL, NULL),
(6690, 474, 7, NULL, NULL),
(6691, 475, 7, NULL, NULL),
(6692, 476, 7, NULL, NULL),
(6693, 477, 7, NULL, NULL),
(6694, 478, 7, NULL, NULL),
(6695, 479, 7, NULL, NULL),
(6696, 480, 7, NULL, NULL),
(6697, 481, 7, NULL, NULL),
(6698, 482, 7, NULL, NULL),
(6699, 483, 7, NULL, NULL),
(6700, 484, 7, NULL, NULL),
(6701, 485, 7, NULL, NULL),
(6702, 486, 7, NULL, NULL),
(6703, 487, 7, NULL, NULL),
(6704, 488, 7, NULL, NULL),
(6705, 489, 7, NULL, NULL),
(6706, 490, 7, NULL, NULL),
(6707, 491, 7, NULL, NULL),
(6708, 492, 7, NULL, NULL),
(6709, 493, 7, NULL, NULL),
(6710, 494, 7, NULL, NULL),
(6711, 495, 7, NULL, NULL),
(6712, 496, 7, NULL, NULL),
(6713, 497, 7, NULL, NULL),
(6714, 498, 7, NULL, NULL),
(6715, 499, 7, NULL, NULL),
(6716, 500, 7, NULL, NULL),
(6717, 501, 7, NULL, NULL),
(6718, 502, 7, NULL, NULL),
(6719, 503, 7, NULL, NULL),
(6720, 504, 7, NULL, NULL),
(6721, 505, 7, NULL, NULL),
(6722, 506, 7, NULL, NULL),
(6723, 507, 7, NULL, NULL),
(6724, 508, 7, NULL, NULL),
(6725, 509, 7, NULL, NULL),
(6726, 510, 7, NULL, NULL),
(6727, 511, 7, NULL, NULL),
(6728, 512, 7, NULL, NULL),
(6729, 513, 7, NULL, NULL),
(6730, 514, 7, NULL, NULL),
(6731, 515, 7, NULL, NULL),
(6732, 516, 7, NULL, NULL),
(6733, 517, 7, NULL, NULL),
(6734, 518, 7, NULL, NULL),
(6735, 519, 7, NULL, NULL),
(6736, 520, 7, NULL, NULL),
(6737, 521, 7, NULL, NULL),
(6738, 522, 7, NULL, NULL),
(6739, 523, 7, NULL, NULL),
(6740, 524, 7, NULL, NULL),
(6741, 525, 7, NULL, NULL),
(6742, 526, 7, NULL, NULL),
(6743, 527, 7, NULL, NULL),
(6744, 528, 7, NULL, NULL),
(6745, 529, 7, NULL, NULL),
(6746, 530, 7, NULL, NULL),
(6747, 531, 7, NULL, NULL),
(6748, 532, 7, NULL, NULL),
(6749, 533, 7, NULL, NULL),
(6750, 534, 7, NULL, NULL),
(6751, 535, 7, NULL, NULL),
(6752, 536, 7, NULL, NULL),
(6753, 537, 7, NULL, NULL),
(6754, 538, 7, NULL, NULL),
(6755, 539, 7, NULL, NULL),
(6756, 540, 7, NULL, NULL),
(6757, 541, 7, NULL, NULL),
(6758, 542, 7, NULL, NULL),
(6759, 543, 7, NULL, NULL),
(6760, 544, 7, NULL, NULL),
(6761, 545, 7, NULL, NULL),
(6762, 546, 7, NULL, NULL),
(6763, 547, 7, NULL, NULL),
(6764, 548, 7, NULL, NULL),
(6765, 549, 7, NULL, NULL),
(6766, 550, 7, NULL, NULL),
(6767, 551, 7, NULL, NULL),
(6768, 552, 7, NULL, NULL),
(6769, 553, 7, NULL, NULL),
(6770, 554, 7, NULL, NULL),
(6771, 555, 7, NULL, NULL),
(6772, 556, 7, NULL, NULL),
(6773, 557, 7, NULL, NULL),
(6774, 558, 7, NULL, NULL),
(6775, 559, 7, NULL, NULL),
(6776, 560, 7, NULL, NULL),
(6777, 561, 7, NULL, NULL),
(6778, 562, 7, NULL, NULL),
(6779, 563, 7, NULL, NULL),
(6780, 564, 7, NULL, NULL),
(6781, 565, 7, NULL, NULL),
(6782, 566, 7, NULL, NULL),
(6783, 567, 7, NULL, NULL),
(6784, 568, 7, NULL, NULL),
(6785, 569, 7, NULL, NULL),
(6786, 570, 7, NULL, NULL),
(6787, 571, 7, NULL, NULL),
(6788, 572, 7, NULL, NULL),
(6789, 573, 7, NULL, NULL),
(6790, 574, 7, NULL, NULL),
(6791, 575, 7, NULL, NULL),
(6792, 576, 7, NULL, NULL),
(6793, 577, 7, NULL, NULL),
(6794, 578, 7, NULL, NULL),
(6795, 579, 7, NULL, NULL),
(6796, 580, 7, NULL, NULL),
(6797, 581, 7, NULL, NULL),
(6798, 582, 7, NULL, NULL),
(6799, 583, 7, NULL, NULL),
(6800, 584, 7, NULL, NULL),
(6801, 585, 7, NULL, NULL),
(6802, 586, 7, NULL, NULL),
(6803, 587, 7, NULL, NULL),
(6804, 588, 7, NULL, NULL),
(6805, 589, 7, NULL, NULL),
(6806, 590, 7, NULL, NULL),
(6807, 591, 7, NULL, NULL),
(6808, 592, 7, NULL, NULL),
(6809, 593, 7, NULL, NULL),
(6810, 594, 7, NULL, NULL),
(6811, 595, 7, NULL, NULL),
(6812, 596, 7, NULL, NULL),
(6813, 597, 7, NULL, NULL),
(6814, 598, 7, NULL, NULL),
(6815, 599, 7, NULL, NULL),
(6816, 600, 7, NULL, NULL),
(6817, 601, 7, NULL, NULL),
(6818, 602, 7, NULL, NULL),
(6819, 603, 7, NULL, NULL),
(6820, 604, 7, NULL, NULL),
(6821, 605, 7, NULL, NULL),
(6822, 606, 7, NULL, NULL),
(6823, 607, 7, NULL, NULL),
(6824, 608, 7, NULL, NULL),
(6825, 609, 7, NULL, NULL),
(6826, 610, 7, NULL, NULL),
(6827, 611, 7, NULL, NULL),
(6828, 612, 7, NULL, NULL),
(6829, 613, 7, NULL, NULL),
(6830, 614, 7, NULL, NULL),
(6831, 615, 7, NULL, NULL),
(6832, 616, 7, NULL, NULL),
(6833, 617, 7, NULL, NULL),
(6834, 618, 7, NULL, NULL),
(6835, 619, 7, NULL, NULL),
(6836, 620, 7, NULL, NULL),
(6837, 621, 7, NULL, NULL),
(6838, 622, 7, NULL, NULL),
(6839, 623, 7, NULL, NULL),
(6840, 624, 7, NULL, NULL),
(6841, 625, 7, NULL, NULL),
(6842, 626, 7, NULL, NULL),
(6843, 627, 7, NULL, NULL),
(6844, 628, 7, NULL, NULL),
(6845, 629, 7, NULL, NULL),
(6846, 630, 7, NULL, NULL),
(6847, 631, 7, NULL, NULL),
(6848, 632, 7, NULL, NULL),
(6849, 633, 7, NULL, NULL),
(6850, 634, 7, NULL, NULL),
(6851, 635, 7, NULL, NULL),
(6852, 636, 7, NULL, NULL),
(6853, 637, 7, NULL, NULL),
(6854, 638, 7, NULL, NULL),
(6855, 639, 7, NULL, NULL),
(6856, 640, 7, NULL, NULL),
(6857, 641, 7, NULL, NULL),
(6858, 642, 7, NULL, NULL),
(6859, 643, 7, NULL, NULL),
(6860, 644, 7, NULL, NULL),
(6861, 645, 7, NULL, NULL),
(6862, 646, 7, NULL, NULL),
(6863, 647, 7, NULL, NULL),
(6864, 648, 7, NULL, NULL),
(6865, 649, 7, NULL, NULL),
(6866, 650, 7, NULL, NULL),
(6867, 651, 7, NULL, NULL),
(6868, 652, 7, NULL, NULL),
(6869, 653, 7, NULL, NULL),
(6870, 654, 7, NULL, NULL),
(6871, 655, 7, NULL, NULL),
(6872, 656, 7, NULL, NULL),
(6873, 657, 7, NULL, NULL),
(6874, 658, 7, NULL, NULL),
(6875, 659, 7, NULL, NULL),
(6876, 660, 7, NULL, NULL),
(6877, 661, 7, NULL, NULL),
(6878, 662, 7, NULL, NULL),
(6879, 663, 7, NULL, NULL),
(6880, 664, 7, NULL, NULL),
(6881, 665, 7, NULL, NULL),
(6882, 666, 7, NULL, NULL),
(6883, 667, 7, NULL, NULL),
(6884, 668, 7, NULL, NULL),
(6885, 669, 7, NULL, NULL),
(6886, 670, 7, NULL, NULL),
(6887, 671, 7, NULL, NULL),
(6888, 672, 7, NULL, NULL),
(6889, 673, 7, NULL, NULL),
(6890, 674, 7, NULL, NULL),
(6891, 675, 7, NULL, NULL),
(6892, 676, 7, NULL, NULL),
(6893, 677, 7, NULL, NULL),
(6894, 678, 7, NULL, NULL),
(6895, 679, 7, NULL, NULL),
(6896, 680, 7, NULL, NULL),
(6897, 681, 7, NULL, NULL),
(6898, 682, 7, NULL, NULL),
(6899, 683, 7, NULL, NULL),
(6900, 684, 7, NULL, NULL),
(6901, 685, 7, NULL, NULL),
(6902, 686, 7, NULL, NULL),
(6903, 687, 7, NULL, NULL),
(6904, 688, 7, NULL, NULL),
(6905, 689, 7, NULL, NULL),
(6906, 690, 7, NULL, NULL),
(6907, 691, 7, NULL, NULL),
(6908, 692, 7, NULL, NULL),
(6909, 693, 7, NULL, NULL),
(6910, 694, 7, NULL, NULL),
(6911, 695, 7, NULL, NULL),
(6912, 696, 7, NULL, NULL),
(6913, 697, 7, NULL, NULL),
(6914, 698, 7, NULL, NULL),
(6915, 699, 7, NULL, NULL),
(6916, 700, 7, NULL, NULL),
(6917, 701, 7, NULL, NULL),
(6918, 702, 7, NULL, NULL),
(6919, 703, 7, NULL, NULL),
(6920, 704, 7, NULL, NULL),
(6921, 705, 7, NULL, NULL),
(6922, 706, 7, NULL, NULL),
(6923, 707, 7, NULL, NULL),
(6924, 708, 7, NULL, NULL),
(6925, 709, 7, NULL, NULL),
(6926, 710, 7, NULL, NULL),
(6927, 711, 7, NULL, NULL),
(6928, 712, 7, NULL, NULL),
(6929, 713, 7, NULL, NULL),
(6930, 714, 7, NULL, NULL),
(6931, 715, 7, NULL, NULL),
(6932, 716, 7, NULL, NULL),
(6933, 717, 7, NULL, NULL),
(6934, 718, 7, NULL, NULL),
(6935, 719, 7, NULL, NULL),
(6936, 720, 7, NULL, NULL),
(6937, 721, 7, NULL, NULL),
(6938, 722, 7, NULL, NULL),
(6939, 723, 7, NULL, NULL),
(6940, 724, 7, NULL, NULL),
(6941, 725, 7, NULL, NULL),
(6942, 726, 7, NULL, NULL),
(6943, 727, 7, NULL, NULL),
(6944, 728, 7, NULL, NULL),
(6945, 729, 7, NULL, NULL),
(6946, 730, 7, NULL, NULL),
(6947, 731, 7, NULL, NULL),
(6948, 367, 8, NULL, NULL),
(6949, 368, 8, NULL, NULL),
(6950, 369, 8, NULL, NULL),
(6951, 370, 8, NULL, NULL),
(6952, 371, 8, NULL, NULL),
(6953, 372, 8, NULL, NULL),
(6954, 373, 8, NULL, NULL),
(6955, 374, 8, NULL, NULL),
(6956, 375, 8, NULL, NULL),
(6957, 376, 8, NULL, NULL),
(6958, 377, 8, NULL, NULL),
(6959, 378, 8, NULL, NULL),
(6960, 379, 8, NULL, NULL),
(6961, 380, 8, NULL, NULL),
(6962, 381, 8, NULL, NULL),
(6963, 382, 8, NULL, NULL),
(6964, 383, 8, NULL, NULL),
(6965, 384, 8, NULL, NULL),
(6966, 385, 8, NULL, NULL),
(6967, 386, 8, NULL, NULL),
(6968, 387, 8, NULL, NULL),
(6969, 388, 8, NULL, NULL),
(6970, 389, 8, NULL, NULL),
(6971, 390, 8, NULL, NULL),
(6972, 391, 8, NULL, NULL),
(6973, 392, 8, NULL, NULL),
(6974, 393, 8, NULL, NULL),
(6975, 394, 8, NULL, NULL),
(6976, 395, 8, NULL, NULL),
(6977, 396, 8, NULL, NULL),
(6978, 397, 8, NULL, NULL),
(6979, 398, 8, NULL, NULL),
(6980, 399, 8, NULL, NULL),
(6981, 400, 8, NULL, NULL),
(6982, 401, 8, NULL, NULL),
(6983, 402, 8, NULL, NULL),
(6984, 403, 8, NULL, NULL),
(6985, 404, 8, NULL, NULL),
(6986, 405, 8, NULL, NULL),
(6987, 406, 8, NULL, NULL),
(6988, 407, 8, NULL, NULL),
(6989, 408, 8, NULL, NULL),
(6990, 409, 8, NULL, NULL),
(6991, 410, 8, NULL, NULL),
(6992, 411, 8, NULL, NULL),
(6993, 412, 8, NULL, NULL),
(6994, 413, 8, NULL, NULL),
(6995, 414, 8, NULL, NULL),
(6996, 415, 8, NULL, NULL),
(6997, 416, 8, NULL, NULL),
(6998, 417, 8, NULL, NULL),
(6999, 418, 8, NULL, NULL),
(7000, 419, 8, NULL, NULL),
(7001, 420, 8, NULL, NULL),
(7002, 421, 8, NULL, NULL),
(7003, 422, 8, NULL, NULL),
(7004, 423, 8, NULL, NULL),
(7005, 424, 8, NULL, NULL),
(7006, 425, 8, NULL, NULL),
(7007, 426, 8, NULL, NULL),
(7008, 427, 8, NULL, NULL),
(7009, 428, 8, NULL, NULL),
(7010, 429, 8, NULL, NULL),
(7011, 430, 8, NULL, NULL),
(7012, 431, 8, NULL, NULL),
(7013, 432, 8, NULL, NULL),
(7014, 433, 8, NULL, NULL),
(7015, 434, 8, NULL, NULL),
(7016, 435, 8, NULL, NULL),
(7017, 436, 8, NULL, NULL),
(7018, 437, 8, NULL, NULL),
(7019, 438, 8, NULL, NULL),
(7020, 439, 8, NULL, NULL),
(7021, 440, 8, NULL, NULL),
(7022, 441, 8, NULL, NULL),
(7023, 442, 8, NULL, NULL),
(7024, 443, 8, NULL, NULL),
(7025, 444, 8, NULL, NULL),
(7026, 445, 8, NULL, NULL),
(7027, 446, 8, NULL, NULL),
(7028, 447, 8, NULL, NULL),
(7029, 448, 8, NULL, NULL),
(7030, 449, 8, NULL, NULL),
(7031, 450, 8, NULL, NULL),
(7032, 451, 8, NULL, NULL),
(7033, 452, 8, NULL, NULL),
(7034, 453, 8, NULL, NULL),
(7035, 454, 8, NULL, NULL),
(7036, 455, 8, NULL, NULL),
(7037, 456, 8, NULL, NULL),
(7038, 457, 8, NULL, NULL),
(7039, 458, 8, NULL, NULL),
(7040, 459, 8, NULL, NULL),
(7041, 460, 8, NULL, NULL),
(7042, 461, 8, NULL, NULL),
(7043, 462, 8, NULL, NULL),
(7044, 463, 8, NULL, NULL),
(7045, 464, 8, NULL, NULL),
(7046, 465, 8, NULL, NULL),
(7047, 466, 8, NULL, NULL),
(7048, 467, 8, NULL, NULL),
(7049, 468, 8, NULL, NULL),
(7050, 469, 8, NULL, NULL),
(7051, 470, 8, NULL, NULL),
(7052, 471, 8, NULL, NULL),
(7053, 472, 8, NULL, NULL),
(7054, 473, 8, NULL, NULL),
(7055, 474, 8, NULL, NULL),
(7056, 475, 8, NULL, NULL),
(7057, 476, 8, NULL, NULL),
(7058, 477, 8, NULL, NULL),
(7059, 478, 8, NULL, NULL),
(7060, 479, 8, NULL, NULL),
(7061, 480, 8, NULL, NULL),
(7062, 481, 8, NULL, NULL),
(7063, 482, 8, NULL, NULL),
(7064, 483, 8, NULL, NULL),
(7065, 484, 8, NULL, NULL),
(7066, 485, 8, NULL, NULL),
(7067, 486, 8, NULL, NULL),
(7068, 487, 8, NULL, NULL),
(7069, 488, 8, NULL, NULL),
(7070, 489, 8, NULL, NULL),
(7071, 490, 8, NULL, NULL),
(7072, 491, 8, NULL, NULL),
(7073, 492, 8, NULL, NULL),
(7074, 493, 8, NULL, NULL),
(7075, 494, 8, NULL, NULL),
(7076, 495, 8, NULL, NULL),
(7077, 496, 8, NULL, NULL),
(7078, 497, 8, NULL, NULL),
(7079, 498, 8, NULL, NULL),
(7080, 499, 8, NULL, NULL),
(7081, 500, 8, NULL, NULL),
(7082, 501, 8, NULL, NULL),
(7083, 502, 8, NULL, NULL),
(7084, 503, 8, NULL, NULL),
(7085, 504, 8, NULL, NULL),
(7086, 505, 8, NULL, NULL),
(7087, 506, 8, NULL, NULL),
(7088, 507, 8, NULL, NULL),
(7089, 508, 8, NULL, NULL),
(7090, 509, 8, NULL, NULL),
(7091, 510, 8, NULL, NULL),
(7092, 511, 8, NULL, NULL),
(7093, 512, 8, NULL, NULL),
(7094, 513, 8, NULL, NULL),
(7095, 514, 8, NULL, NULL),
(7096, 515, 8, NULL, NULL),
(7097, 516, 8, NULL, NULL),
(7098, 517, 8, NULL, NULL),
(7099, 518, 8, NULL, NULL),
(7100, 519, 8, NULL, NULL),
(7101, 520, 8, NULL, NULL),
(7102, 521, 8, NULL, NULL),
(7103, 522, 8, NULL, NULL),
(7104, 523, 8, NULL, NULL),
(7105, 524, 8, NULL, NULL),
(7106, 525, 8, NULL, NULL),
(7107, 526, 8, NULL, NULL),
(7108, 527, 8, NULL, NULL),
(7109, 528, 8, NULL, NULL),
(7110, 529, 8, NULL, NULL),
(7111, 530, 8, NULL, NULL),
(7112, 531, 8, NULL, NULL),
(7113, 532, 8, NULL, NULL),
(7114, 533, 8, NULL, NULL),
(7115, 534, 8, NULL, NULL),
(7116, 535, 8, NULL, NULL),
(7117, 536, 8, NULL, NULL),
(7118, 537, 8, NULL, NULL),
(7119, 538, 8, NULL, NULL),
(7120, 539, 8, NULL, NULL),
(7121, 540, 8, NULL, NULL),
(7122, 541, 8, NULL, NULL),
(7123, 542, 8, NULL, NULL),
(7124, 543, 8, NULL, NULL),
(7125, 544, 8, NULL, NULL),
(7126, 545, 8, NULL, NULL),
(7127, 546, 8, NULL, NULL),
(7128, 547, 8, NULL, NULL),
(7129, 548, 8, NULL, NULL),
(7130, 549, 8, NULL, NULL),
(7131, 550, 8, NULL, NULL),
(7132, 551, 8, NULL, NULL),
(7133, 552, 8, NULL, NULL),
(7134, 553, 8, NULL, NULL),
(7135, 554, 8, NULL, NULL),
(7136, 555, 8, NULL, NULL),
(7137, 556, 8, NULL, NULL),
(7138, 557, 8, NULL, NULL),
(7139, 558, 8, NULL, NULL),
(7140, 559, 8, NULL, NULL),
(7141, 560, 8, NULL, NULL),
(7142, 561, 8, NULL, NULL),
(7143, 562, 8, NULL, NULL),
(7144, 563, 8, NULL, NULL),
(7145, 564, 8, NULL, NULL),
(7146, 565, 8, NULL, NULL),
(7147, 566, 8, NULL, NULL),
(7148, 567, 8, NULL, NULL),
(7149, 568, 8, NULL, NULL),
(7150, 569, 8, NULL, NULL),
(7151, 570, 8, NULL, NULL),
(7152, 571, 8, NULL, NULL),
(7153, 572, 8, NULL, NULL),
(7154, 573, 8, NULL, NULL),
(7155, 574, 8, NULL, NULL),
(7156, 575, 8, NULL, NULL),
(7157, 576, 8, NULL, NULL),
(7158, 577, 8, NULL, NULL),
(7159, 578, 8, NULL, NULL),
(7160, 579, 8, NULL, NULL),
(7161, 580, 8, NULL, NULL),
(7162, 581, 8, NULL, NULL),
(7163, 582, 8, NULL, NULL),
(7164, 583, 8, NULL, NULL),
(7165, 584, 8, NULL, NULL),
(7166, 585, 8, NULL, NULL),
(7167, 586, 8, NULL, NULL),
(7168, 587, 8, NULL, NULL),
(7169, 588, 8, NULL, NULL),
(7170, 589, 8, NULL, NULL),
(7171, 590, 8, NULL, NULL),
(7172, 591, 8, NULL, NULL),
(7173, 592, 8, NULL, NULL),
(7174, 593, 8, NULL, NULL),
(7175, 594, 8, NULL, NULL),
(7176, 595, 8, NULL, NULL),
(7177, 596, 8, NULL, NULL),
(7178, 597, 8, NULL, NULL),
(7179, 598, 8, NULL, NULL),
(7180, 599, 8, NULL, NULL),
(7181, 600, 8, NULL, NULL),
(7182, 601, 8, NULL, NULL),
(7183, 602, 8, NULL, NULL),
(7184, 603, 8, NULL, NULL),
(7185, 604, 8, NULL, NULL),
(7186, 605, 8, NULL, NULL),
(7187, 606, 8, NULL, NULL),
(7188, 607, 8, NULL, NULL),
(7189, 608, 8, NULL, NULL),
(7190, 609, 8, NULL, NULL),
(7191, 610, 8, NULL, NULL),
(7192, 611, 8, NULL, NULL),
(7193, 612, 8, NULL, NULL),
(7194, 613, 8, NULL, NULL),
(7195, 614, 8, NULL, NULL),
(7196, 615, 8, NULL, NULL),
(7197, 616, 8, NULL, NULL),
(7198, 617, 8, NULL, NULL),
(7199, 618, 8, NULL, NULL),
(7200, 619, 8, NULL, NULL),
(7201, 620, 8, NULL, NULL),
(7202, 621, 8, NULL, NULL),
(7203, 622, 8, NULL, NULL),
(7204, 623, 8, NULL, NULL),
(7205, 624, 8, NULL, NULL),
(7206, 625, 8, NULL, NULL),
(7207, 626, 8, NULL, NULL),
(7208, 627, 8, NULL, NULL),
(7209, 628, 8, NULL, NULL),
(7210, 629, 8, NULL, NULL),
(7211, 630, 8, NULL, NULL),
(7212, 631, 8, NULL, NULL),
(7213, 632, 8, NULL, NULL),
(7214, 633, 8, NULL, NULL),
(7215, 634, 8, NULL, NULL),
(7216, 635, 8, NULL, NULL),
(7217, 636, 8, NULL, NULL),
(7218, 637, 8, NULL, NULL),
(7219, 638, 8, NULL, NULL),
(7220, 639, 8, NULL, NULL),
(7221, 640, 8, NULL, NULL),
(7222, 641, 8, NULL, NULL),
(7223, 642, 8, NULL, NULL),
(7224, 643, 8, NULL, NULL),
(7225, 644, 8, NULL, NULL),
(7226, 645, 8, NULL, NULL),
(7227, 646, 8, NULL, NULL),
(7228, 647, 8, NULL, NULL),
(7229, 648, 8, NULL, NULL),
(7230, 649, 8, NULL, NULL),
(7231, 650, 8, NULL, NULL),
(7232, 651, 8, NULL, NULL),
(7233, 652, 8, NULL, NULL),
(7234, 653, 8, NULL, NULL),
(7235, 654, 8, NULL, NULL),
(7236, 655, 8, NULL, NULL),
(7237, 656, 8, NULL, NULL),
(7238, 657, 8, NULL, NULL),
(7239, 658, 8, NULL, NULL),
(7240, 659, 8, NULL, NULL),
(7241, 660, 8, NULL, NULL),
(7242, 661, 8, NULL, NULL),
(7243, 662, 8, NULL, NULL),
(7244, 663, 8, NULL, NULL),
(7245, 664, 8, NULL, NULL),
(7246, 665, 8, NULL, NULL),
(7247, 666, 8, NULL, NULL),
(7248, 667, 8, NULL, NULL),
(7249, 668, 8, NULL, NULL),
(7250, 669, 8, NULL, NULL),
(7251, 670, 8, NULL, NULL),
(7252, 671, 8, NULL, NULL),
(7253, 672, 8, NULL, NULL),
(7254, 673, 8, NULL, NULL),
(7255, 674, 8, NULL, NULL),
(7256, 675, 8, NULL, NULL),
(7257, 676, 8, NULL, NULL),
(7258, 677, 8, NULL, NULL),
(7259, 678, 8, NULL, NULL),
(7260, 679, 8, NULL, NULL),
(7261, 680, 8, NULL, NULL),
(7262, 681, 8, NULL, NULL),
(7263, 682, 8, NULL, NULL),
(7264, 683, 8, NULL, NULL),
(7265, 684, 8, NULL, NULL),
(7266, 685, 8, NULL, NULL),
(7267, 686, 8, NULL, NULL),
(7268, 687, 8, NULL, NULL),
(7269, 688, 8, NULL, NULL),
(7270, 689, 8, NULL, NULL),
(7271, 690, 8, NULL, NULL),
(7272, 691, 8, NULL, NULL),
(7273, 692, 8, NULL, NULL),
(7274, 693, 8, NULL, NULL),
(7275, 694, 8, NULL, NULL),
(7276, 695, 8, NULL, NULL),
(7277, 696, 8, NULL, NULL),
(7278, 697, 8, NULL, NULL),
(7279, 698, 8, NULL, NULL),
(7280, 699, 8, NULL, NULL),
(7281, 700, 8, NULL, NULL),
(7282, 701, 8, NULL, NULL),
(7283, 702, 8, NULL, NULL),
(7284, 703, 8, NULL, NULL),
(7285, 704, 8, NULL, NULL),
(7286, 705, 8, NULL, NULL),
(7287, 706, 8, NULL, NULL),
(7288, 707, 8, NULL, NULL),
(7289, 708, 8, NULL, NULL),
(7290, 709, 8, NULL, NULL),
(7291, 710, 8, NULL, NULL),
(7292, 711, 8, NULL, NULL),
(7293, 712, 8, NULL, NULL),
(7294, 713, 8, NULL, NULL),
(7295, 714, 8, NULL, NULL),
(7296, 715, 8, NULL, NULL),
(7297, 716, 8, NULL, NULL),
(7298, 717, 8, NULL, NULL),
(7299, 718, 8, NULL, NULL),
(7300, 719, 8, NULL, NULL),
(7301, 720, 8, NULL, NULL),
(7302, 721, 8, NULL, NULL),
(7303, 722, 8, NULL, NULL),
(7304, 723, 8, NULL, NULL),
(7305, 724, 8, NULL, NULL),
(7306, 725, 8, NULL, NULL),
(7307, 726, 8, NULL, NULL),
(7308, 727, 8, NULL, NULL),
(7309, 728, 8, NULL, NULL),
(7310, 729, 8, NULL, NULL),
(7311, 730, 8, NULL, NULL),
(7312, 731, 8, NULL, NULL),
(7313, 367, 9, NULL, NULL),
(7314, 368, 9, NULL, NULL),
(7315, 369, 9, NULL, NULL),
(7316, 370, 9, NULL, NULL),
(7317, 371, 9, NULL, NULL),
(7318, 372, 9, NULL, NULL),
(7319, 373, 9, NULL, NULL),
(7320, 374, 9, NULL, NULL),
(7321, 375, 9, NULL, NULL),
(7322, 376, 9, NULL, NULL),
(7323, 377, 9, NULL, NULL),
(7324, 378, 9, NULL, NULL),
(7325, 379, 9, NULL, NULL),
(7326, 380, 9, NULL, NULL),
(7327, 381, 9, NULL, NULL),
(7328, 382, 9, NULL, NULL),
(7329, 383, 9, NULL, NULL),
(7330, 384, 9, NULL, NULL),
(7331, 385, 9, NULL, NULL),
(7332, 386, 9, NULL, NULL),
(7333, 387, 9, NULL, NULL),
(7334, 388, 9, NULL, NULL),
(7335, 389, 9, NULL, NULL),
(7336, 390, 9, NULL, NULL),
(7337, 391, 9, NULL, NULL),
(7338, 392, 9, NULL, NULL),
(7339, 393, 9, NULL, NULL),
(7340, 394, 9, NULL, NULL),
(7341, 395, 9, NULL, NULL),
(7342, 396, 9, NULL, NULL),
(7343, 397, 9, NULL, NULL),
(7344, 398, 9, NULL, NULL),
(7345, 399, 9, NULL, NULL),
(7346, 400, 9, NULL, NULL),
(7347, 401, 9, NULL, NULL),
(7348, 402, 9, NULL, NULL),
(7349, 403, 9, NULL, NULL),
(7350, 404, 9, NULL, NULL),
(7351, 405, 9, NULL, NULL),
(7352, 406, 9, NULL, NULL),
(7353, 407, 9, NULL, NULL),
(7354, 408, 9, NULL, NULL),
(7355, 409, 9, NULL, NULL),
(7356, 410, 9, NULL, NULL),
(7357, 411, 9, NULL, NULL),
(7358, 412, 9, NULL, NULL),
(7359, 413, 9, NULL, NULL),
(7360, 414, 9, NULL, NULL),
(7361, 415, 9, NULL, NULL),
(7362, 416, 9, NULL, NULL),
(7363, 417, 9, NULL, NULL),
(7364, 418, 9, NULL, NULL),
(7365, 419, 9, NULL, NULL),
(7366, 420, 9, NULL, NULL),
(7367, 421, 9, NULL, NULL),
(7368, 422, 9, NULL, NULL),
(7369, 423, 9, NULL, NULL),
(7370, 424, 9, NULL, NULL),
(7371, 425, 9, NULL, NULL),
(7372, 426, 9, NULL, NULL),
(7373, 427, 9, NULL, NULL),
(7374, 428, 9, NULL, NULL),
(7375, 429, 9, NULL, NULL),
(7376, 430, 9, NULL, NULL),
(7377, 431, 9, NULL, NULL),
(7378, 432, 9, NULL, NULL),
(7379, 433, 9, NULL, NULL),
(7380, 434, 9, NULL, NULL),
(7381, 435, 9, NULL, NULL),
(7382, 436, 9, NULL, NULL),
(7383, 437, 9, NULL, NULL),
(7384, 438, 9, NULL, NULL),
(7385, 439, 9, NULL, NULL),
(7386, 440, 9, NULL, NULL),
(7387, 441, 9, NULL, NULL),
(7388, 442, 9, NULL, NULL),
(7389, 443, 9, NULL, NULL),
(7390, 444, 9, NULL, NULL),
(7391, 445, 9, NULL, NULL),
(7392, 446, 9, NULL, NULL),
(7393, 447, 9, NULL, NULL),
(7394, 448, 9, NULL, NULL),
(7395, 449, 9, NULL, NULL),
(7396, 450, 9, NULL, NULL),
(7397, 451, 9, NULL, NULL),
(7398, 452, 9, NULL, NULL),
(7399, 453, 9, NULL, NULL),
(7400, 454, 9, NULL, NULL),
(7401, 455, 9, NULL, NULL),
(7402, 456, 9, NULL, NULL),
(7403, 457, 9, NULL, NULL),
(7404, 458, 9, NULL, NULL),
(7405, 459, 9, NULL, NULL),
(7406, 460, 9, NULL, NULL),
(7407, 461, 9, NULL, NULL),
(7408, 462, 9, NULL, NULL),
(7409, 463, 9, NULL, NULL),
(7410, 464, 9, NULL, NULL),
(7411, 465, 9, NULL, NULL),
(7412, 466, 9, NULL, NULL),
(7413, 467, 9, NULL, NULL),
(7414, 468, 9, NULL, NULL),
(7415, 469, 9, NULL, NULL),
(7416, 470, 9, NULL, NULL),
(7417, 471, 9, NULL, NULL),
(7418, 472, 9, NULL, NULL),
(7419, 473, 9, NULL, NULL),
(7420, 474, 9, NULL, NULL),
(7421, 475, 9, NULL, NULL),
(7422, 476, 9, NULL, NULL),
(7423, 477, 9, NULL, NULL),
(7424, 478, 9, NULL, NULL),
(7425, 479, 9, NULL, NULL),
(7426, 480, 9, NULL, NULL),
(7427, 481, 9, NULL, NULL),
(7428, 482, 9, NULL, NULL),
(7429, 483, 9, NULL, NULL),
(7430, 484, 9, NULL, NULL),
(7431, 485, 9, NULL, NULL),
(7432, 486, 9, NULL, NULL),
(7433, 487, 9, NULL, NULL),
(7434, 488, 9, NULL, NULL),
(7435, 489, 9, NULL, NULL),
(7436, 490, 9, NULL, NULL),
(7437, 491, 9, NULL, NULL),
(7438, 492, 9, NULL, NULL),
(7439, 493, 9, NULL, NULL),
(7440, 494, 9, NULL, NULL),
(7441, 495, 9, NULL, NULL),
(7442, 496, 9, NULL, NULL),
(7443, 497, 9, NULL, NULL),
(7444, 498, 9, NULL, NULL),
(7445, 499, 9, NULL, NULL),
(7446, 500, 9, NULL, NULL),
(7447, 501, 9, NULL, NULL),
(7448, 502, 9, NULL, NULL),
(7449, 503, 9, NULL, NULL),
(7450, 504, 9, NULL, NULL),
(7451, 505, 9, NULL, NULL),
(7452, 506, 9, NULL, NULL),
(7453, 507, 9, NULL, NULL),
(7454, 508, 9, NULL, NULL),
(7455, 509, 9, NULL, NULL),
(7456, 510, 9, NULL, NULL),
(7457, 511, 9, NULL, NULL),
(7458, 512, 9, NULL, NULL),
(7459, 513, 9, NULL, NULL),
(7460, 514, 9, NULL, NULL),
(7461, 515, 9, NULL, NULL),
(7462, 516, 9, NULL, NULL),
(7463, 517, 9, NULL, NULL),
(7464, 518, 9, NULL, NULL),
(7465, 519, 9, NULL, NULL),
(7466, 520, 9, NULL, NULL),
(7467, 521, 9, NULL, NULL),
(7468, 522, 9, NULL, NULL),
(7469, 523, 9, NULL, NULL),
(7470, 524, 9, NULL, NULL),
(7471, 525, 9, NULL, NULL),
(7472, 526, 9, NULL, NULL),
(7473, 527, 9, NULL, NULL),
(7474, 528, 9, NULL, NULL),
(7475, 529, 9, NULL, NULL),
(7476, 530, 9, NULL, NULL),
(7477, 531, 9, NULL, NULL),
(7478, 532, 9, NULL, NULL),
(7479, 533, 9, NULL, NULL),
(7480, 534, 9, NULL, NULL),
(7481, 535, 9, NULL, NULL),
(7482, 536, 9, NULL, NULL),
(7483, 537, 9, NULL, NULL),
(7484, 538, 9, NULL, NULL),
(7485, 539, 9, NULL, NULL),
(7486, 540, 9, NULL, NULL),
(7487, 541, 9, NULL, NULL),
(7488, 542, 9, NULL, NULL),
(7489, 543, 9, NULL, NULL),
(7490, 544, 9, NULL, NULL),
(7491, 545, 9, NULL, NULL),
(7492, 546, 9, NULL, NULL),
(7493, 547, 9, NULL, NULL),
(7494, 548, 9, NULL, NULL),
(7495, 549, 9, NULL, NULL),
(7496, 550, 9, NULL, NULL),
(7497, 551, 9, NULL, NULL),
(7498, 552, 9, NULL, NULL),
(7499, 553, 9, NULL, NULL),
(7500, 554, 9, NULL, NULL),
(7501, 555, 9, NULL, NULL),
(7502, 556, 9, NULL, NULL),
(7503, 557, 9, NULL, NULL),
(7504, 558, 9, NULL, NULL),
(7505, 559, 9, NULL, NULL),
(7506, 560, 9, NULL, NULL),
(7507, 561, 9, NULL, NULL),
(7508, 562, 9, NULL, NULL),
(7509, 563, 9, NULL, NULL),
(7510, 564, 9, NULL, NULL),
(7511, 565, 9, NULL, NULL),
(7512, 566, 9, NULL, NULL),
(7513, 567, 9, NULL, NULL),
(7514, 568, 9, NULL, NULL),
(7515, 569, 9, NULL, NULL),
(7516, 570, 9, NULL, NULL),
(7517, 571, 9, NULL, NULL),
(7518, 572, 9, NULL, NULL),
(7519, 573, 9, NULL, NULL),
(7520, 574, 9, NULL, NULL),
(7521, 575, 9, NULL, NULL),
(7522, 576, 9, NULL, NULL),
(7523, 577, 9, NULL, NULL),
(7524, 578, 9, NULL, NULL),
(7525, 579, 9, NULL, NULL),
(7526, 580, 9, NULL, NULL),
(7527, 581, 9, NULL, NULL),
(7528, 582, 9, NULL, NULL),
(7529, 583, 9, NULL, NULL),
(7530, 584, 9, NULL, NULL),
(7531, 585, 9, NULL, NULL),
(7532, 586, 9, NULL, NULL),
(7533, 587, 9, NULL, NULL),
(7534, 588, 9, NULL, NULL),
(7535, 589, 9, NULL, NULL),
(7536, 590, 9, NULL, NULL),
(7537, 591, 9, NULL, NULL),
(7538, 592, 9, NULL, NULL),
(7539, 593, 9, NULL, NULL),
(7540, 594, 9, NULL, NULL),
(7541, 595, 9, NULL, NULL),
(7542, 596, 9, NULL, NULL),
(7543, 597, 9, NULL, NULL),
(7544, 598, 9, NULL, NULL),
(7545, 599, 9, NULL, NULL),
(7546, 600, 9, NULL, NULL),
(7547, 601, 9, NULL, NULL),
(7548, 602, 9, NULL, NULL),
(7549, 603, 9, NULL, NULL),
(7550, 604, 9, NULL, NULL),
(7551, 605, 9, NULL, NULL),
(7552, 606, 9, NULL, NULL),
(7553, 607, 9, NULL, NULL),
(7554, 608, 9, NULL, NULL),
(7555, 609, 9, NULL, NULL),
(7556, 610, 9, NULL, NULL),
(7557, 611, 9, NULL, NULL),
(7558, 612, 9, NULL, NULL),
(7559, 613, 9, NULL, NULL),
(7560, 614, 9, NULL, NULL),
(7561, 615, 9, NULL, NULL),
(7562, 616, 9, NULL, NULL),
(7563, 617, 9, NULL, NULL),
(7564, 618, 9, NULL, NULL),
(7565, 619, 9, NULL, NULL),
(7566, 620, 9, NULL, NULL),
(7567, 621, 9, NULL, NULL),
(7568, 622, 9, NULL, NULL),
(7569, 623, 9, NULL, NULL),
(7570, 624, 9, NULL, NULL),
(7571, 625, 9, NULL, NULL),
(7572, 626, 9, NULL, NULL),
(7573, 627, 9, NULL, NULL),
(7574, 628, 9, NULL, NULL),
(7575, 629, 9, NULL, NULL),
(7576, 630, 9, NULL, NULL),
(7577, 631, 9, NULL, NULL),
(7578, 632, 9, NULL, NULL),
(7579, 633, 9, NULL, NULL),
(7580, 634, 9, NULL, NULL),
(7581, 635, 9, NULL, NULL),
(7582, 636, 9, NULL, NULL),
(7583, 637, 9, NULL, NULL),
(7584, 638, 9, NULL, NULL),
(7585, 639, 9, NULL, NULL),
(7586, 640, 9, NULL, NULL),
(7587, 641, 9, NULL, NULL),
(7588, 642, 9, NULL, NULL),
(7589, 643, 9, NULL, NULL),
(7590, 644, 9, NULL, NULL),
(7591, 645, 9, NULL, NULL),
(7592, 646, 9, NULL, NULL),
(7593, 647, 9, NULL, NULL),
(7594, 648, 9, NULL, NULL),
(7595, 649, 9, NULL, NULL),
(7596, 650, 9, NULL, NULL),
(7597, 651, 9, NULL, NULL),
(7598, 652, 9, NULL, NULL),
(7599, 653, 9, NULL, NULL),
(7600, 654, 9, NULL, NULL),
(7601, 655, 9, NULL, NULL),
(7602, 656, 9, NULL, NULL),
(7603, 657, 9, NULL, NULL),
(7604, 658, 9, NULL, NULL),
(7605, 659, 9, NULL, NULL),
(7606, 660, 9, NULL, NULL),
(7607, 661, 9, NULL, NULL),
(7608, 662, 9, NULL, NULL),
(7609, 663, 9, NULL, NULL),
(7610, 664, 9, NULL, NULL),
(7611, 665, 9, NULL, NULL),
(7612, 666, 9, NULL, NULL),
(7613, 667, 9, NULL, NULL),
(7614, 668, 9, NULL, NULL),
(7615, 669, 9, NULL, NULL),
(7616, 670, 9, NULL, NULL),
(7617, 671, 9, NULL, NULL),
(7618, 672, 9, NULL, NULL),
(7619, 673, 9, NULL, NULL),
(7620, 674, 9, NULL, NULL),
(7621, 675, 9, NULL, NULL),
(7622, 676, 9, NULL, NULL),
(7623, 677, 9, NULL, NULL),
(7624, 678, 9, NULL, NULL),
(7625, 679, 9, NULL, NULL),
(7626, 680, 9, NULL, NULL),
(7627, 681, 9, NULL, NULL),
(7628, 682, 9, NULL, NULL),
(7629, 683, 9, NULL, NULL),
(7630, 684, 9, NULL, NULL),
(7631, 685, 9, NULL, NULL),
(7632, 686, 9, NULL, NULL),
(7633, 687, 9, NULL, NULL),
(7634, 688, 9, NULL, NULL),
(7635, 689, 9, NULL, NULL),
(7636, 690, 9, NULL, NULL),
(7637, 691, 9, NULL, NULL),
(7638, 692, 9, NULL, NULL),
(7639, 693, 9, NULL, NULL),
(7640, 694, 9, NULL, NULL),
(7641, 695, 9, NULL, NULL),
(7642, 696, 9, NULL, NULL),
(7643, 697, 9, NULL, NULL),
(7644, 698, 9, NULL, NULL),
(7645, 699, 9, NULL, NULL),
(7646, 700, 9, NULL, NULL),
(7647, 701, 9, NULL, NULL),
(7648, 702, 9, NULL, NULL),
(7649, 703, 9, NULL, NULL),
(7650, 704, 9, NULL, NULL),
(7651, 705, 9, NULL, NULL),
(7652, 706, 9, NULL, NULL),
(7653, 707, 9, NULL, NULL),
(7654, 708, 9, NULL, NULL),
(7655, 709, 9, NULL, NULL),
(7656, 710, 9, NULL, NULL),
(7657, 711, 9, NULL, NULL),
(7658, 712, 9, NULL, NULL),
(7659, 713, 9, NULL, NULL),
(7660, 714, 9, NULL, NULL),
(7661, 715, 9, NULL, NULL),
(7662, 716, 9, NULL, NULL),
(7663, 717, 9, NULL, NULL),
(7664, 718, 9, NULL, NULL),
(7665, 719, 9, NULL, NULL),
(7666, 720, 9, NULL, NULL),
(7667, 721, 9, NULL, NULL),
(7668, 722, 9, NULL, NULL),
(7669, 723, 9, NULL, NULL),
(7670, 724, 9, NULL, NULL),
(7671, 725, 9, NULL, NULL),
(7672, 726, 9, NULL, NULL),
(7673, 727, 9, NULL, NULL),
(7674, 728, 9, NULL, NULL),
(7675, 729, 9, NULL, NULL),
(7676, 730, 9, NULL, NULL),
(7677, 731, 9, NULL, NULL),
(7678, 367, 10, NULL, NULL),
(7679, 368, 10, NULL, NULL),
(7680, 369, 10, NULL, NULL),
(7681, 370, 10, NULL, NULL),
(7682, 371, 10, NULL, NULL),
(7683, 372, 10, NULL, NULL),
(7684, 373, 10, NULL, NULL),
(7685, 374, 10, NULL, NULL),
(7686, 375, 10, NULL, NULL),
(7687, 376, 10, NULL, NULL),
(7688, 377, 10, NULL, NULL),
(7689, 378, 10, NULL, NULL),
(7690, 379, 10, NULL, NULL),
(7691, 380, 10, NULL, NULL),
(7692, 381, 10, NULL, NULL),
(7693, 382, 10, NULL, NULL),
(7694, 383, 10, NULL, NULL),
(7695, 384, 10, NULL, NULL),
(7696, 385, 10, NULL, NULL),
(7697, 386, 10, NULL, NULL),
(7698, 387, 10, NULL, NULL),
(7699, 388, 10, NULL, NULL),
(7700, 389, 10, NULL, NULL),
(7701, 390, 10, NULL, NULL),
(7702, 391, 10, NULL, NULL),
(7703, 392, 10, NULL, NULL),
(7704, 393, 10, NULL, NULL),
(7705, 394, 10, NULL, NULL),
(7706, 395, 10, NULL, NULL),
(7707, 396, 10, NULL, NULL),
(7708, 397, 10, NULL, NULL),
(7709, 398, 10, NULL, NULL),
(7710, 399, 10, NULL, NULL),
(7711, 400, 10, NULL, NULL),
(7712, 401, 10, NULL, NULL),
(7713, 402, 10, NULL, NULL),
(7714, 403, 10, NULL, NULL),
(7715, 404, 10, NULL, NULL),
(7716, 405, 10, NULL, NULL),
(7717, 406, 10, NULL, NULL),
(7718, 407, 10, NULL, NULL),
(7719, 408, 10, NULL, NULL);
INSERT INTO `mar_calendario_emp` (`id_calendario_emp`, `calendario_id`, `empleado_id`, `created_at`, `updated_at`) VALUES
(7720, 409, 10, NULL, NULL),
(7721, 410, 10, NULL, NULL),
(7722, 411, 10, NULL, NULL),
(7723, 412, 10, NULL, NULL),
(7724, 413, 10, NULL, NULL),
(7725, 414, 10, NULL, NULL),
(7726, 415, 10, NULL, NULL),
(7727, 416, 10, NULL, NULL),
(7728, 417, 10, NULL, NULL),
(7729, 418, 10, NULL, NULL),
(7730, 419, 10, NULL, NULL),
(7731, 420, 10, NULL, NULL),
(7732, 421, 10, NULL, NULL),
(7733, 422, 10, NULL, NULL),
(7734, 423, 10, NULL, NULL),
(7735, 424, 10, NULL, NULL),
(7736, 425, 10, NULL, NULL),
(7737, 426, 10, NULL, NULL),
(7738, 427, 10, NULL, NULL),
(7739, 428, 10, NULL, NULL),
(7740, 429, 10, NULL, NULL),
(7741, 430, 10, NULL, NULL),
(7742, 431, 10, NULL, NULL),
(7743, 432, 10, NULL, NULL),
(7744, 433, 10, NULL, NULL),
(7745, 434, 10, NULL, NULL),
(7746, 435, 10, NULL, NULL),
(7747, 436, 10, NULL, NULL),
(7748, 437, 10, NULL, NULL),
(7749, 438, 10, NULL, NULL),
(7750, 439, 10, NULL, NULL),
(7751, 440, 10, NULL, NULL),
(7752, 441, 10, NULL, NULL),
(7753, 442, 10, NULL, NULL),
(7754, 443, 10, NULL, NULL),
(7755, 444, 10, NULL, NULL),
(7756, 445, 10, NULL, NULL),
(7757, 446, 10, NULL, NULL),
(7758, 447, 10, NULL, NULL),
(7759, 448, 10, NULL, NULL),
(7760, 449, 10, NULL, NULL),
(7761, 450, 10, NULL, NULL),
(7762, 451, 10, NULL, NULL),
(7763, 452, 10, NULL, NULL),
(7764, 453, 10, NULL, NULL),
(7765, 454, 10, NULL, NULL),
(7766, 455, 10, NULL, NULL),
(7767, 456, 10, NULL, NULL),
(7768, 457, 10, NULL, NULL),
(7769, 458, 10, NULL, NULL),
(7770, 459, 10, NULL, NULL),
(7771, 460, 10, NULL, NULL),
(7772, 461, 10, NULL, NULL),
(7773, 462, 10, NULL, NULL),
(7774, 463, 10, NULL, NULL),
(7775, 464, 10, NULL, NULL),
(7776, 465, 10, NULL, NULL),
(7777, 466, 10, NULL, NULL),
(7778, 467, 10, NULL, NULL),
(7779, 468, 10, NULL, NULL),
(7780, 469, 10, NULL, NULL),
(7781, 470, 10, NULL, NULL),
(7782, 471, 10, NULL, NULL),
(7783, 472, 10, NULL, NULL),
(7784, 473, 10, NULL, NULL),
(7785, 474, 10, NULL, NULL),
(7786, 475, 10, NULL, NULL),
(7787, 476, 10, NULL, NULL),
(7788, 477, 10, NULL, NULL),
(7789, 478, 10, NULL, NULL),
(7790, 479, 10, NULL, NULL),
(7791, 480, 10, NULL, NULL),
(7792, 481, 10, NULL, NULL),
(7793, 482, 10, NULL, NULL),
(7794, 483, 10, NULL, NULL),
(7795, 484, 10, NULL, NULL),
(7796, 485, 10, NULL, NULL),
(7797, 486, 10, NULL, NULL),
(7798, 487, 10, NULL, NULL),
(7799, 488, 10, NULL, NULL),
(7800, 489, 10, NULL, NULL),
(7801, 490, 10, NULL, NULL),
(7802, 491, 10, NULL, NULL),
(7803, 492, 10, NULL, NULL),
(7804, 493, 10, NULL, NULL),
(7805, 494, 10, NULL, NULL),
(7806, 495, 10, NULL, NULL),
(7807, 496, 10, NULL, NULL),
(7808, 497, 10, NULL, NULL),
(7809, 498, 10, NULL, NULL),
(7810, 499, 10, NULL, NULL),
(7811, 500, 10, NULL, NULL),
(7812, 501, 10, NULL, NULL),
(7813, 502, 10, NULL, NULL),
(7814, 503, 10, NULL, NULL),
(7815, 504, 10, NULL, NULL),
(7816, 505, 10, NULL, NULL),
(7817, 506, 10, NULL, NULL),
(7818, 507, 10, NULL, NULL),
(7819, 508, 10, NULL, NULL),
(7820, 509, 10, NULL, NULL),
(7821, 510, 10, NULL, NULL),
(7822, 511, 10, NULL, NULL),
(7823, 512, 10, NULL, NULL),
(7824, 513, 10, NULL, NULL),
(7825, 514, 10, NULL, NULL),
(7826, 515, 10, NULL, NULL),
(7827, 516, 10, NULL, NULL),
(7828, 517, 10, NULL, NULL),
(7829, 518, 10, NULL, NULL),
(7830, 519, 10, NULL, NULL),
(7831, 520, 10, NULL, NULL),
(7832, 521, 10, NULL, NULL),
(7833, 522, 10, NULL, NULL),
(7834, 523, 10, NULL, NULL),
(7835, 524, 10, NULL, NULL),
(7836, 525, 10, NULL, NULL),
(7837, 526, 10, NULL, NULL),
(7838, 527, 10, NULL, NULL),
(7839, 528, 10, NULL, NULL),
(7840, 529, 10, NULL, NULL),
(7841, 530, 10, NULL, NULL),
(7842, 531, 10, NULL, NULL),
(7843, 532, 10, NULL, NULL),
(7844, 533, 10, NULL, NULL),
(7845, 534, 10, NULL, NULL),
(7846, 535, 10, NULL, NULL),
(7847, 536, 10, NULL, NULL),
(7848, 537, 10, NULL, NULL),
(7849, 538, 10, NULL, NULL),
(7850, 539, 10, NULL, NULL),
(7851, 540, 10, NULL, NULL),
(7852, 541, 10, NULL, NULL),
(7853, 542, 10, NULL, NULL),
(7854, 543, 10, NULL, NULL),
(7855, 544, 10, NULL, NULL),
(7856, 545, 10, NULL, NULL),
(7857, 546, 10, NULL, NULL),
(7858, 547, 10, NULL, NULL),
(7859, 548, 10, NULL, NULL),
(7860, 549, 10, NULL, NULL),
(7861, 550, 10, NULL, NULL),
(7862, 551, 10, NULL, NULL),
(7863, 552, 10, NULL, NULL),
(7864, 553, 10, NULL, NULL),
(7865, 554, 10, NULL, NULL),
(7866, 555, 10, NULL, NULL),
(7867, 556, 10, NULL, NULL),
(7868, 557, 10, NULL, NULL),
(7869, 558, 10, NULL, NULL),
(7870, 559, 10, NULL, NULL),
(7871, 560, 10, NULL, NULL),
(7872, 561, 10, NULL, NULL),
(7873, 562, 10, NULL, NULL),
(7874, 563, 10, NULL, NULL),
(7875, 564, 10, NULL, NULL),
(7876, 565, 10, NULL, NULL),
(7877, 566, 10, NULL, NULL),
(7878, 567, 10, NULL, NULL),
(7879, 568, 10, NULL, NULL),
(7880, 569, 10, NULL, NULL),
(7881, 570, 10, NULL, NULL),
(7882, 571, 10, NULL, NULL),
(7883, 572, 10, NULL, NULL),
(7884, 573, 10, NULL, NULL),
(7885, 574, 10, NULL, NULL),
(7886, 575, 10, NULL, NULL),
(7887, 576, 10, NULL, NULL),
(7888, 577, 10, NULL, NULL),
(7889, 578, 10, NULL, NULL),
(7890, 579, 10, NULL, NULL),
(7891, 580, 10, NULL, NULL),
(7892, 581, 10, NULL, NULL),
(7893, 582, 10, NULL, NULL),
(7894, 583, 10, NULL, NULL),
(7895, 584, 10, NULL, NULL),
(7896, 585, 10, NULL, NULL),
(7897, 586, 10, NULL, NULL),
(7898, 587, 10, NULL, NULL),
(7899, 588, 10, NULL, NULL),
(7900, 589, 10, NULL, NULL),
(7901, 590, 10, NULL, NULL),
(7902, 591, 10, NULL, NULL),
(7903, 592, 10, NULL, NULL),
(7904, 593, 10, NULL, NULL),
(7905, 594, 10, NULL, NULL),
(7906, 595, 10, NULL, NULL),
(7907, 596, 10, NULL, NULL),
(7908, 597, 10, NULL, NULL),
(7909, 598, 10, NULL, NULL),
(7910, 599, 10, NULL, NULL),
(7911, 600, 10, NULL, NULL),
(7912, 601, 10, NULL, NULL),
(7913, 602, 10, NULL, NULL),
(7914, 603, 10, NULL, NULL),
(7915, 604, 10, NULL, NULL),
(7916, 605, 10, NULL, NULL),
(7917, 606, 10, NULL, NULL),
(7918, 607, 10, NULL, NULL),
(7919, 608, 10, NULL, NULL),
(7920, 609, 10, NULL, NULL),
(7921, 610, 10, NULL, NULL),
(7922, 611, 10, NULL, NULL),
(7923, 612, 10, NULL, NULL),
(7924, 613, 10, NULL, NULL),
(7925, 614, 10, NULL, NULL),
(7926, 615, 10, NULL, NULL),
(7927, 616, 10, NULL, NULL),
(7928, 617, 10, NULL, NULL),
(7929, 618, 10, NULL, NULL),
(7930, 619, 10, NULL, NULL),
(7931, 620, 10, NULL, NULL),
(7932, 621, 10, NULL, NULL),
(7933, 622, 10, NULL, NULL),
(7934, 623, 10, NULL, NULL),
(7935, 624, 10, NULL, NULL),
(7936, 625, 10, NULL, NULL),
(7937, 626, 10, NULL, NULL),
(7938, 627, 10, NULL, NULL),
(7939, 628, 10, NULL, NULL),
(7940, 629, 10, NULL, NULL),
(7941, 630, 10, NULL, NULL),
(7942, 631, 10, NULL, NULL),
(7943, 632, 10, NULL, NULL),
(7944, 633, 10, NULL, NULL),
(7945, 634, 10, NULL, NULL),
(7946, 635, 10, NULL, NULL),
(7947, 636, 10, NULL, NULL),
(7948, 637, 10, NULL, NULL),
(7949, 638, 10, NULL, NULL),
(7950, 639, 10, NULL, NULL),
(7951, 640, 10, NULL, NULL),
(7952, 641, 10, NULL, NULL),
(7953, 642, 10, NULL, NULL),
(7954, 643, 10, NULL, NULL),
(7955, 644, 10, NULL, NULL),
(7956, 645, 10, NULL, NULL),
(7957, 646, 10, NULL, NULL),
(7958, 647, 10, NULL, NULL),
(7959, 648, 10, NULL, NULL),
(7960, 649, 10, NULL, NULL),
(7961, 650, 10, NULL, NULL),
(7962, 651, 10, NULL, NULL),
(7963, 652, 10, NULL, NULL),
(7964, 653, 10, NULL, NULL),
(7965, 654, 10, NULL, NULL),
(7966, 655, 10, NULL, NULL),
(7967, 656, 10, NULL, NULL),
(7968, 657, 10, NULL, NULL),
(7969, 658, 10, NULL, NULL),
(7970, 659, 10, NULL, NULL),
(7971, 660, 10, NULL, NULL),
(7972, 661, 10, NULL, NULL),
(7973, 662, 10, NULL, NULL),
(7974, 663, 10, NULL, NULL),
(7975, 664, 10, NULL, NULL),
(7976, 665, 10, NULL, NULL),
(7977, 666, 10, NULL, NULL),
(7978, 667, 10, NULL, NULL),
(7979, 668, 10, NULL, NULL),
(7980, 669, 10, NULL, NULL),
(7981, 670, 10, NULL, NULL),
(7982, 671, 10, NULL, NULL),
(7983, 672, 10, NULL, NULL),
(7984, 673, 10, NULL, NULL),
(7985, 674, 10, NULL, NULL),
(7986, 675, 10, NULL, NULL),
(7987, 676, 10, NULL, NULL),
(7988, 677, 10, NULL, NULL),
(7989, 678, 10, NULL, NULL),
(7990, 679, 10, NULL, NULL),
(7991, 680, 10, NULL, NULL),
(7992, 681, 10, NULL, NULL),
(7993, 682, 10, NULL, NULL),
(7994, 683, 10, NULL, NULL),
(7995, 684, 10, NULL, NULL),
(7996, 685, 10, NULL, NULL),
(7997, 686, 10, NULL, NULL),
(7998, 687, 10, NULL, NULL),
(7999, 688, 10, NULL, NULL),
(8000, 689, 10, NULL, NULL),
(8001, 690, 10, NULL, NULL),
(8002, 691, 10, NULL, NULL),
(8003, 692, 10, NULL, NULL),
(8004, 693, 10, NULL, NULL),
(8005, 694, 10, NULL, NULL),
(8006, 695, 10, NULL, NULL),
(8007, 696, 10, NULL, NULL),
(8008, 697, 10, NULL, NULL),
(8009, 698, 10, NULL, NULL),
(8010, 699, 10, NULL, NULL),
(8011, 700, 10, NULL, NULL),
(8012, 701, 10, NULL, NULL),
(8013, 702, 10, NULL, NULL),
(8014, 703, 10, NULL, NULL),
(8015, 704, 10, NULL, NULL),
(8016, 705, 10, NULL, NULL),
(8017, 706, 10, NULL, NULL),
(8018, 707, 10, NULL, NULL),
(8019, 708, 10, NULL, NULL),
(8020, 709, 10, NULL, NULL),
(8021, 710, 10, NULL, NULL),
(8022, 711, 10, NULL, NULL),
(8023, 712, 10, NULL, NULL),
(8024, 713, 10, NULL, NULL),
(8025, 714, 10, NULL, NULL),
(8026, 715, 10, NULL, NULL),
(8027, 716, 10, NULL, NULL),
(8028, 717, 10, NULL, NULL),
(8029, 718, 10, NULL, NULL),
(8030, 719, 10, NULL, NULL),
(8031, 720, 10, NULL, NULL),
(8032, 721, 10, NULL, NULL),
(8033, 722, 10, NULL, NULL),
(8034, 723, 10, NULL, NULL),
(8035, 724, 10, NULL, NULL),
(8036, 725, 10, NULL, NULL),
(8037, 726, 10, NULL, NULL),
(8038, 727, 10, NULL, NULL),
(8039, 728, 10, NULL, NULL),
(8040, 729, 10, NULL, NULL),
(8041, 730, 10, NULL, NULL),
(8042, 731, 10, NULL, NULL),
(8043, 367, 11, NULL, NULL),
(8044, 368, 11, NULL, NULL),
(8045, 369, 11, NULL, NULL),
(8046, 370, 11, NULL, NULL),
(8047, 371, 11, NULL, NULL),
(8048, 372, 11, NULL, NULL),
(8049, 373, 11, NULL, NULL),
(8050, 374, 11, NULL, NULL),
(8051, 375, 11, NULL, NULL),
(8052, 376, 11, NULL, NULL),
(8053, 377, 11, NULL, NULL),
(8054, 378, 11, NULL, NULL),
(8055, 379, 11, NULL, NULL),
(8056, 380, 11, NULL, NULL),
(8057, 381, 11, NULL, NULL),
(8058, 382, 11, NULL, NULL),
(8059, 383, 11, NULL, NULL),
(8060, 384, 11, NULL, NULL),
(8061, 385, 11, NULL, NULL),
(8062, 386, 11, NULL, NULL),
(8063, 387, 11, NULL, NULL),
(8064, 388, 11, NULL, NULL),
(8065, 389, 11, NULL, NULL),
(8066, 390, 11, NULL, NULL),
(8067, 391, 11, NULL, NULL),
(8068, 392, 11, NULL, NULL),
(8069, 393, 11, NULL, NULL),
(8070, 394, 11, NULL, NULL),
(8071, 395, 11, NULL, NULL),
(8072, 396, 11, NULL, NULL),
(8073, 397, 11, NULL, NULL),
(8074, 398, 11, NULL, NULL),
(8075, 399, 11, NULL, NULL),
(8076, 400, 11, NULL, NULL),
(8077, 401, 11, NULL, NULL),
(8078, 402, 11, NULL, NULL),
(8079, 403, 11, NULL, NULL),
(8080, 404, 11, NULL, NULL),
(8081, 405, 11, NULL, NULL),
(8082, 406, 11, NULL, NULL),
(8083, 407, 11, NULL, NULL),
(8084, 408, 11, NULL, NULL),
(8085, 409, 11, NULL, NULL),
(8086, 410, 11, NULL, NULL),
(8087, 411, 11, NULL, NULL),
(8088, 412, 11, NULL, NULL),
(8089, 413, 11, NULL, NULL),
(8090, 414, 11, NULL, NULL),
(8091, 415, 11, NULL, NULL),
(8092, 416, 11, NULL, NULL),
(8093, 417, 11, NULL, NULL),
(8094, 418, 11, NULL, NULL),
(8095, 419, 11, NULL, NULL),
(8096, 420, 11, NULL, NULL),
(8097, 421, 11, NULL, NULL),
(8098, 422, 11, NULL, NULL),
(8099, 423, 11, NULL, NULL),
(8100, 424, 11, NULL, NULL),
(8101, 425, 11, NULL, NULL),
(8102, 426, 11, NULL, NULL),
(8103, 427, 11, NULL, NULL),
(8104, 428, 11, NULL, NULL),
(8105, 429, 11, NULL, NULL),
(8106, 430, 11, NULL, NULL),
(8107, 431, 11, NULL, NULL),
(8108, 432, 11, NULL, NULL),
(8109, 433, 11, NULL, NULL),
(8110, 434, 11, NULL, NULL),
(8111, 435, 11, NULL, NULL),
(8112, 436, 11, NULL, NULL),
(8113, 437, 11, NULL, NULL),
(8114, 438, 11, NULL, NULL),
(8115, 439, 11, NULL, NULL),
(8116, 440, 11, NULL, NULL),
(8117, 441, 11, NULL, NULL),
(8118, 442, 11, NULL, NULL),
(8119, 443, 11, NULL, NULL),
(8120, 444, 11, NULL, NULL),
(8121, 445, 11, NULL, NULL),
(8122, 446, 11, NULL, NULL),
(8123, 447, 11, NULL, NULL),
(8124, 448, 11, NULL, NULL),
(8125, 449, 11, NULL, NULL),
(8126, 450, 11, NULL, NULL),
(8127, 451, 11, NULL, NULL),
(8128, 452, 11, NULL, NULL),
(8129, 453, 11, NULL, NULL),
(8130, 454, 11, NULL, NULL),
(8131, 455, 11, NULL, NULL),
(8132, 456, 11, NULL, NULL),
(8133, 457, 11, NULL, NULL),
(8134, 458, 11, NULL, NULL),
(8135, 459, 11, NULL, NULL),
(8136, 460, 11, NULL, NULL),
(8137, 461, 11, NULL, NULL),
(8138, 462, 11, NULL, NULL),
(8139, 463, 11, NULL, NULL),
(8140, 464, 11, NULL, NULL),
(8141, 465, 11, NULL, NULL),
(8142, 466, 11, NULL, NULL),
(8143, 467, 11, NULL, NULL),
(8144, 468, 11, NULL, NULL),
(8145, 469, 11, NULL, NULL),
(8146, 470, 11, NULL, NULL),
(8147, 471, 11, NULL, NULL),
(8148, 472, 11, NULL, NULL),
(8149, 473, 11, NULL, NULL),
(8150, 474, 11, NULL, NULL),
(8151, 475, 11, NULL, NULL),
(8152, 476, 11, NULL, NULL),
(8153, 477, 11, NULL, NULL),
(8154, 478, 11, NULL, NULL),
(8155, 479, 11, NULL, NULL),
(8156, 480, 11, NULL, NULL),
(8157, 481, 11, NULL, NULL),
(8158, 482, 11, NULL, NULL),
(8159, 483, 11, NULL, NULL),
(8160, 484, 11, NULL, NULL),
(8161, 485, 11, NULL, NULL),
(8162, 486, 11, NULL, NULL),
(8163, 487, 11, NULL, NULL),
(8164, 488, 11, NULL, NULL),
(8165, 489, 11, NULL, NULL),
(8166, 490, 11, NULL, NULL),
(8167, 491, 11, NULL, NULL),
(8168, 492, 11, NULL, NULL),
(8169, 493, 11, NULL, NULL),
(8170, 494, 11, NULL, NULL),
(8171, 495, 11, NULL, NULL),
(8172, 496, 11, NULL, NULL),
(8173, 497, 11, NULL, NULL),
(8174, 498, 11, NULL, NULL),
(8175, 499, 11, NULL, NULL),
(8176, 500, 11, NULL, NULL),
(8177, 501, 11, NULL, NULL),
(8178, 502, 11, NULL, NULL),
(8179, 503, 11, NULL, NULL),
(8180, 504, 11, NULL, NULL),
(8181, 505, 11, NULL, NULL),
(8182, 506, 11, NULL, NULL),
(8183, 507, 11, NULL, NULL),
(8184, 508, 11, NULL, NULL),
(8185, 509, 11, NULL, NULL),
(8186, 510, 11, NULL, NULL),
(8187, 511, 11, NULL, NULL),
(8188, 512, 11, NULL, NULL),
(8189, 513, 11, NULL, NULL),
(8190, 514, 11, NULL, NULL),
(8191, 515, 11, NULL, NULL),
(8192, 516, 11, NULL, NULL),
(8193, 517, 11, NULL, NULL),
(8194, 518, 11, NULL, NULL),
(8195, 519, 11, NULL, NULL),
(8196, 520, 11, NULL, NULL),
(8197, 521, 11, NULL, NULL),
(8198, 522, 11, NULL, NULL),
(8199, 523, 11, NULL, NULL),
(8200, 524, 11, NULL, NULL),
(8201, 525, 11, NULL, NULL),
(8202, 526, 11, NULL, NULL),
(8203, 527, 11, NULL, NULL),
(8204, 528, 11, NULL, NULL),
(8205, 529, 11, NULL, NULL),
(8206, 530, 11, NULL, NULL),
(8207, 531, 11, NULL, NULL),
(8208, 532, 11, NULL, NULL),
(8209, 533, 11, NULL, NULL),
(8210, 534, 11, NULL, NULL),
(8211, 535, 11, NULL, NULL),
(8212, 536, 11, NULL, NULL),
(8213, 537, 11, NULL, NULL),
(8214, 538, 11, NULL, NULL),
(8215, 539, 11, NULL, NULL),
(8216, 540, 11, NULL, NULL),
(8217, 541, 11, NULL, NULL),
(8218, 542, 11, NULL, NULL),
(8219, 543, 11, NULL, NULL),
(8220, 544, 11, NULL, NULL),
(8221, 545, 11, NULL, NULL),
(8222, 546, 11, NULL, NULL),
(8223, 547, 11, NULL, NULL),
(8224, 548, 11, NULL, NULL),
(8225, 549, 11, NULL, NULL),
(8226, 550, 11, NULL, NULL),
(8227, 551, 11, NULL, NULL),
(8228, 552, 11, NULL, NULL),
(8229, 553, 11, NULL, NULL),
(8230, 554, 11, NULL, NULL),
(8231, 555, 11, NULL, NULL),
(8232, 556, 11, NULL, NULL),
(8233, 557, 11, NULL, NULL),
(8234, 558, 11, NULL, NULL),
(8235, 559, 11, NULL, NULL),
(8236, 560, 11, NULL, NULL),
(8237, 561, 11, NULL, NULL),
(8238, 562, 11, NULL, NULL),
(8239, 563, 11, NULL, NULL),
(8240, 564, 11, NULL, NULL),
(8241, 565, 11, NULL, NULL),
(8242, 566, 11, NULL, NULL),
(8243, 567, 11, NULL, NULL),
(8244, 568, 11, NULL, NULL),
(8245, 569, 11, NULL, NULL),
(8246, 570, 11, NULL, NULL),
(8247, 571, 11, NULL, NULL),
(8248, 572, 11, NULL, NULL),
(8249, 573, 11, NULL, NULL),
(8250, 574, 11, NULL, NULL),
(8251, 575, 11, NULL, NULL),
(8252, 576, 11, NULL, NULL),
(8253, 577, 11, NULL, NULL),
(8254, 578, 11, NULL, NULL),
(8255, 579, 11, NULL, NULL),
(8256, 580, 11, NULL, NULL),
(8257, 581, 11, NULL, NULL),
(8258, 582, 11, NULL, NULL),
(8259, 583, 11, NULL, NULL),
(8260, 584, 11, NULL, NULL),
(8261, 585, 11, NULL, NULL),
(8262, 586, 11, NULL, NULL),
(8263, 587, 11, NULL, NULL),
(8264, 588, 11, NULL, NULL),
(8265, 589, 11, NULL, NULL),
(8266, 590, 11, NULL, NULL),
(8267, 591, 11, NULL, NULL),
(8268, 592, 11, NULL, NULL),
(8269, 593, 11, NULL, NULL),
(8270, 594, 11, NULL, NULL),
(8271, 595, 11, NULL, NULL),
(8272, 596, 11, NULL, NULL),
(8273, 597, 11, NULL, NULL),
(8274, 598, 11, NULL, NULL),
(8275, 599, 11, NULL, NULL),
(8276, 600, 11, NULL, NULL),
(8277, 601, 11, NULL, NULL),
(8278, 602, 11, NULL, NULL),
(8279, 603, 11, NULL, NULL),
(8280, 604, 11, NULL, NULL),
(8281, 605, 11, NULL, NULL),
(8282, 606, 11, NULL, NULL),
(8283, 607, 11, NULL, NULL),
(8284, 608, 11, NULL, NULL),
(8285, 609, 11, NULL, NULL),
(8286, 610, 11, NULL, NULL),
(8287, 611, 11, NULL, NULL),
(8288, 612, 11, NULL, NULL),
(8289, 613, 11, NULL, NULL),
(8290, 614, 11, NULL, NULL),
(8291, 615, 11, NULL, NULL),
(8292, 616, 11, NULL, NULL),
(8293, 617, 11, NULL, NULL),
(8294, 618, 11, NULL, NULL),
(8295, 619, 11, NULL, NULL),
(8296, 620, 11, NULL, NULL),
(8297, 621, 11, NULL, NULL),
(8298, 622, 11, NULL, NULL),
(8299, 623, 11, NULL, NULL),
(8300, 624, 11, NULL, NULL),
(8301, 625, 11, NULL, NULL),
(8302, 626, 11, NULL, NULL),
(8303, 627, 11, NULL, NULL),
(8304, 628, 11, NULL, NULL),
(8305, 629, 11, NULL, NULL),
(8306, 630, 11, NULL, NULL),
(8307, 631, 11, NULL, NULL),
(8308, 632, 11, NULL, NULL),
(8309, 633, 11, NULL, NULL),
(8310, 634, 11, NULL, NULL),
(8311, 635, 11, NULL, NULL),
(8312, 636, 11, NULL, NULL),
(8313, 637, 11, NULL, NULL),
(8314, 638, 11, NULL, NULL),
(8315, 639, 11, NULL, NULL),
(8316, 640, 11, NULL, NULL),
(8317, 641, 11, NULL, NULL),
(8318, 642, 11, NULL, NULL),
(8319, 643, 11, NULL, NULL),
(8320, 644, 11, NULL, NULL),
(8321, 645, 11, NULL, NULL),
(8322, 646, 11, NULL, NULL),
(8323, 647, 11, NULL, NULL),
(8324, 648, 11, NULL, NULL),
(8325, 649, 11, NULL, NULL),
(8326, 650, 11, NULL, NULL),
(8327, 651, 11, NULL, NULL),
(8328, 652, 11, NULL, NULL),
(8329, 653, 11, NULL, NULL),
(8330, 654, 11, NULL, NULL),
(8331, 655, 11, NULL, NULL),
(8332, 656, 11, NULL, NULL),
(8333, 657, 11, NULL, NULL),
(8334, 658, 11, NULL, NULL),
(8335, 659, 11, NULL, NULL),
(8336, 660, 11, NULL, NULL),
(8337, 661, 11, NULL, NULL),
(8338, 662, 11, NULL, NULL),
(8339, 663, 11, NULL, NULL),
(8340, 664, 11, NULL, NULL),
(8341, 665, 11, NULL, NULL),
(8342, 666, 11, NULL, NULL),
(8343, 667, 11, NULL, NULL),
(8344, 668, 11, NULL, NULL),
(8345, 669, 11, NULL, NULL),
(8346, 670, 11, NULL, NULL),
(8347, 671, 11, NULL, NULL),
(8348, 672, 11, NULL, NULL),
(8349, 673, 11, NULL, NULL),
(8350, 674, 11, NULL, NULL),
(8351, 675, 11, NULL, NULL),
(8352, 676, 11, NULL, NULL),
(8353, 677, 11, NULL, NULL),
(8354, 678, 11, NULL, NULL),
(8355, 679, 11, NULL, NULL),
(8356, 680, 11, NULL, NULL),
(8357, 681, 11, NULL, NULL),
(8358, 682, 11, NULL, NULL),
(8359, 683, 11, NULL, NULL),
(8360, 684, 11, NULL, NULL),
(8361, 685, 11, NULL, NULL),
(8362, 686, 11, NULL, NULL),
(8363, 687, 11, NULL, NULL),
(8364, 688, 11, NULL, NULL),
(8365, 689, 11, NULL, NULL),
(8366, 690, 11, NULL, NULL),
(8367, 691, 11, NULL, NULL),
(8368, 692, 11, NULL, NULL),
(8369, 693, 11, NULL, NULL),
(8370, 694, 11, NULL, NULL),
(8371, 695, 11, NULL, NULL),
(8372, 696, 11, NULL, NULL),
(8373, 697, 11, NULL, NULL),
(8374, 698, 11, NULL, NULL),
(8375, 699, 11, NULL, NULL),
(8376, 700, 11, NULL, NULL),
(8377, 701, 11, NULL, NULL),
(8378, 702, 11, NULL, NULL),
(8379, 703, 11, NULL, NULL),
(8380, 704, 11, NULL, NULL),
(8381, 705, 11, NULL, NULL),
(8382, 706, 11, NULL, NULL),
(8383, 707, 11, NULL, NULL),
(8384, 708, 11, NULL, NULL),
(8385, 709, 11, NULL, NULL),
(8386, 710, 11, NULL, NULL),
(8387, 711, 11, NULL, NULL),
(8388, 712, 11, NULL, NULL),
(8389, 713, 11, NULL, NULL),
(8390, 714, 11, NULL, NULL),
(8391, 715, 11, NULL, NULL),
(8392, 716, 11, NULL, NULL),
(8393, 717, 11, NULL, NULL),
(8394, 718, 11, NULL, NULL),
(8395, 719, 11, NULL, NULL),
(8396, 720, 11, NULL, NULL),
(8397, 721, 11, NULL, NULL),
(8398, 722, 11, NULL, NULL),
(8399, 723, 11, NULL, NULL),
(8400, 724, 11, NULL, NULL),
(8401, 725, 11, NULL, NULL),
(8402, 726, 11, NULL, NULL),
(8403, 727, 11, NULL, NULL),
(8404, 728, 11, NULL, NULL),
(8405, 729, 11, NULL, NULL),
(8406, 730, 11, NULL, NULL),
(8407, 731, 11, NULL, NULL),
(8408, 367, 12, NULL, NULL),
(8409, 368, 12, NULL, NULL),
(8410, 369, 12, NULL, NULL),
(8411, 370, 12, NULL, NULL),
(8412, 371, 12, NULL, NULL),
(8413, 372, 12, NULL, NULL),
(8414, 373, 12, NULL, NULL),
(8415, 374, 12, NULL, NULL),
(8416, 375, 12, NULL, NULL),
(8417, 376, 12, NULL, NULL),
(8418, 377, 12, NULL, NULL),
(8419, 378, 12, NULL, NULL),
(8420, 379, 12, NULL, NULL),
(8421, 380, 12, NULL, NULL),
(8422, 381, 12, NULL, NULL),
(8423, 382, 12, NULL, NULL),
(8424, 383, 12, NULL, NULL),
(8425, 384, 12, NULL, NULL),
(8426, 385, 12, NULL, NULL),
(8427, 386, 12, NULL, NULL),
(8428, 387, 12, NULL, NULL),
(8429, 388, 12, NULL, NULL),
(8430, 389, 12, NULL, NULL),
(8431, 390, 12, NULL, NULL),
(8432, 391, 12, NULL, NULL),
(8433, 392, 12, NULL, NULL),
(8434, 393, 12, NULL, NULL),
(8435, 394, 12, NULL, NULL),
(8436, 395, 12, NULL, NULL),
(8437, 396, 12, NULL, NULL),
(8438, 397, 12, NULL, NULL),
(8439, 398, 12, NULL, NULL),
(8440, 399, 12, NULL, NULL),
(8441, 400, 12, NULL, NULL),
(8442, 401, 12, NULL, NULL),
(8443, 402, 12, NULL, NULL),
(8444, 403, 12, NULL, NULL),
(8445, 404, 12, NULL, NULL),
(8446, 405, 12, NULL, NULL),
(8447, 406, 12, NULL, NULL),
(8448, 407, 12, NULL, NULL),
(8449, 408, 12, NULL, NULL),
(8450, 409, 12, NULL, NULL),
(8451, 410, 12, NULL, NULL),
(8452, 411, 12, NULL, NULL),
(8453, 412, 12, NULL, NULL),
(8454, 413, 12, NULL, NULL),
(8455, 414, 12, NULL, NULL),
(8456, 415, 12, NULL, NULL),
(8457, 416, 12, NULL, NULL),
(8458, 417, 12, NULL, NULL),
(8459, 418, 12, NULL, NULL),
(8460, 419, 12, NULL, NULL),
(8461, 420, 12, NULL, NULL),
(8462, 421, 12, NULL, NULL),
(8463, 422, 12, NULL, NULL),
(8464, 423, 12, NULL, NULL),
(8465, 424, 12, NULL, NULL),
(8466, 425, 12, NULL, NULL),
(8467, 426, 12, NULL, NULL),
(8468, 427, 12, NULL, NULL),
(8469, 428, 12, NULL, NULL),
(8470, 429, 12, NULL, NULL),
(8471, 430, 12, NULL, NULL),
(8472, 431, 12, NULL, NULL),
(8473, 432, 12, NULL, NULL),
(8474, 433, 12, NULL, NULL),
(8475, 434, 12, NULL, NULL),
(8476, 435, 12, NULL, NULL),
(8477, 436, 12, NULL, NULL),
(8478, 437, 12, NULL, NULL),
(8479, 438, 12, NULL, NULL),
(8480, 439, 12, NULL, NULL),
(8481, 440, 12, NULL, NULL),
(8482, 441, 12, NULL, NULL),
(8483, 442, 12, NULL, NULL),
(8484, 443, 12, NULL, NULL),
(8485, 444, 12, NULL, NULL),
(8486, 445, 12, NULL, NULL),
(8487, 446, 12, NULL, NULL),
(8488, 447, 12, NULL, NULL),
(8489, 448, 12, NULL, NULL),
(8490, 449, 12, NULL, NULL),
(8491, 450, 12, NULL, NULL),
(8492, 451, 12, NULL, NULL),
(8493, 452, 12, NULL, NULL),
(8494, 453, 12, NULL, NULL),
(8495, 454, 12, NULL, NULL),
(8496, 455, 12, NULL, NULL),
(8497, 456, 12, NULL, NULL),
(8498, 457, 12, NULL, NULL),
(8499, 458, 12, NULL, NULL),
(8500, 459, 12, NULL, NULL),
(8501, 460, 12, NULL, NULL),
(8502, 461, 12, NULL, NULL),
(8503, 462, 12, NULL, NULL),
(8504, 463, 12, NULL, NULL),
(8505, 464, 12, NULL, NULL),
(8506, 465, 12, NULL, NULL),
(8507, 466, 12, NULL, NULL),
(8508, 467, 12, NULL, NULL),
(8509, 468, 12, NULL, NULL),
(8510, 469, 12, NULL, NULL),
(8511, 470, 12, NULL, NULL),
(8512, 471, 12, NULL, NULL),
(8513, 472, 12, NULL, NULL),
(8514, 473, 12, NULL, NULL),
(8515, 474, 12, NULL, NULL),
(8516, 475, 12, NULL, NULL),
(8517, 476, 12, NULL, NULL),
(8518, 477, 12, NULL, NULL),
(8519, 478, 12, NULL, NULL),
(8520, 479, 12, NULL, NULL),
(8521, 480, 12, NULL, NULL),
(8522, 481, 12, NULL, NULL),
(8523, 482, 12, NULL, NULL),
(8524, 483, 12, NULL, NULL),
(8525, 484, 12, NULL, NULL),
(8526, 485, 12, NULL, NULL),
(8527, 486, 12, NULL, NULL),
(8528, 487, 12, NULL, NULL),
(8529, 488, 12, NULL, NULL),
(8530, 489, 12, NULL, NULL),
(8531, 490, 12, NULL, NULL),
(8532, 491, 12, NULL, NULL),
(8533, 492, 12, NULL, NULL),
(8534, 493, 12, NULL, NULL),
(8535, 494, 12, NULL, NULL),
(8536, 495, 12, NULL, NULL),
(8537, 496, 12, NULL, NULL),
(8538, 497, 12, NULL, NULL),
(8539, 498, 12, NULL, NULL),
(8540, 499, 12, NULL, NULL),
(8541, 500, 12, NULL, NULL),
(8542, 501, 12, NULL, NULL),
(8543, 502, 12, NULL, NULL),
(8544, 503, 12, NULL, NULL),
(8545, 504, 12, NULL, NULL),
(8546, 505, 12, NULL, NULL),
(8547, 506, 12, NULL, NULL),
(8548, 507, 12, NULL, NULL),
(8549, 508, 12, NULL, NULL),
(8550, 509, 12, NULL, NULL),
(8551, 510, 12, NULL, NULL),
(8552, 511, 12, NULL, NULL),
(8553, 512, 12, NULL, NULL),
(8554, 513, 12, NULL, NULL),
(8555, 514, 12, NULL, NULL),
(8556, 515, 12, NULL, NULL),
(8557, 516, 12, NULL, NULL),
(8558, 517, 12, NULL, NULL),
(8559, 518, 12, NULL, NULL),
(8560, 519, 12, NULL, NULL),
(8561, 520, 12, NULL, NULL),
(8562, 521, 12, NULL, NULL),
(8563, 522, 12, NULL, NULL),
(8564, 523, 12, NULL, NULL),
(8565, 524, 12, NULL, NULL),
(8566, 525, 12, NULL, NULL),
(8567, 526, 12, NULL, NULL),
(8568, 527, 12, NULL, NULL),
(8569, 528, 12, NULL, NULL),
(8570, 529, 12, NULL, NULL),
(8571, 530, 12, NULL, NULL),
(8572, 531, 12, NULL, NULL),
(8573, 532, 12, NULL, NULL),
(8574, 533, 12, NULL, NULL),
(8575, 534, 12, NULL, NULL),
(8576, 535, 12, NULL, NULL),
(8577, 536, 12, NULL, NULL),
(8578, 537, 12, NULL, NULL),
(8579, 538, 12, NULL, NULL),
(8580, 539, 12, NULL, NULL),
(8581, 540, 12, NULL, NULL),
(8582, 541, 12, NULL, NULL),
(8583, 542, 12, NULL, NULL),
(8584, 543, 12, NULL, NULL),
(8585, 544, 12, NULL, NULL),
(8586, 545, 12, NULL, NULL),
(8587, 546, 12, NULL, NULL),
(8588, 547, 12, NULL, NULL),
(8589, 548, 12, NULL, NULL),
(8590, 549, 12, NULL, NULL),
(8591, 550, 12, NULL, NULL),
(8592, 551, 12, NULL, NULL),
(8593, 552, 12, NULL, NULL),
(8594, 553, 12, NULL, NULL),
(8595, 554, 12, NULL, NULL),
(8596, 555, 12, NULL, NULL),
(8597, 556, 12, NULL, NULL),
(8598, 557, 12, NULL, NULL),
(8599, 558, 12, NULL, NULL),
(8600, 559, 12, NULL, NULL),
(8601, 560, 12, NULL, NULL),
(8602, 561, 12, NULL, NULL),
(8603, 562, 12, NULL, NULL),
(8604, 563, 12, NULL, NULL),
(8605, 564, 12, NULL, NULL),
(8606, 565, 12, NULL, NULL),
(8607, 566, 12, NULL, NULL),
(8608, 567, 12, NULL, NULL),
(8609, 568, 12, NULL, NULL),
(8610, 569, 12, NULL, NULL),
(8611, 570, 12, NULL, NULL),
(8612, 571, 12, NULL, NULL),
(8613, 572, 12, NULL, NULL),
(8614, 573, 12, NULL, NULL),
(8615, 574, 12, NULL, NULL),
(8616, 575, 12, NULL, NULL),
(8617, 576, 12, NULL, NULL),
(8618, 577, 12, NULL, NULL),
(8619, 578, 12, NULL, NULL),
(8620, 579, 12, NULL, NULL),
(8621, 580, 12, NULL, NULL),
(8622, 581, 12, NULL, NULL),
(8623, 582, 12, NULL, NULL),
(8624, 583, 12, NULL, NULL),
(8625, 584, 12, NULL, NULL),
(8626, 585, 12, NULL, NULL),
(8627, 586, 12, NULL, NULL),
(8628, 587, 12, NULL, NULL),
(8629, 588, 12, NULL, NULL),
(8630, 589, 12, NULL, NULL),
(8631, 590, 12, NULL, NULL),
(8632, 591, 12, NULL, NULL),
(8633, 592, 12, NULL, NULL),
(8634, 593, 12, NULL, NULL),
(8635, 594, 12, NULL, NULL),
(8636, 595, 12, NULL, NULL),
(8637, 596, 12, NULL, NULL),
(8638, 597, 12, NULL, NULL),
(8639, 598, 12, NULL, NULL),
(8640, 599, 12, NULL, NULL),
(8641, 600, 12, NULL, NULL),
(8642, 601, 12, NULL, NULL),
(8643, 602, 12, NULL, NULL),
(8644, 603, 12, NULL, NULL),
(8645, 604, 12, NULL, NULL),
(8646, 605, 12, NULL, NULL),
(8647, 606, 12, NULL, NULL),
(8648, 607, 12, NULL, NULL),
(8649, 608, 12, NULL, NULL),
(8650, 609, 12, NULL, NULL),
(8651, 610, 12, NULL, NULL),
(8652, 611, 12, NULL, NULL),
(8653, 612, 12, NULL, NULL),
(8654, 613, 12, NULL, NULL),
(8655, 614, 12, NULL, NULL),
(8656, 615, 12, NULL, NULL),
(8657, 616, 12, NULL, NULL),
(8658, 617, 12, NULL, NULL),
(8659, 618, 12, NULL, NULL),
(8660, 619, 12, NULL, NULL),
(8661, 620, 12, NULL, NULL),
(8662, 621, 12, NULL, NULL),
(8663, 622, 12, NULL, NULL),
(8664, 623, 12, NULL, NULL),
(8665, 624, 12, NULL, NULL),
(8666, 625, 12, NULL, NULL),
(8667, 626, 12, NULL, NULL),
(8668, 627, 12, NULL, NULL),
(8669, 628, 12, NULL, NULL),
(8670, 629, 12, NULL, NULL),
(8671, 630, 12, NULL, NULL),
(8672, 631, 12, NULL, NULL),
(8673, 632, 12, NULL, NULL),
(8674, 633, 12, NULL, NULL),
(8675, 634, 12, NULL, NULL),
(8676, 635, 12, NULL, NULL),
(8677, 636, 12, NULL, NULL),
(8678, 637, 12, NULL, NULL),
(8679, 638, 12, NULL, NULL),
(8680, 639, 12, NULL, NULL),
(8681, 640, 12, NULL, NULL),
(8682, 641, 12, NULL, NULL),
(8683, 642, 12, NULL, NULL),
(8684, 643, 12, NULL, NULL),
(8685, 644, 12, NULL, NULL),
(8686, 645, 12, NULL, NULL),
(8687, 646, 12, NULL, NULL),
(8688, 647, 12, NULL, NULL),
(8689, 648, 12, NULL, NULL),
(8690, 649, 12, NULL, NULL),
(8691, 650, 12, NULL, NULL),
(8692, 651, 12, NULL, NULL),
(8693, 652, 12, NULL, NULL),
(8694, 653, 12, NULL, NULL),
(8695, 654, 12, NULL, NULL),
(8696, 655, 12, NULL, NULL),
(8697, 656, 12, NULL, NULL),
(8698, 657, 12, NULL, NULL),
(8699, 658, 12, NULL, NULL),
(8700, 659, 12, NULL, NULL),
(8701, 660, 12, NULL, NULL),
(8702, 661, 12, NULL, NULL),
(8703, 662, 12, NULL, NULL),
(8704, 663, 12, NULL, NULL),
(8705, 664, 12, NULL, NULL),
(8706, 665, 12, NULL, NULL),
(8707, 666, 12, NULL, NULL),
(8708, 667, 12, NULL, NULL),
(8709, 668, 12, NULL, NULL),
(8710, 669, 12, NULL, NULL),
(8711, 670, 12, NULL, NULL),
(8712, 671, 12, NULL, NULL),
(8713, 672, 12, NULL, NULL),
(8714, 673, 12, NULL, NULL),
(8715, 674, 12, NULL, NULL),
(8716, 675, 12, NULL, NULL),
(8717, 676, 12, NULL, NULL),
(8718, 677, 12, NULL, NULL),
(8719, 678, 12, NULL, NULL),
(8720, 679, 12, NULL, NULL),
(8721, 680, 12, NULL, NULL),
(8722, 681, 12, NULL, NULL),
(8723, 682, 12, NULL, NULL),
(8724, 683, 12, NULL, NULL),
(8725, 684, 12, NULL, NULL),
(8726, 685, 12, NULL, NULL),
(8727, 686, 12, NULL, NULL),
(8728, 687, 12, NULL, NULL),
(8729, 688, 12, NULL, NULL),
(8730, 689, 12, NULL, NULL),
(8731, 690, 12, NULL, NULL),
(8732, 691, 12, NULL, NULL),
(8733, 692, 12, NULL, NULL),
(8734, 693, 12, NULL, NULL),
(8735, 694, 12, NULL, NULL),
(8736, 695, 12, NULL, NULL),
(8737, 696, 12, NULL, NULL),
(8738, 697, 12, NULL, NULL),
(8739, 698, 12, NULL, NULL),
(8740, 699, 12, NULL, NULL),
(8741, 700, 12, NULL, NULL),
(8742, 701, 12, NULL, NULL),
(8743, 702, 12, NULL, NULL),
(8744, 703, 12, NULL, NULL),
(8745, 704, 12, NULL, NULL),
(8746, 705, 12, NULL, NULL),
(8747, 706, 12, NULL, NULL),
(8748, 707, 12, NULL, NULL),
(8749, 708, 12, NULL, NULL),
(8750, 709, 12, NULL, NULL),
(8751, 710, 12, NULL, NULL),
(8752, 711, 12, NULL, NULL),
(8753, 712, 12, NULL, NULL),
(8754, 713, 12, NULL, NULL),
(8755, 714, 12, NULL, NULL),
(8756, 715, 12, NULL, NULL),
(8757, 716, 12, NULL, NULL),
(8758, 717, 12, NULL, NULL),
(8759, 718, 12, NULL, NULL),
(8760, 719, 12, NULL, NULL),
(8761, 720, 12, NULL, NULL),
(8762, 721, 12, NULL, NULL),
(8763, 722, 12, NULL, NULL),
(8764, 723, 12, NULL, NULL),
(8765, 724, 12, NULL, NULL),
(8766, 725, 12, NULL, NULL),
(8767, 726, 12, NULL, NULL),
(8768, 727, 12, NULL, NULL),
(8769, 728, 12, NULL, NULL),
(8770, 729, 12, NULL, NULL),
(8771, 730, 12, NULL, NULL),
(8772, 731, 12, NULL, NULL),
(8773, 732, 1, NULL, NULL),
(8774, 733, 1, NULL, NULL),
(8775, 734, 1, NULL, NULL),
(8776, 735, 1, NULL, NULL),
(8777, 736, 1, NULL, NULL),
(8778, 737, 1, NULL, NULL),
(8779, 738, 1, NULL, NULL),
(8780, 739, 1, NULL, NULL),
(8781, 740, 1, NULL, NULL),
(8782, 741, 1, NULL, NULL),
(8783, 742, 1, NULL, NULL),
(8784, 743, 1, NULL, NULL),
(8785, 744, 1, NULL, NULL),
(8786, 745, 1, NULL, NULL),
(8787, 746, 1, NULL, NULL),
(8788, 747, 1, NULL, NULL),
(8789, 748, 1, NULL, NULL),
(8790, 749, 1, NULL, NULL),
(8791, 750, 1, NULL, NULL),
(8792, 751, 1, NULL, NULL),
(8793, 752, 1, NULL, NULL),
(8794, 753, 1, NULL, NULL),
(8795, 754, 1, NULL, NULL),
(8796, 755, 1, NULL, NULL),
(8797, 756, 1, NULL, NULL),
(8798, 757, 1, NULL, NULL),
(8799, 758, 1, NULL, NULL),
(8800, 759, 1, NULL, NULL),
(8801, 760, 1, NULL, NULL),
(8802, 761, 1, NULL, NULL),
(8803, 762, 1, NULL, NULL),
(8804, 763, 1, NULL, NULL),
(8805, 764, 1, NULL, NULL),
(8806, 765, 1, NULL, NULL),
(8807, 766, 1, NULL, NULL),
(8808, 767, 1, NULL, NULL),
(8809, 768, 1, NULL, NULL),
(8810, 769, 1, NULL, NULL),
(8811, 770, 1, NULL, NULL),
(8812, 771, 1, NULL, NULL),
(8813, 772, 1, NULL, NULL),
(8814, 773, 1, NULL, NULL),
(8815, 774, 1, NULL, NULL),
(8816, 775, 1, NULL, NULL),
(8817, 776, 1, NULL, NULL),
(8818, 777, 1, NULL, NULL),
(8819, 778, 1, NULL, NULL),
(8820, 779, 1, NULL, NULL),
(8821, 780, 1, NULL, NULL),
(8822, 781, 1, NULL, NULL),
(8823, 782, 1, NULL, NULL),
(8824, 783, 1, NULL, NULL),
(8825, 784, 1, NULL, NULL),
(8826, 785, 1, NULL, NULL),
(8827, 786, 1, NULL, NULL),
(8828, 787, 1, NULL, NULL),
(8829, 788, 1, NULL, NULL),
(8830, 789, 1, NULL, NULL),
(8831, 790, 1, NULL, NULL),
(8832, 791, 1, NULL, NULL),
(8833, 792, 1, NULL, NULL),
(8834, 793, 1, NULL, NULL),
(8835, 794, 1, NULL, NULL),
(8836, 795, 1, NULL, NULL),
(8837, 796, 1, NULL, NULL),
(8838, 797, 1, NULL, NULL),
(8839, 798, 1, NULL, NULL),
(8840, 799, 1, NULL, NULL),
(8841, 800, 1, NULL, NULL),
(8842, 801, 1, NULL, NULL),
(8843, 802, 1, NULL, NULL),
(8844, 803, 1, NULL, NULL),
(8845, 804, 1, NULL, NULL),
(8846, 805, 1, NULL, NULL),
(8847, 806, 1, NULL, NULL),
(8848, 807, 1, NULL, NULL),
(8849, 808, 1, NULL, NULL),
(8850, 809, 1, NULL, NULL),
(8851, 810, 1, NULL, NULL),
(8852, 811, 1, NULL, NULL),
(8853, 812, 1, NULL, NULL),
(8854, 813, 1, NULL, NULL),
(8855, 814, 1, NULL, NULL),
(8856, 815, 1, NULL, NULL),
(8857, 816, 1, NULL, NULL),
(8858, 817, 1, NULL, NULL),
(8859, 818, 1, NULL, NULL),
(8860, 819, 1, NULL, NULL),
(8861, 820, 1, NULL, NULL),
(8862, 821, 1, NULL, NULL),
(8863, 822, 1, NULL, NULL),
(8864, 823, 1, NULL, NULL),
(8865, 824, 1, NULL, NULL),
(8866, 825, 1, NULL, NULL),
(8867, 826, 1, NULL, NULL),
(8868, 827, 1, NULL, NULL),
(8869, 828, 1, NULL, NULL),
(8870, 829, 1, NULL, NULL),
(8871, 830, 1, NULL, NULL),
(8872, 831, 1, NULL, NULL),
(8873, 832, 1, NULL, NULL),
(8874, 833, 1, NULL, NULL),
(8875, 834, 1, NULL, NULL),
(8876, 835, 1, NULL, NULL),
(8877, 836, 1, NULL, NULL),
(8878, 837, 1, NULL, NULL),
(8879, 838, 1, NULL, NULL),
(8880, 839, 1, NULL, NULL),
(8881, 840, 1, NULL, NULL),
(8882, 841, 1, NULL, NULL),
(8883, 842, 1, NULL, NULL),
(8884, 843, 1, NULL, NULL),
(8885, 844, 1, NULL, NULL),
(8886, 845, 1, NULL, NULL),
(8887, 846, 1, NULL, NULL),
(8888, 847, 1, NULL, NULL),
(8889, 848, 1, NULL, NULL),
(8890, 849, 1, NULL, NULL),
(8891, 850, 1, NULL, NULL),
(8892, 851, 1, NULL, NULL),
(8893, 852, 1, NULL, NULL),
(8894, 853, 1, NULL, NULL),
(8895, 854, 1, NULL, NULL),
(8896, 855, 1, NULL, NULL),
(8897, 856, 1, NULL, NULL),
(8898, 857, 1, NULL, NULL),
(8899, 858, 1, NULL, NULL),
(8900, 859, 1, NULL, NULL),
(8901, 860, 1, NULL, NULL),
(8902, 861, 1, NULL, NULL),
(8903, 862, 1, NULL, NULL),
(8904, 863, 1, NULL, NULL),
(8905, 864, 1, NULL, NULL),
(8906, 865, 1, NULL, NULL),
(8907, 866, 1, NULL, NULL),
(8908, 867, 1, NULL, NULL),
(8909, 868, 1, NULL, NULL),
(8910, 869, 1, NULL, NULL),
(8911, 870, 1, NULL, NULL),
(8912, 871, 1, NULL, NULL),
(8913, 872, 1, NULL, NULL),
(8914, 873, 1, NULL, NULL),
(8915, 874, 1, NULL, NULL),
(8916, 875, 1, NULL, NULL),
(8917, 876, 1, NULL, NULL),
(8918, 877, 1, NULL, NULL),
(8919, 878, 1, NULL, NULL),
(8920, 879, 1, NULL, NULL),
(8921, 880, 1, NULL, NULL),
(8922, 881, 1, NULL, NULL),
(8923, 882, 1, NULL, NULL),
(8924, 883, 1, NULL, NULL),
(8925, 884, 1, NULL, NULL),
(8926, 885, 1, NULL, NULL),
(8927, 886, 1, NULL, NULL),
(8928, 887, 1, NULL, NULL),
(8929, 888, 1, NULL, NULL),
(8930, 889, 1, NULL, NULL),
(8931, 890, 1, NULL, NULL),
(8932, 891, 1, NULL, NULL),
(8933, 892, 1, NULL, NULL),
(8934, 893, 1, NULL, NULL),
(8935, 894, 1, NULL, NULL),
(8936, 895, 1, NULL, NULL),
(8937, 896, 1, NULL, NULL),
(8938, 897, 1, NULL, NULL),
(8939, 898, 1, NULL, NULL),
(8940, 899, 1, NULL, NULL),
(8941, 900, 1, NULL, NULL),
(8942, 901, 1, NULL, NULL),
(8943, 902, 1, NULL, NULL),
(8944, 903, 1, NULL, NULL),
(8945, 904, 1, NULL, NULL),
(8946, 905, 1, NULL, NULL),
(8947, 906, 1, NULL, NULL),
(8948, 907, 1, NULL, NULL),
(8949, 908, 1, NULL, NULL),
(8950, 909, 1, NULL, NULL),
(8951, 910, 1, NULL, NULL),
(8952, 911, 1, NULL, NULL),
(8953, 912, 1, NULL, NULL),
(8954, 913, 1, NULL, NULL),
(8955, 914, 1, NULL, NULL),
(8956, 915, 1, NULL, NULL),
(8957, 916, 1, NULL, NULL),
(8958, 917, 1, NULL, NULL),
(8959, 918, 1, NULL, NULL),
(8960, 919, 1, NULL, NULL),
(8961, 920, 1, NULL, NULL),
(8962, 921, 1, NULL, NULL),
(8963, 922, 1, NULL, NULL),
(8964, 923, 1, NULL, NULL),
(8965, 924, 1, NULL, NULL),
(8966, 925, 1, NULL, NULL),
(8967, 926, 1, NULL, NULL),
(8968, 927, 1, NULL, NULL),
(8969, 928, 1, NULL, NULL),
(8970, 929, 1, NULL, NULL),
(8971, 930, 1, NULL, NULL),
(8972, 931, 1, NULL, NULL),
(8973, 932, 1, NULL, NULL),
(8974, 933, 1, NULL, NULL),
(8975, 934, 1, NULL, NULL),
(8976, 935, 1, NULL, NULL),
(8977, 936, 1, NULL, NULL),
(8978, 937, 1, NULL, NULL),
(8979, 938, 1, NULL, NULL),
(8980, 939, 1, NULL, NULL),
(8981, 940, 1, NULL, NULL),
(8982, 941, 1, NULL, NULL),
(8983, 942, 1, NULL, NULL),
(8984, 943, 1, NULL, NULL),
(8985, 944, 1, NULL, NULL),
(8986, 945, 1, NULL, NULL),
(8987, 946, 1, NULL, NULL),
(8988, 947, 1, NULL, NULL),
(8989, 948, 1, NULL, NULL),
(8990, 949, 1, NULL, NULL),
(8991, 950, 1, NULL, NULL),
(8992, 951, 1, NULL, NULL),
(8993, 952, 1, NULL, NULL),
(8994, 953, 1, NULL, NULL),
(8995, 954, 1, NULL, NULL),
(8996, 955, 1, NULL, NULL),
(8997, 956, 1, NULL, NULL),
(8998, 957, 1, NULL, NULL),
(8999, 958, 1, NULL, NULL),
(9000, 959, 1, NULL, NULL),
(9001, 960, 1, NULL, NULL),
(9002, 961, 1, NULL, NULL),
(9003, 962, 1, NULL, NULL),
(9004, 963, 1, NULL, NULL),
(9005, 964, 1, NULL, NULL),
(9006, 965, 1, NULL, NULL),
(9007, 966, 1, NULL, NULL),
(9008, 967, 1, NULL, NULL),
(9009, 968, 1, NULL, NULL),
(9010, 969, 1, NULL, NULL),
(9011, 970, 1, NULL, NULL),
(9012, 971, 1, NULL, NULL),
(9013, 972, 1, NULL, NULL),
(9014, 973, 1, NULL, NULL),
(9015, 974, 1, NULL, NULL),
(9016, 975, 1, NULL, NULL),
(9017, 976, 1, NULL, NULL),
(9018, 977, 1, NULL, NULL),
(9019, 978, 1, NULL, NULL),
(9020, 979, 1, NULL, NULL),
(9021, 980, 1, NULL, NULL),
(9022, 981, 1, NULL, NULL),
(9023, 982, 1, NULL, NULL),
(9024, 983, 1, NULL, NULL),
(9025, 984, 1, NULL, NULL),
(9026, 985, 1, NULL, NULL),
(9027, 986, 1, NULL, NULL),
(9028, 987, 1, NULL, NULL),
(9029, 988, 1, NULL, NULL),
(9030, 989, 1, NULL, NULL),
(9031, 990, 1, NULL, NULL),
(9032, 991, 1, NULL, NULL),
(9033, 992, 1, NULL, NULL),
(9034, 993, 1, NULL, NULL),
(9035, 994, 1, NULL, NULL),
(9036, 995, 1, NULL, NULL),
(9037, 996, 1, NULL, NULL),
(9038, 997, 1, NULL, NULL),
(9039, 998, 1, NULL, NULL),
(9040, 999, 1, NULL, NULL),
(9041, 1000, 1, NULL, NULL),
(9042, 1001, 1, NULL, NULL),
(9043, 1002, 1, NULL, NULL),
(9044, 1003, 1, NULL, NULL),
(9045, 1004, 1, NULL, NULL),
(9046, 1005, 1, NULL, NULL),
(9047, 1006, 1, NULL, NULL),
(9048, 1007, 1, NULL, NULL),
(9049, 1008, 1, NULL, NULL),
(9050, 1009, 1, NULL, NULL),
(9051, 1010, 1, NULL, NULL),
(9052, 1011, 1, NULL, NULL),
(9053, 1012, 1, NULL, NULL),
(9054, 1013, 1, NULL, NULL),
(9055, 1014, 1, NULL, NULL),
(9056, 1015, 1, NULL, NULL),
(9057, 1016, 1, NULL, NULL),
(9058, 1017, 1, NULL, NULL),
(9059, 1018, 1, NULL, NULL),
(9060, 1019, 1, NULL, NULL),
(9061, 1020, 1, NULL, NULL),
(9062, 1021, 1, NULL, NULL),
(9063, 1022, 1, NULL, NULL),
(9064, 1023, 1, NULL, NULL),
(9065, 1024, 1, NULL, NULL),
(9066, 1025, 1, NULL, NULL),
(9067, 1026, 1, NULL, NULL),
(9068, 1027, 1, NULL, NULL),
(9069, 1028, 1, NULL, NULL),
(9070, 1029, 1, NULL, NULL),
(9071, 1030, 1, NULL, NULL),
(9072, 1031, 1, NULL, NULL),
(9073, 1032, 1, NULL, NULL),
(9074, 1033, 1, NULL, NULL),
(9075, 1034, 1, NULL, NULL),
(9076, 1035, 1, NULL, NULL),
(9077, 1036, 1, NULL, NULL),
(9078, 1037, 1, NULL, NULL),
(9079, 1038, 1, NULL, NULL),
(9080, 1039, 1, NULL, NULL),
(9081, 1040, 1, NULL, NULL),
(9082, 1041, 1, NULL, NULL),
(9083, 1042, 1, NULL, NULL),
(9084, 1043, 1, NULL, NULL),
(9085, 1044, 1, NULL, NULL),
(9086, 1045, 1, NULL, NULL),
(9087, 1046, 1, NULL, NULL),
(9088, 1047, 1, NULL, NULL),
(9089, 1048, 1, NULL, NULL),
(9090, 1049, 1, NULL, NULL),
(9091, 1050, 1, NULL, NULL),
(9092, 1051, 1, NULL, NULL),
(9093, 1052, 1, NULL, NULL),
(9094, 1053, 1, NULL, NULL),
(9095, 1054, 1, NULL, NULL),
(9096, 1055, 1, NULL, NULL),
(9097, 1056, 1, NULL, NULL),
(9098, 1057, 1, NULL, NULL),
(9099, 1058, 1, NULL, NULL),
(9100, 1059, 1, NULL, NULL),
(9101, 1060, 1, NULL, NULL),
(9102, 1061, 1, NULL, NULL),
(9103, 1062, 1, NULL, NULL),
(9104, 1063, 1, NULL, NULL),
(9105, 1064, 1, NULL, NULL),
(9106, 1065, 1, NULL, NULL),
(9107, 1066, 1, NULL, NULL),
(9108, 1067, 1, NULL, NULL),
(9109, 1068, 1, NULL, NULL),
(9110, 1069, 1, NULL, NULL),
(9111, 1070, 1, NULL, NULL),
(9112, 1071, 1, NULL, NULL),
(9113, 1072, 1, NULL, NULL),
(9114, 1073, 1, NULL, NULL),
(9115, 1074, 1, NULL, NULL),
(9116, 1075, 1, NULL, NULL),
(9117, 1076, 1, NULL, NULL),
(9118, 1077, 1, NULL, NULL),
(9119, 1078, 1, NULL, NULL),
(9120, 1079, 1, NULL, NULL),
(9121, 1080, 1, NULL, NULL),
(9122, 1081, 1, NULL, NULL),
(9123, 1082, 1, NULL, NULL),
(9124, 1083, 1, NULL, NULL),
(9125, 1084, 1, NULL, NULL),
(9126, 1085, 1, NULL, NULL),
(9127, 1086, 1, NULL, NULL),
(9128, 1087, 1, NULL, NULL),
(9129, 1088, 1, NULL, NULL),
(9130, 1089, 1, NULL, NULL),
(9131, 1090, 1, NULL, NULL),
(9132, 1091, 1, NULL, NULL),
(9133, 1092, 1, NULL, NULL),
(9134, 1093, 1, NULL, NULL),
(9135, 1094, 1, NULL, NULL),
(9136, 1095, 1, NULL, NULL),
(9137, 1096, 1, NULL, NULL),
(9138, 732, 2, NULL, NULL),
(9139, 733, 2, NULL, NULL),
(9140, 734, 2, NULL, NULL),
(9141, 735, 2, NULL, NULL),
(9142, 736, 2, NULL, NULL),
(9143, 737, 2, NULL, NULL),
(9144, 738, 2, NULL, NULL),
(9145, 739, 2, NULL, NULL),
(9146, 740, 2, NULL, NULL),
(9147, 741, 2, NULL, NULL),
(9148, 742, 2, NULL, NULL),
(9149, 743, 2, NULL, NULL),
(9150, 744, 2, NULL, NULL),
(9151, 745, 2, NULL, NULL),
(9152, 746, 2, NULL, NULL),
(9153, 747, 2, NULL, NULL),
(9154, 748, 2, NULL, NULL),
(9155, 749, 2, NULL, NULL),
(9156, 750, 2, NULL, NULL),
(9157, 751, 2, NULL, NULL),
(9158, 752, 2, NULL, NULL),
(9159, 753, 2, NULL, NULL),
(9160, 754, 2, NULL, NULL),
(9161, 755, 2, NULL, NULL),
(9162, 756, 2, NULL, NULL),
(9163, 757, 2, NULL, NULL),
(9164, 758, 2, NULL, NULL),
(9165, 759, 2, NULL, NULL),
(9166, 760, 2, NULL, NULL),
(9167, 761, 2, NULL, NULL),
(9168, 762, 2, NULL, NULL),
(9169, 763, 2, NULL, NULL),
(9170, 764, 2, NULL, NULL),
(9171, 765, 2, NULL, NULL),
(9172, 766, 2, NULL, NULL),
(9173, 767, 2, NULL, NULL),
(9174, 768, 2, NULL, NULL),
(9175, 769, 2, NULL, NULL),
(9176, 770, 2, NULL, NULL),
(9177, 771, 2, NULL, NULL),
(9178, 772, 2, NULL, NULL),
(9179, 773, 2, NULL, NULL),
(9180, 774, 2, NULL, NULL),
(9181, 775, 2, NULL, NULL),
(9182, 776, 2, NULL, NULL),
(9183, 777, 2, NULL, NULL),
(9184, 778, 2, NULL, NULL),
(9185, 779, 2, NULL, NULL),
(9186, 780, 2, NULL, NULL),
(9187, 781, 2, NULL, NULL),
(9188, 782, 2, NULL, NULL),
(9189, 783, 2, NULL, NULL),
(9190, 784, 2, NULL, NULL),
(9191, 785, 2, NULL, NULL),
(9192, 786, 2, NULL, NULL),
(9193, 787, 2, NULL, NULL),
(9194, 788, 2, NULL, NULL),
(9195, 789, 2, NULL, NULL),
(9196, 790, 2, NULL, NULL),
(9197, 791, 2, NULL, NULL),
(9198, 792, 2, NULL, NULL),
(9199, 793, 2, NULL, NULL),
(9200, 794, 2, NULL, NULL),
(9201, 795, 2, NULL, NULL),
(9202, 796, 2, NULL, NULL),
(9203, 797, 2, NULL, NULL),
(9204, 798, 2, NULL, NULL),
(9205, 799, 2, NULL, NULL),
(9206, 800, 2, NULL, NULL),
(9207, 801, 2, NULL, NULL),
(9208, 802, 2, NULL, NULL),
(9209, 803, 2, NULL, NULL),
(9210, 804, 2, NULL, NULL),
(9211, 805, 2, NULL, NULL),
(9212, 806, 2, NULL, NULL),
(9213, 807, 2, NULL, NULL),
(9214, 808, 2, NULL, NULL),
(9215, 809, 2, NULL, NULL),
(9216, 810, 2, NULL, NULL),
(9217, 811, 2, NULL, NULL),
(9218, 812, 2, NULL, NULL),
(9219, 813, 2, NULL, NULL),
(9220, 814, 2, NULL, NULL),
(9221, 815, 2, NULL, NULL),
(9222, 816, 2, NULL, NULL),
(9223, 817, 2, NULL, NULL),
(9224, 818, 2, NULL, NULL),
(9225, 819, 2, NULL, NULL),
(9226, 820, 2, NULL, NULL),
(9227, 821, 2, NULL, NULL),
(9228, 822, 2, NULL, NULL),
(9229, 823, 2, NULL, NULL),
(9230, 824, 2, NULL, NULL),
(9231, 825, 2, NULL, NULL),
(9232, 826, 2, NULL, NULL),
(9233, 827, 2, NULL, NULL),
(9234, 828, 2, NULL, NULL),
(9235, 829, 2, NULL, NULL),
(9236, 830, 2, NULL, NULL),
(9237, 831, 2, NULL, NULL),
(9238, 832, 2, NULL, NULL),
(9239, 833, 2, NULL, NULL),
(9240, 834, 2, NULL, NULL),
(9241, 835, 2, NULL, NULL),
(9242, 836, 2, NULL, NULL),
(9243, 837, 2, NULL, NULL),
(9244, 838, 2, NULL, NULL),
(9245, 839, 2, NULL, NULL),
(9246, 840, 2, NULL, NULL),
(9247, 841, 2, NULL, NULL),
(9248, 842, 2, NULL, NULL),
(9249, 843, 2, NULL, NULL),
(9250, 844, 2, NULL, NULL),
(9251, 845, 2, NULL, NULL),
(9252, 846, 2, NULL, NULL),
(9253, 847, 2, NULL, NULL),
(9254, 848, 2, NULL, NULL),
(9255, 849, 2, NULL, NULL),
(9256, 850, 2, NULL, NULL),
(9257, 851, 2, NULL, NULL),
(9258, 852, 2, NULL, NULL),
(9259, 853, 2, NULL, NULL),
(9260, 854, 2, NULL, NULL),
(9261, 855, 2, NULL, NULL),
(9262, 856, 2, NULL, NULL),
(9263, 857, 2, NULL, NULL),
(9264, 858, 2, NULL, NULL),
(9265, 859, 2, NULL, NULL),
(9266, 860, 2, NULL, NULL),
(9267, 861, 2, NULL, NULL),
(9268, 862, 2, NULL, NULL),
(9269, 863, 2, NULL, NULL),
(9270, 864, 2, NULL, NULL),
(9271, 865, 2, NULL, NULL),
(9272, 866, 2, NULL, NULL),
(9273, 867, 2, NULL, NULL),
(9274, 868, 2, NULL, NULL),
(9275, 869, 2, NULL, NULL),
(9276, 870, 2, NULL, NULL),
(9277, 871, 2, NULL, NULL),
(9278, 872, 2, NULL, NULL),
(9279, 873, 2, NULL, NULL),
(9280, 874, 2, NULL, NULL),
(9281, 875, 2, NULL, NULL),
(9282, 876, 2, NULL, NULL),
(9283, 877, 2, NULL, NULL),
(9284, 878, 2, NULL, NULL),
(9285, 879, 2, NULL, NULL),
(9286, 880, 2, NULL, NULL),
(9287, 881, 2, NULL, NULL),
(9288, 882, 2, NULL, NULL),
(9289, 883, 2, NULL, NULL),
(9290, 884, 2, NULL, NULL),
(9291, 885, 2, NULL, NULL),
(9292, 886, 2, NULL, NULL),
(9293, 887, 2, NULL, NULL),
(9294, 888, 2, NULL, NULL),
(9295, 889, 2, NULL, NULL),
(9296, 890, 2, NULL, NULL),
(9297, 891, 2, NULL, NULL),
(9298, 892, 2, NULL, NULL),
(9299, 893, 2, NULL, NULL),
(9300, 894, 2, NULL, NULL),
(9301, 895, 2, NULL, NULL),
(9302, 896, 2, NULL, NULL),
(9303, 897, 2, NULL, NULL),
(9304, 898, 2, NULL, NULL),
(9305, 899, 2, NULL, NULL),
(9306, 900, 2, NULL, NULL),
(9307, 901, 2, NULL, NULL),
(9308, 902, 2, NULL, NULL),
(9309, 903, 2, NULL, NULL),
(9310, 904, 2, NULL, NULL),
(9311, 905, 2, NULL, NULL),
(9312, 906, 2, NULL, NULL),
(9313, 907, 2, NULL, NULL),
(9314, 908, 2, NULL, NULL),
(9315, 909, 2, NULL, NULL),
(9316, 910, 2, NULL, NULL),
(9317, 911, 2, NULL, NULL),
(9318, 912, 2, NULL, NULL),
(9319, 913, 2, NULL, NULL),
(9320, 914, 2, NULL, NULL),
(9321, 915, 2, NULL, NULL),
(9322, 916, 2, NULL, NULL),
(9323, 917, 2, NULL, NULL),
(9324, 918, 2, NULL, NULL),
(9325, 919, 2, NULL, NULL),
(9326, 920, 2, NULL, NULL),
(9327, 921, 2, NULL, NULL),
(9328, 922, 2, NULL, NULL),
(9329, 923, 2, NULL, NULL),
(9330, 924, 2, NULL, NULL),
(9331, 925, 2, NULL, NULL),
(9332, 926, 2, NULL, NULL),
(9333, 927, 2, NULL, NULL),
(9334, 928, 2, NULL, NULL),
(9335, 929, 2, NULL, NULL),
(9336, 930, 2, NULL, NULL),
(9337, 931, 2, NULL, NULL),
(9338, 932, 2, NULL, NULL),
(9339, 933, 2, NULL, NULL),
(9340, 934, 2, NULL, NULL),
(9341, 935, 2, NULL, NULL),
(9342, 936, 2, NULL, NULL),
(9343, 937, 2, NULL, NULL),
(9344, 938, 2, NULL, NULL),
(9345, 939, 2, NULL, NULL),
(9346, 940, 2, NULL, NULL),
(9347, 941, 2, NULL, NULL),
(9348, 942, 2, NULL, NULL),
(9349, 943, 2, NULL, NULL),
(9350, 944, 2, NULL, NULL),
(9351, 945, 2, NULL, NULL),
(9352, 946, 2, NULL, NULL),
(9353, 947, 2, NULL, NULL),
(9354, 948, 2, NULL, NULL),
(9355, 949, 2, NULL, NULL),
(9356, 950, 2, NULL, NULL),
(9357, 951, 2, NULL, NULL),
(9358, 952, 2, NULL, NULL),
(9359, 953, 2, NULL, NULL),
(9360, 954, 2, NULL, NULL),
(9361, 955, 2, NULL, NULL),
(9362, 956, 2, NULL, NULL),
(9363, 957, 2, NULL, NULL),
(9364, 958, 2, NULL, NULL),
(9365, 959, 2, NULL, NULL),
(9366, 960, 2, NULL, NULL),
(9367, 961, 2, NULL, NULL),
(9368, 962, 2, NULL, NULL),
(9369, 963, 2, NULL, NULL),
(9370, 964, 2, NULL, NULL),
(9371, 965, 2, NULL, NULL),
(9372, 966, 2, NULL, NULL),
(9373, 967, 2, NULL, NULL),
(9374, 968, 2, NULL, NULL),
(9375, 969, 2, NULL, NULL),
(9376, 970, 2, NULL, NULL),
(9377, 971, 2, NULL, NULL),
(9378, 972, 2, NULL, NULL),
(9379, 973, 2, NULL, NULL),
(9380, 974, 2, NULL, NULL),
(9381, 975, 2, NULL, NULL),
(9382, 976, 2, NULL, NULL),
(9383, 977, 2, NULL, NULL),
(9384, 978, 2, NULL, NULL),
(9385, 979, 2, NULL, NULL),
(9386, 980, 2, NULL, NULL),
(9387, 981, 2, NULL, NULL),
(9388, 982, 2, NULL, NULL),
(9389, 983, 2, NULL, NULL),
(9390, 984, 2, NULL, NULL),
(9391, 985, 2, NULL, NULL),
(9392, 986, 2, NULL, NULL),
(9393, 987, 2, NULL, NULL),
(9394, 988, 2, NULL, NULL),
(9395, 989, 2, NULL, NULL),
(9396, 990, 2, NULL, NULL),
(9397, 991, 2, NULL, NULL),
(9398, 992, 2, NULL, NULL),
(9399, 993, 2, NULL, NULL),
(9400, 994, 2, NULL, NULL),
(9401, 995, 2, NULL, NULL),
(9402, 996, 2, NULL, NULL),
(9403, 997, 2, NULL, NULL),
(9404, 998, 2, NULL, NULL),
(9405, 999, 2, NULL, NULL),
(9406, 1000, 2, NULL, NULL),
(9407, 1001, 2, NULL, NULL),
(9408, 1002, 2, NULL, NULL),
(9409, 1003, 2, NULL, NULL),
(9410, 1004, 2, NULL, NULL),
(9411, 1005, 2, NULL, NULL),
(9412, 1006, 2, NULL, NULL),
(9413, 1007, 2, NULL, NULL),
(9414, 1008, 2, NULL, NULL),
(9415, 1009, 2, NULL, NULL),
(9416, 1010, 2, NULL, NULL),
(9417, 1011, 2, NULL, NULL),
(9418, 1012, 2, NULL, NULL),
(9419, 1013, 2, NULL, NULL),
(9420, 1014, 2, NULL, NULL),
(9421, 1015, 2, NULL, NULL),
(9422, 1016, 2, NULL, NULL),
(9423, 1017, 2, NULL, NULL),
(9424, 1018, 2, NULL, NULL),
(9425, 1019, 2, NULL, NULL),
(9426, 1020, 2, NULL, NULL),
(9427, 1021, 2, NULL, NULL),
(9428, 1022, 2, NULL, NULL),
(9429, 1023, 2, NULL, NULL),
(9430, 1024, 2, NULL, NULL),
(9431, 1025, 2, NULL, NULL),
(9432, 1026, 2, NULL, NULL),
(9433, 1027, 2, NULL, NULL),
(9434, 1028, 2, NULL, NULL),
(9435, 1029, 2, NULL, NULL),
(9436, 1030, 2, NULL, NULL),
(9437, 1031, 2, NULL, NULL),
(9438, 1032, 2, NULL, NULL),
(9439, 1033, 2, NULL, NULL),
(9440, 1034, 2, NULL, NULL),
(9441, 1035, 2, NULL, NULL),
(9442, 1036, 2, NULL, NULL),
(9443, 1037, 2, NULL, NULL),
(9444, 1038, 2, NULL, NULL),
(9445, 1039, 2, NULL, NULL),
(9446, 1040, 2, NULL, NULL),
(9447, 1041, 2, NULL, NULL),
(9448, 1042, 2, NULL, NULL),
(9449, 1043, 2, NULL, NULL),
(9450, 1044, 2, NULL, NULL),
(9451, 1045, 2, NULL, NULL),
(9452, 1046, 2, NULL, NULL),
(9453, 1047, 2, NULL, NULL),
(9454, 1048, 2, NULL, NULL),
(9455, 1049, 2, NULL, NULL),
(9456, 1050, 2, NULL, NULL),
(9457, 1051, 2, NULL, NULL),
(9458, 1052, 2, NULL, NULL),
(9459, 1053, 2, NULL, NULL),
(9460, 1054, 2, NULL, NULL),
(9461, 1055, 2, NULL, NULL),
(9462, 1056, 2, NULL, NULL),
(9463, 1057, 2, NULL, NULL),
(9464, 1058, 2, NULL, NULL),
(9465, 1059, 2, NULL, NULL),
(9466, 1060, 2, NULL, NULL),
(9467, 1061, 2, NULL, NULL),
(9468, 1062, 2, NULL, NULL),
(9469, 1063, 2, NULL, NULL),
(9470, 1064, 2, NULL, NULL),
(9471, 1065, 2, NULL, NULL),
(9472, 1066, 2, NULL, NULL),
(9473, 1067, 2, NULL, NULL),
(9474, 1068, 2, NULL, NULL),
(9475, 1069, 2, NULL, NULL),
(9476, 1070, 2, NULL, NULL),
(9477, 1071, 2, NULL, NULL),
(9478, 1072, 2, NULL, NULL),
(9479, 1073, 2, NULL, NULL),
(9480, 1074, 2, NULL, NULL),
(9481, 1075, 2, NULL, NULL),
(9482, 1076, 2, NULL, NULL),
(9483, 1077, 2, NULL, NULL),
(9484, 1078, 2, NULL, NULL),
(9485, 1079, 2, NULL, NULL),
(9486, 1080, 2, NULL, NULL),
(9487, 1081, 2, NULL, NULL),
(9488, 1082, 2, NULL, NULL),
(9489, 1083, 2, NULL, NULL),
(9490, 1084, 2, NULL, NULL),
(9491, 1085, 2, NULL, NULL),
(9492, 1086, 2, NULL, NULL),
(9493, 1087, 2, NULL, NULL),
(9494, 1088, 2, NULL, NULL),
(9495, 1089, 2, NULL, NULL),
(9496, 1090, 2, NULL, NULL),
(9497, 1091, 2, NULL, NULL),
(9498, 1092, 2, NULL, NULL),
(9499, 1093, 2, NULL, NULL),
(9500, 1094, 2, NULL, NULL),
(9501, 1095, 2, NULL, NULL),
(9502, 1096, 2, NULL, NULL),
(9503, 732, 3, NULL, NULL),
(9504, 733, 3, NULL, NULL),
(9505, 734, 3, NULL, NULL),
(9506, 735, 3, NULL, NULL),
(9507, 736, 3, NULL, NULL),
(9508, 737, 3, NULL, NULL),
(9509, 738, 3, NULL, NULL),
(9510, 739, 3, NULL, NULL),
(9511, 740, 3, NULL, NULL),
(9512, 741, 3, NULL, NULL),
(9513, 742, 3, NULL, NULL),
(9514, 743, 3, NULL, NULL),
(9515, 744, 3, NULL, NULL),
(9516, 745, 3, NULL, NULL),
(9517, 746, 3, NULL, NULL),
(9518, 747, 3, NULL, NULL),
(9519, 748, 3, NULL, NULL),
(9520, 749, 3, NULL, NULL),
(9521, 750, 3, NULL, NULL),
(9522, 751, 3, NULL, NULL),
(9523, 752, 3, NULL, NULL),
(9524, 753, 3, NULL, NULL),
(9525, 754, 3, NULL, NULL),
(9526, 755, 3, NULL, NULL),
(9527, 756, 3, NULL, NULL),
(9528, 757, 3, NULL, NULL),
(9529, 758, 3, NULL, NULL),
(9530, 759, 3, NULL, NULL),
(9531, 760, 3, NULL, NULL),
(9532, 761, 3, NULL, NULL),
(9533, 762, 3, NULL, NULL),
(9534, 763, 3, NULL, NULL),
(9535, 764, 3, NULL, NULL),
(9536, 765, 3, NULL, NULL),
(9537, 766, 3, NULL, NULL),
(9538, 767, 3, NULL, NULL),
(9539, 768, 3, NULL, NULL),
(9540, 769, 3, NULL, NULL),
(9541, 770, 3, NULL, NULL),
(9542, 771, 3, NULL, NULL),
(9543, 772, 3, NULL, NULL),
(9544, 773, 3, NULL, NULL),
(9545, 774, 3, NULL, NULL),
(9546, 775, 3, NULL, NULL),
(9547, 776, 3, NULL, NULL),
(9548, 777, 3, NULL, NULL),
(9549, 778, 3, NULL, NULL),
(9550, 779, 3, NULL, NULL),
(9551, 780, 3, NULL, NULL),
(9552, 781, 3, NULL, NULL),
(9553, 782, 3, NULL, NULL),
(9554, 783, 3, NULL, NULL),
(9555, 784, 3, NULL, NULL),
(9556, 785, 3, NULL, NULL),
(9557, 786, 3, NULL, NULL),
(9558, 787, 3, NULL, NULL),
(9559, 788, 3, NULL, NULL),
(9560, 789, 3, NULL, NULL),
(9561, 790, 3, NULL, NULL),
(9562, 791, 3, NULL, NULL),
(9563, 792, 3, NULL, NULL),
(9564, 793, 3, NULL, NULL),
(9565, 794, 3, NULL, NULL),
(9566, 795, 3, NULL, NULL),
(9567, 796, 3, NULL, NULL),
(9568, 797, 3, NULL, NULL),
(9569, 798, 3, NULL, NULL),
(9570, 799, 3, NULL, NULL),
(9571, 800, 3, NULL, NULL),
(9572, 801, 3, NULL, NULL),
(9573, 802, 3, NULL, NULL),
(9574, 803, 3, NULL, NULL),
(9575, 804, 3, NULL, NULL),
(9576, 805, 3, NULL, NULL),
(9577, 806, 3, NULL, NULL),
(9578, 807, 3, NULL, NULL),
(9579, 808, 3, NULL, NULL),
(9580, 809, 3, NULL, NULL),
(9581, 810, 3, NULL, NULL),
(9582, 811, 3, NULL, NULL),
(9583, 812, 3, NULL, NULL),
(9584, 813, 3, NULL, NULL),
(9585, 814, 3, NULL, NULL),
(9586, 815, 3, NULL, NULL),
(9587, 816, 3, NULL, NULL),
(9588, 817, 3, NULL, NULL),
(9589, 818, 3, NULL, NULL);
INSERT INTO `mar_calendario_emp` (`id_calendario_emp`, `calendario_id`, `empleado_id`, `created_at`, `updated_at`) VALUES
(9590, 819, 3, NULL, NULL),
(9591, 820, 3, NULL, NULL),
(9592, 821, 3, NULL, NULL),
(9593, 822, 3, NULL, NULL),
(9594, 823, 3, NULL, NULL),
(9595, 824, 3, NULL, NULL),
(9596, 825, 3, NULL, NULL),
(9597, 826, 3, NULL, NULL),
(9598, 827, 3, NULL, NULL),
(9599, 828, 3, NULL, NULL),
(9600, 829, 3, NULL, NULL),
(9601, 830, 3, NULL, NULL),
(9602, 831, 3, NULL, NULL),
(9603, 832, 3, NULL, NULL),
(9604, 833, 3, NULL, NULL),
(9605, 834, 3, NULL, NULL),
(9606, 835, 3, NULL, NULL),
(9607, 836, 3, NULL, NULL),
(9608, 837, 3, NULL, NULL),
(9609, 838, 3, NULL, NULL),
(9610, 839, 3, NULL, NULL),
(9611, 840, 3, NULL, NULL),
(9612, 841, 3, NULL, NULL),
(9613, 842, 3, NULL, NULL),
(9614, 843, 3, NULL, NULL),
(9615, 844, 3, NULL, NULL),
(9616, 845, 3, NULL, NULL),
(9617, 846, 3, NULL, NULL),
(9618, 847, 3, NULL, NULL),
(9619, 848, 3, NULL, NULL),
(9620, 849, 3, NULL, NULL),
(9621, 850, 3, NULL, NULL),
(9622, 851, 3, NULL, NULL),
(9623, 852, 3, NULL, NULL),
(9624, 853, 3, NULL, NULL),
(9625, 854, 3, NULL, NULL),
(9626, 855, 3, NULL, NULL),
(9627, 856, 3, NULL, NULL),
(9628, 857, 3, NULL, NULL),
(9629, 858, 3, NULL, NULL),
(9630, 859, 3, NULL, NULL),
(9631, 860, 3, NULL, NULL),
(9632, 861, 3, NULL, NULL),
(9633, 862, 3, NULL, NULL),
(9634, 863, 3, NULL, NULL),
(9635, 864, 3, NULL, NULL),
(9636, 865, 3, NULL, NULL),
(9637, 866, 3, NULL, NULL),
(9638, 867, 3, NULL, NULL),
(9639, 868, 3, NULL, NULL),
(9640, 869, 3, NULL, NULL),
(9641, 870, 3, NULL, NULL),
(9642, 871, 3, NULL, NULL),
(9643, 872, 3, NULL, NULL),
(9644, 873, 3, NULL, NULL),
(9645, 874, 3, NULL, NULL),
(9646, 875, 3, NULL, NULL),
(9647, 876, 3, NULL, NULL),
(9648, 877, 3, NULL, NULL),
(9649, 878, 3, NULL, NULL),
(9650, 879, 3, NULL, NULL),
(9651, 880, 3, NULL, NULL),
(9652, 881, 3, NULL, NULL),
(9653, 882, 3, NULL, NULL),
(9654, 883, 3, NULL, NULL),
(9655, 884, 3, NULL, NULL),
(9656, 885, 3, NULL, NULL),
(9657, 886, 3, NULL, NULL),
(9658, 887, 3, NULL, NULL),
(9659, 888, 3, NULL, NULL),
(9660, 889, 3, NULL, NULL),
(9661, 890, 3, NULL, NULL),
(9662, 891, 3, NULL, NULL),
(9663, 892, 3, NULL, NULL),
(9664, 893, 3, NULL, NULL),
(9665, 894, 3, NULL, NULL),
(9666, 895, 3, NULL, NULL),
(9667, 896, 3, NULL, NULL),
(9668, 897, 3, NULL, NULL),
(9669, 898, 3, NULL, NULL),
(9670, 899, 3, NULL, NULL),
(9671, 900, 3, NULL, NULL),
(9672, 901, 3, NULL, NULL),
(9673, 902, 3, NULL, NULL),
(9674, 903, 3, NULL, NULL),
(9675, 904, 3, NULL, NULL),
(9676, 905, 3, NULL, NULL),
(9677, 906, 3, NULL, NULL),
(9678, 907, 3, NULL, NULL),
(9679, 908, 3, NULL, NULL),
(9680, 909, 3, NULL, NULL),
(9681, 910, 3, NULL, NULL),
(9682, 911, 3, NULL, NULL),
(9683, 912, 3, NULL, NULL),
(9684, 913, 3, NULL, NULL),
(9685, 914, 3, NULL, NULL),
(9686, 915, 3, NULL, NULL),
(9687, 916, 3, NULL, NULL),
(9688, 917, 3, NULL, NULL),
(9689, 918, 3, NULL, NULL),
(9690, 919, 3, NULL, NULL),
(9691, 920, 3, NULL, NULL),
(9692, 921, 3, NULL, NULL),
(9693, 922, 3, NULL, NULL),
(9694, 923, 3, NULL, NULL),
(9695, 924, 3, NULL, NULL),
(9696, 925, 3, NULL, NULL),
(9697, 926, 3, NULL, NULL),
(9698, 927, 3, NULL, NULL),
(9699, 928, 3, NULL, NULL),
(9700, 929, 3, NULL, NULL),
(9701, 930, 3, NULL, NULL),
(9702, 931, 3, NULL, NULL),
(9703, 932, 3, NULL, NULL),
(9704, 933, 3, NULL, NULL),
(9705, 934, 3, NULL, NULL),
(9706, 935, 3, NULL, NULL),
(9707, 936, 3, NULL, NULL),
(9708, 937, 3, NULL, NULL),
(9709, 938, 3, NULL, NULL),
(9710, 939, 3, NULL, NULL),
(9711, 940, 3, NULL, NULL),
(9712, 941, 3, NULL, NULL),
(9713, 942, 3, NULL, NULL),
(9714, 943, 3, NULL, NULL),
(9715, 944, 3, NULL, NULL),
(9716, 945, 3, NULL, NULL),
(9717, 946, 3, NULL, NULL),
(9718, 947, 3, NULL, NULL),
(9719, 948, 3, NULL, NULL),
(9720, 949, 3, NULL, NULL),
(9721, 950, 3, NULL, NULL),
(9722, 951, 3, NULL, NULL),
(9723, 952, 3, NULL, NULL),
(9724, 953, 3, NULL, NULL),
(9725, 954, 3, NULL, NULL),
(9726, 955, 3, NULL, NULL),
(9727, 956, 3, NULL, NULL),
(9728, 957, 3, NULL, NULL),
(9729, 958, 3, NULL, NULL),
(9730, 959, 3, NULL, NULL),
(9731, 960, 3, NULL, NULL),
(9732, 961, 3, NULL, NULL),
(9733, 962, 3, NULL, NULL),
(9734, 963, 3, NULL, NULL),
(9735, 964, 3, NULL, NULL),
(9736, 965, 3, NULL, NULL),
(9737, 966, 3, NULL, NULL),
(9738, 967, 3, NULL, NULL),
(9739, 968, 3, NULL, NULL),
(9740, 969, 3, NULL, NULL),
(9741, 970, 3, NULL, NULL),
(9742, 971, 3, NULL, NULL),
(9743, 972, 3, NULL, NULL),
(9744, 973, 3, NULL, NULL),
(9745, 974, 3, NULL, NULL),
(9746, 975, 3, NULL, NULL),
(9747, 976, 3, NULL, NULL),
(9748, 977, 3, NULL, NULL),
(9749, 978, 3, NULL, NULL),
(9750, 979, 3, NULL, NULL),
(9751, 980, 3, NULL, NULL),
(9752, 981, 3, NULL, NULL),
(9753, 982, 3, NULL, NULL),
(9754, 983, 3, NULL, NULL),
(9755, 984, 3, NULL, NULL),
(9756, 985, 3, NULL, NULL),
(9757, 986, 3, NULL, NULL),
(9758, 987, 3, NULL, NULL),
(9759, 988, 3, NULL, NULL),
(9760, 989, 3, NULL, NULL),
(9761, 990, 3, NULL, NULL),
(9762, 991, 3, NULL, NULL),
(9763, 992, 3, NULL, NULL),
(9764, 993, 3, NULL, NULL),
(9765, 994, 3, NULL, NULL),
(9766, 995, 3, NULL, NULL),
(9767, 996, 3, NULL, NULL),
(9768, 997, 3, NULL, NULL),
(9769, 998, 3, NULL, NULL),
(9770, 999, 3, NULL, NULL),
(9771, 1000, 3, NULL, NULL),
(9772, 1001, 3, NULL, NULL),
(9773, 1002, 3, NULL, NULL),
(9774, 1003, 3, NULL, NULL),
(9775, 1004, 3, NULL, NULL),
(9776, 1005, 3, NULL, NULL),
(9777, 1006, 3, NULL, NULL),
(9778, 1007, 3, NULL, NULL),
(9779, 1008, 3, NULL, NULL),
(9780, 1009, 3, NULL, NULL),
(9781, 1010, 3, NULL, NULL),
(9782, 1011, 3, NULL, NULL),
(9783, 1012, 3, NULL, NULL),
(9784, 1013, 3, NULL, NULL),
(9785, 1014, 3, NULL, NULL),
(9786, 1015, 3, NULL, NULL),
(9787, 1016, 3, NULL, NULL),
(9788, 1017, 3, NULL, NULL),
(9789, 1018, 3, NULL, NULL),
(9790, 1019, 3, NULL, NULL),
(9791, 1020, 3, NULL, NULL),
(9792, 1021, 3, NULL, NULL),
(9793, 1022, 3, NULL, NULL),
(9794, 1023, 3, NULL, NULL),
(9795, 1024, 3, NULL, NULL),
(9796, 1025, 3, NULL, NULL),
(9797, 1026, 3, NULL, NULL),
(9798, 1027, 3, NULL, NULL),
(9799, 1028, 3, NULL, NULL),
(9800, 1029, 3, NULL, NULL),
(9801, 1030, 3, NULL, NULL),
(9802, 1031, 3, NULL, NULL),
(9803, 1032, 3, NULL, NULL),
(9804, 1033, 3, NULL, NULL),
(9805, 1034, 3, NULL, NULL),
(9806, 1035, 3, NULL, NULL),
(9807, 1036, 3, NULL, NULL),
(9808, 1037, 3, NULL, NULL),
(9809, 1038, 3, NULL, NULL),
(9810, 1039, 3, NULL, NULL),
(9811, 1040, 3, NULL, NULL),
(9812, 1041, 3, NULL, NULL),
(9813, 1042, 3, NULL, NULL),
(9814, 1043, 3, NULL, NULL),
(9815, 1044, 3, NULL, NULL),
(9816, 1045, 3, NULL, NULL),
(9817, 1046, 3, NULL, NULL),
(9818, 1047, 3, NULL, NULL),
(9819, 1048, 3, NULL, NULL),
(9820, 1049, 3, NULL, NULL),
(9821, 1050, 3, NULL, NULL),
(9822, 1051, 3, NULL, NULL),
(9823, 1052, 3, NULL, NULL),
(9824, 1053, 3, NULL, NULL),
(9825, 1054, 3, NULL, NULL),
(9826, 1055, 3, NULL, NULL),
(9827, 1056, 3, NULL, NULL),
(9828, 1057, 3, NULL, NULL),
(9829, 1058, 3, NULL, NULL),
(9830, 1059, 3, NULL, NULL),
(9831, 1060, 3, NULL, NULL),
(9832, 1061, 3, NULL, NULL),
(9833, 1062, 3, NULL, NULL),
(9834, 1063, 3, NULL, NULL),
(9835, 1064, 3, NULL, NULL),
(9836, 1065, 3, NULL, NULL),
(9837, 1066, 3, NULL, NULL),
(9838, 1067, 3, NULL, NULL),
(9839, 1068, 3, NULL, NULL),
(9840, 1069, 3, NULL, NULL),
(9841, 1070, 3, NULL, NULL),
(9842, 1071, 3, NULL, NULL),
(9843, 1072, 3, NULL, NULL),
(9844, 1073, 3, NULL, NULL),
(9845, 1074, 3, NULL, NULL),
(9846, 1075, 3, NULL, NULL),
(9847, 1076, 3, NULL, NULL),
(9848, 1077, 3, NULL, NULL),
(9849, 1078, 3, NULL, NULL),
(9850, 1079, 3, NULL, NULL),
(9851, 1080, 3, NULL, NULL),
(9852, 1081, 3, NULL, NULL),
(9853, 1082, 3, NULL, NULL),
(9854, 1083, 3, NULL, NULL),
(9855, 1084, 3, NULL, NULL),
(9856, 1085, 3, NULL, NULL),
(9857, 1086, 3, NULL, NULL),
(9858, 1087, 3, NULL, NULL),
(9859, 1088, 3, NULL, NULL),
(9860, 1089, 3, NULL, NULL),
(9861, 1090, 3, NULL, NULL),
(9862, 1091, 3, NULL, NULL),
(9863, 1092, 3, NULL, NULL),
(9864, 1093, 3, NULL, NULL),
(9865, 1094, 3, NULL, NULL),
(9866, 1095, 3, NULL, NULL),
(9867, 1096, 3, NULL, NULL),
(9868, 732, 4, NULL, NULL),
(9869, 733, 4, NULL, NULL),
(9870, 734, 4, NULL, NULL),
(9871, 735, 4, NULL, NULL),
(9872, 736, 4, NULL, NULL),
(9873, 737, 4, NULL, NULL),
(9874, 738, 4, NULL, NULL),
(9875, 739, 4, NULL, NULL),
(9876, 740, 4, NULL, NULL),
(9877, 741, 4, NULL, NULL),
(9878, 742, 4, NULL, NULL),
(9879, 743, 4, NULL, NULL),
(9880, 744, 4, NULL, NULL),
(9881, 745, 4, NULL, NULL),
(9882, 746, 4, NULL, NULL),
(9883, 747, 4, NULL, NULL),
(9884, 748, 4, NULL, NULL),
(9885, 749, 4, NULL, NULL),
(9886, 750, 4, NULL, NULL),
(9887, 751, 4, NULL, NULL),
(9888, 752, 4, NULL, NULL),
(9889, 753, 4, NULL, NULL),
(9890, 754, 4, NULL, NULL),
(9891, 755, 4, NULL, NULL),
(9892, 756, 4, NULL, NULL),
(9893, 757, 4, NULL, NULL),
(9894, 758, 4, NULL, NULL),
(9895, 759, 4, NULL, NULL),
(9896, 760, 4, NULL, NULL),
(9897, 761, 4, NULL, NULL),
(9898, 762, 4, NULL, NULL),
(9899, 763, 4, NULL, NULL),
(9900, 764, 4, NULL, NULL),
(9901, 765, 4, NULL, NULL),
(9902, 766, 4, NULL, NULL),
(9903, 767, 4, NULL, NULL),
(9904, 768, 4, NULL, NULL),
(9905, 769, 4, NULL, NULL),
(9906, 770, 4, NULL, NULL),
(9907, 771, 4, NULL, NULL),
(9908, 772, 4, NULL, NULL),
(9909, 773, 4, NULL, NULL),
(9910, 774, 4, NULL, NULL),
(9911, 775, 4, NULL, NULL),
(9912, 776, 4, NULL, NULL),
(9913, 777, 4, NULL, NULL),
(9914, 778, 4, NULL, NULL),
(9915, 779, 4, NULL, NULL),
(9916, 780, 4, NULL, NULL),
(9917, 781, 4, NULL, NULL),
(9918, 782, 4, NULL, NULL),
(9919, 783, 4, NULL, NULL),
(9920, 784, 4, NULL, NULL),
(9921, 785, 4, NULL, NULL),
(9922, 786, 4, NULL, NULL),
(9923, 787, 4, NULL, NULL),
(9924, 788, 4, NULL, NULL),
(9925, 789, 4, NULL, NULL),
(9926, 790, 4, NULL, NULL),
(9927, 791, 4, NULL, NULL),
(9928, 792, 4, NULL, NULL),
(9929, 793, 4, NULL, NULL),
(9930, 794, 4, NULL, NULL),
(9931, 795, 4, NULL, NULL),
(9932, 796, 4, NULL, NULL),
(9933, 797, 4, NULL, NULL),
(9934, 798, 4, NULL, NULL),
(9935, 799, 4, NULL, NULL),
(9936, 800, 4, NULL, NULL),
(9937, 801, 4, NULL, NULL),
(9938, 802, 4, NULL, NULL),
(9939, 803, 4, NULL, NULL),
(9940, 804, 4, NULL, NULL),
(9941, 805, 4, NULL, NULL),
(9942, 806, 4, NULL, NULL),
(9943, 807, 4, NULL, NULL),
(9944, 808, 4, NULL, NULL),
(9945, 809, 4, NULL, NULL),
(9946, 810, 4, NULL, NULL),
(9947, 811, 4, NULL, NULL),
(9948, 812, 4, NULL, NULL),
(9949, 813, 4, NULL, NULL),
(9950, 814, 4, NULL, NULL),
(9951, 815, 4, NULL, NULL),
(9952, 816, 4, NULL, NULL),
(9953, 817, 4, NULL, NULL),
(9954, 818, 4, NULL, NULL),
(9955, 819, 4, NULL, NULL),
(9956, 820, 4, NULL, NULL),
(9957, 821, 4, NULL, NULL),
(9958, 822, 4, NULL, NULL),
(9959, 823, 4, NULL, NULL),
(9960, 824, 4, NULL, NULL),
(9961, 825, 4, NULL, NULL),
(9962, 826, 4, NULL, NULL),
(9963, 827, 4, NULL, NULL),
(9964, 828, 4, NULL, NULL),
(9965, 829, 4, NULL, NULL),
(9966, 830, 4, NULL, NULL),
(9967, 831, 4, NULL, NULL),
(9968, 832, 4, NULL, NULL),
(9969, 833, 4, NULL, NULL),
(9970, 834, 4, NULL, NULL),
(9971, 835, 4, NULL, NULL),
(9972, 836, 4, NULL, NULL),
(9973, 837, 4, NULL, NULL),
(9974, 838, 4, NULL, NULL),
(9975, 839, 4, NULL, NULL),
(9976, 840, 4, NULL, NULL),
(9977, 841, 4, NULL, NULL),
(9978, 842, 4, NULL, NULL),
(9979, 843, 4, NULL, NULL),
(9980, 844, 4, NULL, NULL),
(9981, 845, 4, NULL, NULL),
(9982, 846, 4, NULL, NULL),
(9983, 847, 4, NULL, NULL),
(9984, 848, 4, NULL, NULL),
(9985, 849, 4, NULL, NULL),
(9986, 850, 4, NULL, NULL),
(9987, 851, 4, NULL, NULL),
(9988, 852, 4, NULL, NULL),
(9989, 853, 4, NULL, NULL),
(9990, 854, 4, NULL, NULL),
(9991, 855, 4, NULL, NULL),
(9992, 856, 4, NULL, NULL),
(9993, 857, 4, NULL, NULL),
(9994, 858, 4, NULL, NULL),
(9995, 859, 4, NULL, NULL),
(9996, 860, 4, NULL, NULL),
(9997, 861, 4, NULL, NULL),
(9998, 862, 4, NULL, NULL),
(9999, 863, 4, NULL, NULL),
(10000, 864, 4, NULL, NULL),
(10001, 865, 4, NULL, NULL),
(10002, 866, 4, NULL, NULL),
(10003, 867, 4, NULL, NULL),
(10004, 868, 4, NULL, NULL),
(10005, 869, 4, NULL, NULL),
(10006, 870, 4, NULL, NULL),
(10007, 871, 4, NULL, NULL),
(10008, 872, 4, NULL, NULL),
(10009, 873, 4, NULL, NULL),
(10010, 874, 4, NULL, NULL),
(10011, 875, 4, NULL, NULL),
(10012, 876, 4, NULL, NULL),
(10013, 877, 4, NULL, NULL),
(10014, 878, 4, NULL, NULL),
(10015, 879, 4, NULL, NULL),
(10016, 880, 4, NULL, NULL),
(10017, 881, 4, NULL, NULL),
(10018, 882, 4, NULL, NULL),
(10019, 883, 4, NULL, NULL),
(10020, 884, 4, NULL, NULL),
(10021, 885, 4, NULL, NULL),
(10022, 886, 4, NULL, NULL),
(10023, 887, 4, NULL, NULL),
(10024, 888, 4, NULL, NULL),
(10025, 889, 4, NULL, NULL),
(10026, 890, 4, NULL, NULL),
(10027, 891, 4, NULL, NULL),
(10028, 892, 4, NULL, NULL),
(10029, 893, 4, NULL, NULL),
(10030, 894, 4, NULL, NULL),
(10031, 895, 4, NULL, NULL),
(10032, 896, 4, NULL, NULL),
(10033, 897, 4, NULL, NULL),
(10034, 898, 4, NULL, NULL),
(10035, 899, 4, NULL, NULL),
(10036, 900, 4, NULL, NULL),
(10037, 901, 4, NULL, NULL),
(10038, 902, 4, NULL, NULL),
(10039, 903, 4, NULL, NULL),
(10040, 904, 4, NULL, NULL),
(10041, 905, 4, NULL, NULL),
(10042, 906, 4, NULL, NULL),
(10043, 907, 4, NULL, NULL),
(10044, 908, 4, NULL, NULL),
(10045, 909, 4, NULL, NULL),
(10046, 910, 4, NULL, NULL),
(10047, 911, 4, NULL, NULL),
(10048, 912, 4, NULL, NULL),
(10049, 913, 4, NULL, NULL),
(10050, 914, 4, NULL, NULL),
(10051, 915, 4, NULL, NULL),
(10052, 916, 4, NULL, NULL),
(10053, 917, 4, NULL, NULL),
(10054, 918, 4, NULL, NULL),
(10055, 919, 4, NULL, NULL),
(10056, 920, 4, NULL, NULL),
(10057, 921, 4, NULL, NULL),
(10058, 922, 4, NULL, NULL),
(10059, 923, 4, NULL, NULL),
(10060, 924, 4, NULL, NULL),
(10061, 925, 4, NULL, NULL),
(10062, 926, 4, NULL, NULL),
(10063, 927, 4, NULL, NULL),
(10064, 928, 4, NULL, NULL),
(10065, 929, 4, NULL, NULL),
(10066, 930, 4, NULL, NULL),
(10067, 931, 4, NULL, NULL),
(10068, 932, 4, NULL, NULL),
(10069, 933, 4, NULL, NULL),
(10070, 934, 4, NULL, NULL),
(10071, 935, 4, NULL, NULL),
(10072, 936, 4, NULL, NULL),
(10073, 937, 4, NULL, NULL),
(10074, 938, 4, NULL, NULL),
(10075, 939, 4, NULL, NULL),
(10076, 940, 4, NULL, NULL),
(10077, 941, 4, NULL, NULL),
(10078, 942, 4, NULL, NULL),
(10079, 943, 4, NULL, NULL),
(10080, 944, 4, NULL, NULL),
(10081, 945, 4, NULL, NULL),
(10082, 946, 4, NULL, NULL),
(10083, 947, 4, NULL, NULL),
(10084, 948, 4, NULL, NULL),
(10085, 949, 4, NULL, NULL),
(10086, 950, 4, NULL, NULL),
(10087, 951, 4, NULL, NULL),
(10088, 952, 4, NULL, NULL),
(10089, 953, 4, NULL, NULL),
(10090, 954, 4, NULL, NULL),
(10091, 955, 4, NULL, NULL),
(10092, 956, 4, NULL, NULL),
(10093, 957, 4, NULL, NULL),
(10094, 958, 4, NULL, NULL),
(10095, 959, 4, NULL, NULL),
(10096, 960, 4, NULL, NULL),
(10097, 961, 4, NULL, NULL),
(10098, 962, 4, NULL, NULL),
(10099, 963, 4, NULL, NULL),
(10100, 964, 4, NULL, NULL),
(10101, 965, 4, NULL, NULL),
(10102, 966, 4, NULL, NULL),
(10103, 967, 4, NULL, NULL),
(10104, 968, 4, NULL, NULL),
(10105, 969, 4, NULL, NULL),
(10106, 970, 4, NULL, NULL),
(10107, 971, 4, NULL, NULL),
(10108, 972, 4, NULL, NULL),
(10109, 973, 4, NULL, NULL),
(10110, 974, 4, NULL, NULL),
(10111, 975, 4, NULL, NULL),
(10112, 976, 4, NULL, NULL),
(10113, 977, 4, NULL, NULL),
(10114, 978, 4, NULL, NULL),
(10115, 979, 4, NULL, NULL),
(10116, 980, 4, NULL, NULL),
(10117, 981, 4, NULL, NULL),
(10118, 982, 4, NULL, NULL),
(10119, 983, 4, NULL, NULL),
(10120, 984, 4, NULL, NULL),
(10121, 985, 4, NULL, NULL),
(10122, 986, 4, NULL, NULL),
(10123, 987, 4, NULL, NULL),
(10124, 988, 4, NULL, NULL),
(10125, 989, 4, NULL, NULL),
(10126, 990, 4, NULL, NULL),
(10127, 991, 4, NULL, NULL),
(10128, 992, 4, NULL, NULL),
(10129, 993, 4, NULL, NULL),
(10130, 994, 4, NULL, NULL),
(10131, 995, 4, NULL, NULL),
(10132, 996, 4, NULL, NULL),
(10133, 997, 4, NULL, NULL),
(10134, 998, 4, NULL, NULL),
(10135, 999, 4, NULL, NULL),
(10136, 1000, 4, NULL, NULL),
(10137, 1001, 4, NULL, NULL),
(10138, 1002, 4, NULL, NULL),
(10139, 1003, 4, NULL, NULL),
(10140, 1004, 4, NULL, NULL),
(10141, 1005, 4, NULL, NULL),
(10142, 1006, 4, NULL, NULL),
(10143, 1007, 4, NULL, NULL),
(10144, 1008, 4, NULL, NULL),
(10145, 1009, 4, NULL, NULL),
(10146, 1010, 4, NULL, NULL),
(10147, 1011, 4, NULL, NULL),
(10148, 1012, 4, NULL, NULL),
(10149, 1013, 4, NULL, NULL),
(10150, 1014, 4, NULL, NULL),
(10151, 1015, 4, NULL, NULL),
(10152, 1016, 4, NULL, NULL),
(10153, 1017, 4, NULL, NULL),
(10154, 1018, 4, NULL, NULL),
(10155, 1019, 4, NULL, NULL),
(10156, 1020, 4, NULL, NULL),
(10157, 1021, 4, NULL, NULL),
(10158, 1022, 4, NULL, NULL),
(10159, 1023, 4, NULL, NULL),
(10160, 1024, 4, NULL, NULL),
(10161, 1025, 4, NULL, NULL),
(10162, 1026, 4, NULL, NULL),
(10163, 1027, 4, NULL, NULL),
(10164, 1028, 4, NULL, NULL),
(10165, 1029, 4, NULL, NULL),
(10166, 1030, 4, NULL, NULL),
(10167, 1031, 4, NULL, NULL),
(10168, 1032, 4, NULL, NULL),
(10169, 1033, 4, NULL, NULL),
(10170, 1034, 4, NULL, NULL),
(10171, 1035, 4, NULL, NULL),
(10172, 1036, 4, NULL, NULL),
(10173, 1037, 4, NULL, NULL),
(10174, 1038, 4, NULL, NULL),
(10175, 1039, 4, NULL, NULL),
(10176, 1040, 4, NULL, NULL),
(10177, 1041, 4, NULL, NULL),
(10178, 1042, 4, NULL, NULL),
(10179, 1043, 4, NULL, NULL),
(10180, 1044, 4, NULL, NULL),
(10181, 1045, 4, NULL, NULL),
(10182, 1046, 4, NULL, NULL),
(10183, 1047, 4, NULL, NULL),
(10184, 1048, 4, NULL, NULL),
(10185, 1049, 4, NULL, NULL),
(10186, 1050, 4, NULL, NULL),
(10187, 1051, 4, NULL, NULL),
(10188, 1052, 4, NULL, NULL),
(10189, 1053, 4, NULL, NULL),
(10190, 1054, 4, NULL, NULL),
(10191, 1055, 4, NULL, NULL),
(10192, 1056, 4, NULL, NULL),
(10193, 1057, 4, NULL, NULL),
(10194, 1058, 4, NULL, NULL),
(10195, 1059, 4, NULL, NULL),
(10196, 1060, 4, NULL, NULL),
(10197, 1061, 4, NULL, NULL),
(10198, 1062, 4, NULL, NULL),
(10199, 1063, 4, NULL, NULL),
(10200, 1064, 4, NULL, NULL),
(10201, 1065, 4, NULL, NULL),
(10202, 1066, 4, NULL, NULL),
(10203, 1067, 4, NULL, NULL),
(10204, 1068, 4, NULL, NULL),
(10205, 1069, 4, NULL, NULL),
(10206, 1070, 4, NULL, NULL),
(10207, 1071, 4, NULL, NULL),
(10208, 1072, 4, NULL, NULL),
(10209, 1073, 4, NULL, NULL),
(10210, 1074, 4, NULL, NULL),
(10211, 1075, 4, NULL, NULL),
(10212, 1076, 4, NULL, NULL),
(10213, 1077, 4, NULL, NULL),
(10214, 1078, 4, NULL, NULL),
(10215, 1079, 4, NULL, NULL),
(10216, 1080, 4, NULL, NULL),
(10217, 1081, 4, NULL, NULL),
(10218, 1082, 4, NULL, NULL),
(10219, 1083, 4, NULL, NULL),
(10220, 1084, 4, NULL, NULL),
(10221, 1085, 4, NULL, NULL),
(10222, 1086, 4, NULL, NULL),
(10223, 1087, 4, NULL, NULL),
(10224, 1088, 4, NULL, NULL),
(10225, 1089, 4, NULL, NULL),
(10226, 1090, 4, NULL, NULL),
(10227, 1091, 4, NULL, NULL),
(10228, 1092, 4, NULL, NULL),
(10229, 1093, 4, NULL, NULL),
(10230, 1094, 4, NULL, NULL),
(10231, 1095, 4, NULL, NULL),
(10232, 1096, 4, NULL, NULL),
(10233, 732, 5, NULL, NULL),
(10234, 733, 5, NULL, NULL),
(10235, 734, 5, NULL, NULL),
(10236, 735, 5, NULL, NULL),
(10237, 736, 5, NULL, NULL),
(10238, 737, 5, NULL, NULL),
(10239, 738, 5, NULL, NULL),
(10240, 739, 5, NULL, NULL),
(10241, 740, 5, NULL, NULL),
(10242, 741, 5, NULL, NULL),
(10243, 742, 5, NULL, NULL),
(10244, 743, 5, NULL, NULL),
(10245, 744, 5, NULL, NULL),
(10246, 745, 5, NULL, NULL),
(10247, 746, 5, NULL, NULL),
(10248, 747, 5, NULL, NULL),
(10249, 748, 5, NULL, NULL),
(10250, 749, 5, NULL, NULL),
(10251, 750, 5, NULL, NULL),
(10252, 751, 5, NULL, NULL),
(10253, 752, 5, NULL, NULL),
(10254, 753, 5, NULL, NULL),
(10255, 754, 5, NULL, NULL),
(10256, 755, 5, NULL, NULL),
(10257, 756, 5, NULL, NULL),
(10258, 757, 5, NULL, NULL),
(10259, 758, 5, NULL, NULL),
(10260, 759, 5, NULL, NULL),
(10261, 760, 5, NULL, NULL),
(10262, 761, 5, NULL, NULL),
(10263, 762, 5, NULL, NULL),
(10264, 763, 5, NULL, NULL),
(10265, 764, 5, NULL, NULL),
(10266, 765, 5, NULL, NULL),
(10267, 766, 5, NULL, NULL),
(10268, 767, 5, NULL, NULL),
(10269, 768, 5, NULL, NULL),
(10270, 769, 5, NULL, NULL),
(10271, 770, 5, NULL, NULL),
(10272, 771, 5, NULL, NULL),
(10273, 772, 5, NULL, NULL),
(10274, 773, 5, NULL, NULL),
(10275, 774, 5, NULL, NULL),
(10276, 775, 5, NULL, NULL),
(10277, 776, 5, NULL, NULL),
(10278, 777, 5, NULL, NULL),
(10279, 778, 5, NULL, NULL),
(10280, 779, 5, NULL, NULL),
(10281, 780, 5, NULL, NULL),
(10282, 781, 5, NULL, NULL),
(10283, 782, 5, NULL, NULL),
(10284, 783, 5, NULL, NULL),
(10285, 784, 5, NULL, NULL),
(10286, 785, 5, NULL, NULL),
(10287, 786, 5, NULL, NULL),
(10288, 787, 5, NULL, NULL),
(10289, 788, 5, NULL, NULL),
(10290, 789, 5, NULL, NULL),
(10291, 790, 5, NULL, NULL),
(10292, 791, 5, NULL, NULL),
(10293, 792, 5, NULL, NULL),
(10294, 793, 5, NULL, NULL),
(10295, 794, 5, NULL, NULL),
(10296, 795, 5, NULL, NULL),
(10297, 796, 5, NULL, NULL),
(10298, 797, 5, NULL, NULL),
(10299, 798, 5, NULL, NULL),
(10300, 799, 5, NULL, NULL),
(10301, 800, 5, NULL, NULL),
(10302, 801, 5, NULL, NULL),
(10303, 802, 5, NULL, NULL),
(10304, 803, 5, NULL, NULL),
(10305, 804, 5, NULL, NULL),
(10306, 805, 5, NULL, NULL),
(10307, 806, 5, NULL, NULL),
(10308, 807, 5, NULL, NULL),
(10309, 808, 5, NULL, NULL),
(10310, 809, 5, NULL, NULL),
(10311, 810, 5, NULL, NULL),
(10312, 811, 5, NULL, NULL),
(10313, 812, 5, NULL, NULL),
(10314, 813, 5, NULL, NULL),
(10315, 814, 5, NULL, NULL),
(10316, 815, 5, NULL, NULL),
(10317, 816, 5, NULL, NULL),
(10318, 817, 5, NULL, NULL),
(10319, 818, 5, NULL, NULL),
(10320, 819, 5, NULL, NULL),
(10321, 820, 5, NULL, NULL),
(10322, 821, 5, NULL, NULL),
(10323, 822, 5, NULL, NULL),
(10324, 823, 5, NULL, NULL),
(10325, 824, 5, NULL, NULL),
(10326, 825, 5, NULL, NULL),
(10327, 826, 5, NULL, NULL),
(10328, 827, 5, NULL, NULL),
(10329, 828, 5, NULL, NULL),
(10330, 829, 5, NULL, NULL),
(10331, 830, 5, NULL, NULL),
(10332, 831, 5, NULL, NULL),
(10333, 832, 5, NULL, NULL),
(10334, 833, 5, NULL, NULL),
(10335, 834, 5, NULL, NULL),
(10336, 835, 5, NULL, NULL),
(10337, 836, 5, NULL, NULL),
(10338, 837, 5, NULL, NULL),
(10339, 838, 5, NULL, NULL),
(10340, 839, 5, NULL, NULL),
(10341, 840, 5, NULL, NULL),
(10342, 841, 5, NULL, NULL),
(10343, 842, 5, NULL, NULL),
(10344, 843, 5, NULL, NULL),
(10345, 844, 5, NULL, NULL),
(10346, 845, 5, NULL, NULL),
(10347, 846, 5, NULL, NULL),
(10348, 847, 5, NULL, NULL),
(10349, 848, 5, NULL, NULL),
(10350, 849, 5, NULL, NULL),
(10351, 850, 5, NULL, NULL),
(10352, 851, 5, NULL, NULL),
(10353, 852, 5, NULL, NULL),
(10354, 853, 5, NULL, NULL),
(10355, 854, 5, NULL, NULL),
(10356, 855, 5, NULL, NULL),
(10357, 856, 5, NULL, NULL),
(10358, 857, 5, NULL, NULL),
(10359, 858, 5, NULL, NULL),
(10360, 859, 5, NULL, NULL),
(10361, 860, 5, NULL, NULL),
(10362, 861, 5, NULL, NULL),
(10363, 862, 5, NULL, NULL),
(10364, 863, 5, NULL, NULL),
(10365, 864, 5, NULL, NULL),
(10366, 865, 5, NULL, NULL),
(10367, 866, 5, NULL, NULL),
(10368, 867, 5, NULL, NULL),
(10369, 868, 5, NULL, NULL),
(10370, 869, 5, NULL, NULL),
(10371, 870, 5, NULL, NULL),
(10372, 871, 5, NULL, NULL),
(10373, 872, 5, NULL, NULL),
(10374, 873, 5, NULL, NULL),
(10375, 874, 5, NULL, NULL),
(10376, 875, 5, NULL, NULL),
(10377, 876, 5, NULL, NULL),
(10378, 877, 5, NULL, NULL),
(10379, 878, 5, NULL, NULL),
(10380, 879, 5, NULL, NULL),
(10381, 880, 5, NULL, NULL),
(10382, 881, 5, NULL, NULL),
(10383, 882, 5, NULL, NULL),
(10384, 883, 5, NULL, NULL),
(10385, 884, 5, NULL, NULL),
(10386, 885, 5, NULL, NULL),
(10387, 886, 5, NULL, NULL),
(10388, 887, 5, NULL, NULL),
(10389, 888, 5, NULL, NULL),
(10390, 889, 5, NULL, NULL),
(10391, 890, 5, NULL, NULL),
(10392, 891, 5, NULL, NULL),
(10393, 892, 5, NULL, NULL),
(10394, 893, 5, NULL, NULL),
(10395, 894, 5, NULL, NULL),
(10396, 895, 5, NULL, NULL),
(10397, 896, 5, NULL, NULL),
(10398, 897, 5, NULL, NULL),
(10399, 898, 5, NULL, NULL),
(10400, 899, 5, NULL, NULL),
(10401, 900, 5, NULL, NULL),
(10402, 901, 5, NULL, NULL),
(10403, 902, 5, NULL, NULL),
(10404, 903, 5, NULL, NULL),
(10405, 904, 5, NULL, NULL),
(10406, 905, 5, NULL, NULL),
(10407, 906, 5, NULL, NULL),
(10408, 907, 5, NULL, NULL),
(10409, 908, 5, NULL, NULL),
(10410, 909, 5, NULL, NULL),
(10411, 910, 5, NULL, NULL),
(10412, 911, 5, NULL, NULL),
(10413, 912, 5, NULL, NULL),
(10414, 913, 5, NULL, NULL),
(10415, 914, 5, NULL, NULL),
(10416, 915, 5, NULL, NULL),
(10417, 916, 5, NULL, NULL),
(10418, 917, 5, NULL, NULL),
(10419, 918, 5, NULL, NULL),
(10420, 919, 5, NULL, NULL),
(10421, 920, 5, NULL, NULL),
(10422, 921, 5, NULL, NULL),
(10423, 922, 5, NULL, NULL),
(10424, 923, 5, NULL, NULL),
(10425, 924, 5, NULL, NULL),
(10426, 925, 5, NULL, NULL),
(10427, 926, 5, NULL, NULL),
(10428, 927, 5, NULL, NULL),
(10429, 928, 5, NULL, NULL),
(10430, 929, 5, NULL, NULL),
(10431, 930, 5, NULL, NULL),
(10432, 931, 5, NULL, NULL),
(10433, 932, 5, NULL, NULL),
(10434, 933, 5, NULL, NULL),
(10435, 934, 5, NULL, NULL),
(10436, 935, 5, NULL, NULL),
(10437, 936, 5, NULL, NULL),
(10438, 937, 5, NULL, NULL),
(10439, 938, 5, NULL, NULL),
(10440, 939, 5, NULL, NULL),
(10441, 940, 5, NULL, NULL),
(10442, 941, 5, NULL, NULL),
(10443, 942, 5, NULL, NULL),
(10444, 943, 5, NULL, NULL),
(10445, 944, 5, NULL, NULL),
(10446, 945, 5, NULL, NULL),
(10447, 946, 5, NULL, NULL),
(10448, 947, 5, NULL, NULL),
(10449, 948, 5, NULL, NULL),
(10450, 949, 5, NULL, NULL),
(10451, 950, 5, NULL, NULL),
(10452, 951, 5, NULL, NULL),
(10453, 952, 5, NULL, NULL),
(10454, 953, 5, NULL, NULL),
(10455, 954, 5, NULL, NULL),
(10456, 955, 5, NULL, NULL),
(10457, 956, 5, NULL, NULL),
(10458, 957, 5, NULL, NULL),
(10459, 958, 5, NULL, NULL),
(10460, 959, 5, NULL, NULL),
(10461, 960, 5, NULL, NULL),
(10462, 961, 5, NULL, NULL),
(10463, 962, 5, NULL, NULL),
(10464, 963, 5, NULL, NULL),
(10465, 964, 5, NULL, NULL),
(10466, 965, 5, NULL, NULL),
(10467, 966, 5, NULL, NULL),
(10468, 967, 5, NULL, NULL),
(10469, 968, 5, NULL, NULL),
(10470, 969, 5, NULL, NULL),
(10471, 970, 5, NULL, NULL),
(10472, 971, 5, NULL, NULL),
(10473, 972, 5, NULL, NULL),
(10474, 973, 5, NULL, NULL),
(10475, 974, 5, NULL, NULL),
(10476, 975, 5, NULL, NULL),
(10477, 976, 5, NULL, NULL),
(10478, 977, 5, NULL, NULL),
(10479, 978, 5, NULL, NULL),
(10480, 979, 5, NULL, NULL),
(10481, 980, 5, NULL, NULL),
(10482, 981, 5, NULL, NULL),
(10483, 982, 5, NULL, NULL),
(10484, 983, 5, NULL, NULL),
(10485, 984, 5, NULL, NULL),
(10486, 985, 5, NULL, NULL),
(10487, 986, 5, NULL, NULL),
(10488, 987, 5, NULL, NULL),
(10489, 988, 5, NULL, NULL),
(10490, 989, 5, NULL, NULL),
(10491, 990, 5, NULL, NULL),
(10492, 991, 5, NULL, NULL),
(10493, 992, 5, NULL, NULL),
(10494, 993, 5, NULL, NULL),
(10495, 994, 5, NULL, NULL),
(10496, 995, 5, NULL, NULL),
(10497, 996, 5, NULL, NULL),
(10498, 997, 5, NULL, NULL),
(10499, 998, 5, NULL, NULL),
(10500, 999, 5, NULL, NULL),
(10501, 1000, 5, NULL, NULL),
(10502, 1001, 5, NULL, NULL),
(10503, 1002, 5, NULL, NULL),
(10504, 1003, 5, NULL, NULL),
(10505, 1004, 5, NULL, NULL),
(10506, 1005, 5, NULL, NULL),
(10507, 1006, 5, NULL, NULL),
(10508, 1007, 5, NULL, NULL),
(10509, 1008, 5, NULL, NULL),
(10510, 1009, 5, NULL, NULL),
(10511, 1010, 5, NULL, NULL),
(10512, 1011, 5, NULL, NULL),
(10513, 1012, 5, NULL, NULL),
(10514, 1013, 5, NULL, NULL),
(10515, 1014, 5, NULL, NULL),
(10516, 1015, 5, NULL, NULL),
(10517, 1016, 5, NULL, NULL),
(10518, 1017, 5, NULL, NULL),
(10519, 1018, 5, NULL, NULL),
(10520, 1019, 5, NULL, NULL),
(10521, 1020, 5, NULL, NULL),
(10522, 1021, 5, NULL, NULL),
(10523, 1022, 5, NULL, NULL),
(10524, 1023, 5, NULL, NULL),
(10525, 1024, 5, NULL, NULL),
(10526, 1025, 5, NULL, NULL),
(10527, 1026, 5, NULL, NULL),
(10528, 1027, 5, NULL, NULL),
(10529, 1028, 5, NULL, NULL),
(10530, 1029, 5, NULL, NULL),
(10531, 1030, 5, NULL, NULL),
(10532, 1031, 5, NULL, NULL),
(10533, 1032, 5, NULL, NULL),
(10534, 1033, 5, NULL, NULL),
(10535, 1034, 5, NULL, NULL),
(10536, 1035, 5, NULL, NULL),
(10537, 1036, 5, NULL, NULL),
(10538, 1037, 5, NULL, NULL),
(10539, 1038, 5, NULL, NULL),
(10540, 1039, 5, NULL, NULL),
(10541, 1040, 5, NULL, NULL),
(10542, 1041, 5, NULL, NULL),
(10543, 1042, 5, NULL, NULL),
(10544, 1043, 5, NULL, NULL),
(10545, 1044, 5, NULL, NULL),
(10546, 1045, 5, NULL, NULL),
(10547, 1046, 5, NULL, NULL),
(10548, 1047, 5, NULL, NULL),
(10549, 1048, 5, NULL, NULL),
(10550, 1049, 5, NULL, NULL),
(10551, 1050, 5, NULL, NULL),
(10552, 1051, 5, NULL, NULL),
(10553, 1052, 5, NULL, NULL),
(10554, 1053, 5, NULL, NULL),
(10555, 1054, 5, NULL, NULL),
(10556, 1055, 5, NULL, NULL),
(10557, 1056, 5, NULL, NULL),
(10558, 1057, 5, NULL, NULL),
(10559, 1058, 5, NULL, NULL),
(10560, 1059, 5, NULL, NULL),
(10561, 1060, 5, NULL, NULL),
(10562, 1061, 5, NULL, NULL),
(10563, 1062, 5, NULL, NULL),
(10564, 1063, 5, NULL, NULL),
(10565, 1064, 5, NULL, NULL),
(10566, 1065, 5, NULL, NULL),
(10567, 1066, 5, NULL, NULL),
(10568, 1067, 5, NULL, NULL),
(10569, 1068, 5, NULL, NULL),
(10570, 1069, 5, NULL, NULL),
(10571, 1070, 5, NULL, NULL),
(10572, 1071, 5, NULL, NULL),
(10573, 1072, 5, NULL, NULL),
(10574, 1073, 5, NULL, NULL),
(10575, 1074, 5, NULL, NULL),
(10576, 1075, 5, NULL, NULL),
(10577, 1076, 5, NULL, NULL),
(10578, 1077, 5, NULL, NULL),
(10579, 1078, 5, NULL, NULL),
(10580, 1079, 5, NULL, NULL),
(10581, 1080, 5, NULL, NULL),
(10582, 1081, 5, NULL, NULL),
(10583, 1082, 5, NULL, NULL),
(10584, 1083, 5, NULL, NULL),
(10585, 1084, 5, NULL, NULL),
(10586, 1085, 5, NULL, NULL),
(10587, 1086, 5, NULL, NULL),
(10588, 1087, 5, NULL, NULL),
(10589, 1088, 5, NULL, NULL),
(10590, 1089, 5, NULL, NULL),
(10591, 1090, 5, NULL, NULL),
(10592, 1091, 5, NULL, NULL),
(10593, 1092, 5, NULL, NULL),
(10594, 1093, 5, NULL, NULL),
(10595, 1094, 5, NULL, NULL),
(10596, 1095, 5, NULL, NULL),
(10597, 1096, 5, NULL, NULL),
(10598, 732, 6, NULL, NULL),
(10599, 733, 6, NULL, NULL),
(10600, 734, 6, NULL, NULL),
(10601, 735, 6, NULL, NULL),
(10602, 736, 6, NULL, NULL),
(10603, 737, 6, NULL, NULL),
(10604, 738, 6, NULL, NULL),
(10605, 739, 6, NULL, NULL),
(10606, 740, 6, NULL, NULL),
(10607, 741, 6, NULL, NULL),
(10608, 742, 6, NULL, NULL),
(10609, 743, 6, NULL, NULL),
(10610, 744, 6, NULL, NULL),
(10611, 745, 6, NULL, NULL),
(10612, 746, 6, NULL, NULL),
(10613, 747, 6, NULL, NULL),
(10614, 748, 6, NULL, NULL),
(10615, 749, 6, NULL, NULL),
(10616, 750, 6, NULL, NULL),
(10617, 751, 6, NULL, NULL),
(10618, 752, 6, NULL, NULL),
(10619, 753, 6, NULL, NULL),
(10620, 754, 6, NULL, NULL),
(10621, 755, 6, NULL, NULL),
(10622, 756, 6, NULL, NULL),
(10623, 757, 6, NULL, NULL),
(10624, 758, 6, NULL, NULL),
(10625, 759, 6, NULL, NULL),
(10626, 760, 6, NULL, NULL),
(10627, 761, 6, NULL, NULL),
(10628, 762, 6, NULL, NULL),
(10629, 763, 6, NULL, NULL),
(10630, 764, 6, NULL, NULL),
(10631, 765, 6, NULL, NULL),
(10632, 766, 6, NULL, NULL),
(10633, 767, 6, NULL, NULL),
(10634, 768, 6, NULL, NULL),
(10635, 769, 6, NULL, NULL),
(10636, 770, 6, NULL, NULL),
(10637, 771, 6, NULL, NULL),
(10638, 772, 6, NULL, NULL),
(10639, 773, 6, NULL, NULL),
(10640, 774, 6, NULL, NULL),
(10641, 775, 6, NULL, NULL),
(10642, 776, 6, NULL, NULL),
(10643, 777, 6, NULL, NULL),
(10644, 778, 6, NULL, NULL),
(10645, 779, 6, NULL, NULL),
(10646, 780, 6, NULL, NULL),
(10647, 781, 6, NULL, NULL),
(10648, 782, 6, NULL, NULL),
(10649, 783, 6, NULL, NULL),
(10650, 784, 6, NULL, NULL),
(10651, 785, 6, NULL, NULL),
(10652, 786, 6, NULL, NULL),
(10653, 787, 6, NULL, NULL),
(10654, 788, 6, NULL, NULL),
(10655, 789, 6, NULL, NULL),
(10656, 790, 6, NULL, NULL),
(10657, 791, 6, NULL, NULL),
(10658, 792, 6, NULL, NULL),
(10659, 793, 6, NULL, NULL),
(10660, 794, 6, NULL, NULL),
(10661, 795, 6, NULL, NULL),
(10662, 796, 6, NULL, NULL),
(10663, 797, 6, NULL, NULL),
(10664, 798, 6, NULL, NULL),
(10665, 799, 6, NULL, NULL),
(10666, 800, 6, NULL, NULL),
(10667, 801, 6, NULL, NULL),
(10668, 802, 6, NULL, NULL),
(10669, 803, 6, NULL, NULL),
(10670, 804, 6, NULL, NULL),
(10671, 805, 6, NULL, NULL),
(10672, 806, 6, NULL, NULL),
(10673, 807, 6, NULL, NULL),
(10674, 808, 6, NULL, NULL),
(10675, 809, 6, NULL, NULL),
(10676, 810, 6, NULL, NULL),
(10677, 811, 6, NULL, NULL),
(10678, 812, 6, NULL, NULL),
(10679, 813, 6, NULL, NULL),
(10680, 814, 6, NULL, NULL),
(10681, 815, 6, NULL, NULL),
(10682, 816, 6, NULL, NULL),
(10683, 817, 6, NULL, NULL),
(10684, 818, 6, NULL, NULL),
(10685, 819, 6, NULL, NULL),
(10686, 820, 6, NULL, NULL),
(10687, 821, 6, NULL, NULL),
(10688, 822, 6, NULL, NULL),
(10689, 823, 6, NULL, NULL),
(10690, 824, 6, NULL, NULL),
(10691, 825, 6, NULL, NULL),
(10692, 826, 6, NULL, NULL),
(10693, 827, 6, NULL, NULL),
(10694, 828, 6, NULL, NULL),
(10695, 829, 6, NULL, NULL),
(10696, 830, 6, NULL, NULL),
(10697, 831, 6, NULL, NULL),
(10698, 832, 6, NULL, NULL),
(10699, 833, 6, NULL, NULL),
(10700, 834, 6, NULL, NULL),
(10701, 835, 6, NULL, NULL),
(10702, 836, 6, NULL, NULL),
(10703, 837, 6, NULL, NULL),
(10704, 838, 6, NULL, NULL),
(10705, 839, 6, NULL, NULL),
(10706, 840, 6, NULL, NULL),
(10707, 841, 6, NULL, NULL),
(10708, 842, 6, NULL, NULL),
(10709, 843, 6, NULL, NULL),
(10710, 844, 6, NULL, NULL),
(10711, 845, 6, NULL, NULL),
(10712, 846, 6, NULL, NULL),
(10713, 847, 6, NULL, NULL),
(10714, 848, 6, NULL, NULL),
(10715, 849, 6, NULL, NULL),
(10716, 850, 6, NULL, NULL),
(10717, 851, 6, NULL, NULL),
(10718, 852, 6, NULL, NULL),
(10719, 853, 6, NULL, NULL),
(10720, 854, 6, NULL, NULL),
(10721, 855, 6, NULL, NULL),
(10722, 856, 6, NULL, NULL),
(10723, 857, 6, NULL, NULL),
(10724, 858, 6, NULL, NULL),
(10725, 859, 6, NULL, NULL),
(10726, 860, 6, NULL, NULL),
(10727, 861, 6, NULL, NULL),
(10728, 862, 6, NULL, NULL),
(10729, 863, 6, NULL, NULL),
(10730, 864, 6, NULL, NULL),
(10731, 865, 6, NULL, NULL),
(10732, 866, 6, NULL, NULL),
(10733, 867, 6, NULL, NULL),
(10734, 868, 6, NULL, NULL),
(10735, 869, 6, NULL, NULL),
(10736, 870, 6, NULL, NULL),
(10737, 871, 6, NULL, NULL),
(10738, 872, 6, NULL, NULL),
(10739, 873, 6, NULL, NULL),
(10740, 874, 6, NULL, NULL),
(10741, 875, 6, NULL, NULL),
(10742, 876, 6, NULL, NULL),
(10743, 877, 6, NULL, NULL),
(10744, 878, 6, NULL, NULL),
(10745, 879, 6, NULL, NULL),
(10746, 880, 6, NULL, NULL),
(10747, 881, 6, NULL, NULL),
(10748, 882, 6, NULL, NULL),
(10749, 883, 6, NULL, NULL),
(10750, 884, 6, NULL, NULL),
(10751, 885, 6, NULL, NULL),
(10752, 886, 6, NULL, NULL),
(10753, 887, 6, NULL, NULL),
(10754, 888, 6, NULL, NULL),
(10755, 889, 6, NULL, NULL),
(10756, 890, 6, NULL, NULL),
(10757, 891, 6, NULL, NULL),
(10758, 892, 6, NULL, NULL),
(10759, 893, 6, NULL, NULL),
(10760, 894, 6, NULL, NULL),
(10761, 895, 6, NULL, NULL),
(10762, 896, 6, NULL, NULL),
(10763, 897, 6, NULL, NULL),
(10764, 898, 6, NULL, NULL),
(10765, 899, 6, NULL, NULL),
(10766, 900, 6, NULL, NULL),
(10767, 901, 6, NULL, NULL),
(10768, 902, 6, NULL, NULL),
(10769, 903, 6, NULL, NULL),
(10770, 904, 6, NULL, NULL),
(10771, 905, 6, NULL, NULL),
(10772, 906, 6, NULL, NULL),
(10773, 907, 6, NULL, NULL),
(10774, 908, 6, NULL, NULL),
(10775, 909, 6, NULL, NULL),
(10776, 910, 6, NULL, NULL),
(10777, 911, 6, NULL, NULL),
(10778, 912, 6, NULL, NULL),
(10779, 913, 6, NULL, NULL),
(10780, 914, 6, NULL, NULL),
(10781, 915, 6, NULL, NULL),
(10782, 916, 6, NULL, NULL),
(10783, 917, 6, NULL, NULL),
(10784, 918, 6, NULL, NULL),
(10785, 919, 6, NULL, NULL),
(10786, 920, 6, NULL, NULL),
(10787, 921, 6, NULL, NULL),
(10788, 922, 6, NULL, NULL),
(10789, 923, 6, NULL, NULL),
(10790, 924, 6, NULL, NULL),
(10791, 925, 6, NULL, NULL),
(10792, 926, 6, NULL, NULL),
(10793, 927, 6, NULL, NULL),
(10794, 928, 6, NULL, NULL),
(10795, 929, 6, NULL, NULL),
(10796, 930, 6, NULL, NULL),
(10797, 931, 6, NULL, NULL),
(10798, 932, 6, NULL, NULL),
(10799, 933, 6, NULL, NULL),
(10800, 934, 6, NULL, NULL),
(10801, 935, 6, NULL, NULL),
(10802, 936, 6, NULL, NULL),
(10803, 937, 6, NULL, NULL),
(10804, 938, 6, NULL, NULL),
(10805, 939, 6, NULL, NULL),
(10806, 940, 6, NULL, NULL),
(10807, 941, 6, NULL, NULL),
(10808, 942, 6, NULL, NULL),
(10809, 943, 6, NULL, NULL),
(10810, 944, 6, NULL, NULL),
(10811, 945, 6, NULL, NULL),
(10812, 946, 6, NULL, NULL),
(10813, 947, 6, NULL, NULL),
(10814, 948, 6, NULL, NULL),
(10815, 949, 6, NULL, NULL),
(10816, 950, 6, NULL, NULL),
(10817, 951, 6, NULL, NULL),
(10818, 952, 6, NULL, NULL),
(10819, 953, 6, NULL, NULL),
(10820, 954, 6, NULL, NULL),
(10821, 955, 6, NULL, NULL),
(10822, 956, 6, NULL, NULL),
(10823, 957, 6, NULL, NULL),
(10824, 958, 6, NULL, NULL),
(10825, 959, 6, NULL, NULL),
(10826, 960, 6, NULL, NULL),
(10827, 961, 6, NULL, NULL),
(10828, 962, 6, NULL, NULL),
(10829, 963, 6, NULL, NULL),
(10830, 964, 6, NULL, NULL),
(10831, 965, 6, NULL, NULL),
(10832, 966, 6, NULL, NULL),
(10833, 967, 6, NULL, NULL),
(10834, 968, 6, NULL, NULL),
(10835, 969, 6, NULL, NULL),
(10836, 970, 6, NULL, NULL),
(10837, 971, 6, NULL, NULL),
(10838, 972, 6, NULL, NULL),
(10839, 973, 6, NULL, NULL),
(10840, 974, 6, NULL, NULL),
(10841, 975, 6, NULL, NULL),
(10842, 976, 6, NULL, NULL),
(10843, 977, 6, NULL, NULL),
(10844, 978, 6, NULL, NULL),
(10845, 979, 6, NULL, NULL),
(10846, 980, 6, NULL, NULL),
(10847, 981, 6, NULL, NULL),
(10848, 982, 6, NULL, NULL),
(10849, 983, 6, NULL, NULL),
(10850, 984, 6, NULL, NULL),
(10851, 985, 6, NULL, NULL),
(10852, 986, 6, NULL, NULL),
(10853, 987, 6, NULL, NULL),
(10854, 988, 6, NULL, NULL),
(10855, 989, 6, NULL, NULL),
(10856, 990, 6, NULL, NULL),
(10857, 991, 6, NULL, NULL),
(10858, 992, 6, NULL, NULL),
(10859, 993, 6, NULL, NULL),
(10860, 994, 6, NULL, NULL),
(10861, 995, 6, NULL, NULL),
(10862, 996, 6, NULL, NULL),
(10863, 997, 6, NULL, NULL),
(10864, 998, 6, NULL, NULL),
(10865, 999, 6, NULL, NULL),
(10866, 1000, 6, NULL, NULL),
(10867, 1001, 6, NULL, NULL),
(10868, 1002, 6, NULL, NULL),
(10869, 1003, 6, NULL, NULL),
(10870, 1004, 6, NULL, NULL),
(10871, 1005, 6, NULL, NULL),
(10872, 1006, 6, NULL, NULL),
(10873, 1007, 6, NULL, NULL),
(10874, 1008, 6, NULL, NULL),
(10875, 1009, 6, NULL, NULL),
(10876, 1010, 6, NULL, NULL),
(10877, 1011, 6, NULL, NULL),
(10878, 1012, 6, NULL, NULL),
(10879, 1013, 6, NULL, NULL),
(10880, 1014, 6, NULL, NULL),
(10881, 1015, 6, NULL, NULL),
(10882, 1016, 6, NULL, NULL),
(10883, 1017, 6, NULL, NULL),
(10884, 1018, 6, NULL, NULL),
(10885, 1019, 6, NULL, NULL),
(10886, 1020, 6, NULL, NULL),
(10887, 1021, 6, NULL, NULL),
(10888, 1022, 6, NULL, NULL),
(10889, 1023, 6, NULL, NULL),
(10890, 1024, 6, NULL, NULL),
(10891, 1025, 6, NULL, NULL),
(10892, 1026, 6, NULL, NULL),
(10893, 1027, 6, NULL, NULL),
(10894, 1028, 6, NULL, NULL),
(10895, 1029, 6, NULL, NULL),
(10896, 1030, 6, NULL, NULL),
(10897, 1031, 6, NULL, NULL),
(10898, 1032, 6, NULL, NULL),
(10899, 1033, 6, NULL, NULL),
(10900, 1034, 6, NULL, NULL),
(10901, 1035, 6, NULL, NULL),
(10902, 1036, 6, NULL, NULL),
(10903, 1037, 6, NULL, NULL),
(10904, 1038, 6, NULL, NULL),
(10905, 1039, 6, NULL, NULL),
(10906, 1040, 6, NULL, NULL),
(10907, 1041, 6, NULL, NULL),
(10908, 1042, 6, NULL, NULL),
(10909, 1043, 6, NULL, NULL),
(10910, 1044, 6, NULL, NULL),
(10911, 1045, 6, NULL, NULL),
(10912, 1046, 6, NULL, NULL),
(10913, 1047, 6, NULL, NULL),
(10914, 1048, 6, NULL, NULL),
(10915, 1049, 6, NULL, NULL),
(10916, 1050, 6, NULL, NULL),
(10917, 1051, 6, NULL, NULL),
(10918, 1052, 6, NULL, NULL),
(10919, 1053, 6, NULL, NULL),
(10920, 1054, 6, NULL, NULL),
(10921, 1055, 6, NULL, NULL),
(10922, 1056, 6, NULL, NULL),
(10923, 1057, 6, NULL, NULL),
(10924, 1058, 6, NULL, NULL),
(10925, 1059, 6, NULL, NULL),
(10926, 1060, 6, NULL, NULL),
(10927, 1061, 6, NULL, NULL),
(10928, 1062, 6, NULL, NULL),
(10929, 1063, 6, NULL, NULL),
(10930, 1064, 6, NULL, NULL),
(10931, 1065, 6, NULL, NULL),
(10932, 1066, 6, NULL, NULL),
(10933, 1067, 6, NULL, NULL),
(10934, 1068, 6, NULL, NULL),
(10935, 1069, 6, NULL, NULL),
(10936, 1070, 6, NULL, NULL),
(10937, 1071, 6, NULL, NULL),
(10938, 1072, 6, NULL, NULL),
(10939, 1073, 6, NULL, NULL),
(10940, 1074, 6, NULL, NULL),
(10941, 1075, 6, NULL, NULL),
(10942, 1076, 6, NULL, NULL),
(10943, 1077, 6, NULL, NULL),
(10944, 1078, 6, NULL, NULL),
(10945, 1079, 6, NULL, NULL),
(10946, 1080, 6, NULL, NULL),
(10947, 1081, 6, NULL, NULL),
(10948, 1082, 6, NULL, NULL),
(10949, 1083, 6, NULL, NULL),
(10950, 1084, 6, NULL, NULL),
(10951, 1085, 6, NULL, NULL),
(10952, 1086, 6, NULL, NULL),
(10953, 1087, 6, NULL, NULL),
(10954, 1088, 6, NULL, NULL),
(10955, 1089, 6, NULL, NULL),
(10956, 1090, 6, NULL, NULL),
(10957, 1091, 6, NULL, NULL),
(10958, 1092, 6, NULL, NULL),
(10959, 1093, 6, NULL, NULL),
(10960, 1094, 6, NULL, NULL),
(10961, 1095, 6, NULL, NULL),
(10962, 1096, 6, NULL, NULL),
(10963, 732, 7, NULL, NULL),
(10964, 733, 7, NULL, NULL),
(10965, 734, 7, NULL, NULL),
(10966, 735, 7, NULL, NULL),
(10967, 736, 7, NULL, NULL),
(10968, 737, 7, NULL, NULL),
(10969, 738, 7, NULL, NULL),
(10970, 739, 7, NULL, NULL),
(10971, 740, 7, NULL, NULL),
(10972, 741, 7, NULL, NULL),
(10973, 742, 7, NULL, NULL),
(10974, 743, 7, NULL, NULL),
(10975, 744, 7, NULL, NULL),
(10976, 745, 7, NULL, NULL),
(10977, 746, 7, NULL, NULL),
(10978, 747, 7, NULL, NULL),
(10979, 748, 7, NULL, NULL),
(10980, 749, 7, NULL, NULL),
(10981, 750, 7, NULL, NULL),
(10982, 751, 7, NULL, NULL),
(10983, 752, 7, NULL, NULL),
(10984, 753, 7, NULL, NULL),
(10985, 754, 7, NULL, NULL),
(10986, 755, 7, NULL, NULL),
(10987, 756, 7, NULL, NULL),
(10988, 757, 7, NULL, NULL),
(10989, 758, 7, NULL, NULL),
(10990, 759, 7, NULL, NULL),
(10991, 760, 7, NULL, NULL),
(10992, 761, 7, NULL, NULL),
(10993, 762, 7, NULL, NULL),
(10994, 763, 7, NULL, NULL),
(10995, 764, 7, NULL, NULL),
(10996, 765, 7, NULL, NULL),
(10997, 766, 7, NULL, NULL),
(10998, 767, 7, NULL, NULL),
(10999, 768, 7, NULL, NULL),
(11000, 769, 7, NULL, NULL),
(11001, 770, 7, NULL, NULL),
(11002, 771, 7, NULL, NULL),
(11003, 772, 7, NULL, NULL),
(11004, 773, 7, NULL, NULL),
(11005, 774, 7, NULL, NULL),
(11006, 775, 7, NULL, NULL),
(11007, 776, 7, NULL, NULL),
(11008, 777, 7, NULL, NULL),
(11009, 778, 7, NULL, NULL),
(11010, 779, 7, NULL, NULL),
(11011, 780, 7, NULL, NULL),
(11012, 781, 7, NULL, NULL),
(11013, 782, 7, NULL, NULL),
(11014, 783, 7, NULL, NULL),
(11015, 784, 7, NULL, NULL),
(11016, 785, 7, NULL, NULL),
(11017, 786, 7, NULL, NULL),
(11018, 787, 7, NULL, NULL),
(11019, 788, 7, NULL, NULL),
(11020, 789, 7, NULL, NULL),
(11021, 790, 7, NULL, NULL),
(11022, 791, 7, NULL, NULL),
(11023, 792, 7, NULL, NULL),
(11024, 793, 7, NULL, NULL),
(11025, 794, 7, NULL, NULL),
(11026, 795, 7, NULL, NULL),
(11027, 796, 7, NULL, NULL),
(11028, 797, 7, NULL, NULL),
(11029, 798, 7, NULL, NULL),
(11030, 799, 7, NULL, NULL),
(11031, 800, 7, NULL, NULL),
(11032, 801, 7, NULL, NULL),
(11033, 802, 7, NULL, NULL),
(11034, 803, 7, NULL, NULL),
(11035, 804, 7, NULL, NULL),
(11036, 805, 7, NULL, NULL),
(11037, 806, 7, NULL, NULL),
(11038, 807, 7, NULL, NULL),
(11039, 808, 7, NULL, NULL),
(11040, 809, 7, NULL, NULL),
(11041, 810, 7, NULL, NULL),
(11042, 811, 7, NULL, NULL),
(11043, 812, 7, NULL, NULL),
(11044, 813, 7, NULL, NULL),
(11045, 814, 7, NULL, NULL),
(11046, 815, 7, NULL, NULL),
(11047, 816, 7, NULL, NULL),
(11048, 817, 7, NULL, NULL),
(11049, 818, 7, NULL, NULL),
(11050, 819, 7, NULL, NULL),
(11051, 820, 7, NULL, NULL),
(11052, 821, 7, NULL, NULL),
(11053, 822, 7, NULL, NULL),
(11054, 823, 7, NULL, NULL),
(11055, 824, 7, NULL, NULL),
(11056, 825, 7, NULL, NULL),
(11057, 826, 7, NULL, NULL),
(11058, 827, 7, NULL, NULL),
(11059, 828, 7, NULL, NULL),
(11060, 829, 7, NULL, NULL),
(11061, 830, 7, NULL, NULL),
(11062, 831, 7, NULL, NULL),
(11063, 832, 7, NULL, NULL),
(11064, 833, 7, NULL, NULL),
(11065, 834, 7, NULL, NULL),
(11066, 835, 7, NULL, NULL),
(11067, 836, 7, NULL, NULL),
(11068, 837, 7, NULL, NULL),
(11069, 838, 7, NULL, NULL),
(11070, 839, 7, NULL, NULL),
(11071, 840, 7, NULL, NULL),
(11072, 841, 7, NULL, NULL),
(11073, 842, 7, NULL, NULL),
(11074, 843, 7, NULL, NULL),
(11075, 844, 7, NULL, NULL),
(11076, 845, 7, NULL, NULL),
(11077, 846, 7, NULL, NULL),
(11078, 847, 7, NULL, NULL),
(11079, 848, 7, NULL, NULL),
(11080, 849, 7, NULL, NULL),
(11081, 850, 7, NULL, NULL),
(11082, 851, 7, NULL, NULL),
(11083, 852, 7, NULL, NULL),
(11084, 853, 7, NULL, NULL),
(11085, 854, 7, NULL, NULL),
(11086, 855, 7, NULL, NULL),
(11087, 856, 7, NULL, NULL),
(11088, 857, 7, NULL, NULL),
(11089, 858, 7, NULL, NULL),
(11090, 859, 7, NULL, NULL),
(11091, 860, 7, NULL, NULL),
(11092, 861, 7, NULL, NULL),
(11093, 862, 7, NULL, NULL),
(11094, 863, 7, NULL, NULL),
(11095, 864, 7, NULL, NULL),
(11096, 865, 7, NULL, NULL),
(11097, 866, 7, NULL, NULL),
(11098, 867, 7, NULL, NULL),
(11099, 868, 7, NULL, NULL),
(11100, 869, 7, NULL, NULL),
(11101, 870, 7, NULL, NULL),
(11102, 871, 7, NULL, NULL),
(11103, 872, 7, NULL, NULL),
(11104, 873, 7, NULL, NULL),
(11105, 874, 7, NULL, NULL),
(11106, 875, 7, NULL, NULL),
(11107, 876, 7, NULL, NULL),
(11108, 877, 7, NULL, NULL),
(11109, 878, 7, NULL, NULL),
(11110, 879, 7, NULL, NULL),
(11111, 880, 7, NULL, NULL),
(11112, 881, 7, NULL, NULL),
(11113, 882, 7, NULL, NULL),
(11114, 883, 7, NULL, NULL),
(11115, 884, 7, NULL, NULL),
(11116, 885, 7, NULL, NULL),
(11117, 886, 7, NULL, NULL),
(11118, 887, 7, NULL, NULL),
(11119, 888, 7, NULL, NULL),
(11120, 889, 7, NULL, NULL),
(11121, 890, 7, NULL, NULL),
(11122, 891, 7, NULL, NULL),
(11123, 892, 7, NULL, NULL),
(11124, 893, 7, NULL, NULL),
(11125, 894, 7, NULL, NULL),
(11126, 895, 7, NULL, NULL),
(11127, 896, 7, NULL, NULL),
(11128, 897, 7, NULL, NULL),
(11129, 898, 7, NULL, NULL),
(11130, 899, 7, NULL, NULL),
(11131, 900, 7, NULL, NULL),
(11132, 901, 7, NULL, NULL),
(11133, 902, 7, NULL, NULL),
(11134, 903, 7, NULL, NULL),
(11135, 904, 7, NULL, NULL),
(11136, 905, 7, NULL, NULL),
(11137, 906, 7, NULL, NULL),
(11138, 907, 7, NULL, NULL),
(11139, 908, 7, NULL, NULL),
(11140, 909, 7, NULL, NULL),
(11141, 910, 7, NULL, NULL),
(11142, 911, 7, NULL, NULL),
(11143, 912, 7, NULL, NULL),
(11144, 913, 7, NULL, NULL),
(11145, 914, 7, NULL, NULL),
(11146, 915, 7, NULL, NULL),
(11147, 916, 7, NULL, NULL),
(11148, 917, 7, NULL, NULL),
(11149, 918, 7, NULL, NULL),
(11150, 919, 7, NULL, NULL),
(11151, 920, 7, NULL, NULL),
(11152, 921, 7, NULL, NULL),
(11153, 922, 7, NULL, NULL),
(11154, 923, 7, NULL, NULL),
(11155, 924, 7, NULL, NULL),
(11156, 925, 7, NULL, NULL),
(11157, 926, 7, NULL, NULL),
(11158, 927, 7, NULL, NULL),
(11159, 928, 7, NULL, NULL),
(11160, 929, 7, NULL, NULL),
(11161, 930, 7, NULL, NULL),
(11162, 931, 7, NULL, NULL),
(11163, 932, 7, NULL, NULL),
(11164, 933, 7, NULL, NULL),
(11165, 934, 7, NULL, NULL),
(11166, 935, 7, NULL, NULL),
(11167, 936, 7, NULL, NULL),
(11168, 937, 7, NULL, NULL),
(11169, 938, 7, NULL, NULL),
(11170, 939, 7, NULL, NULL),
(11171, 940, 7, NULL, NULL),
(11172, 941, 7, NULL, NULL),
(11173, 942, 7, NULL, NULL),
(11174, 943, 7, NULL, NULL),
(11175, 944, 7, NULL, NULL),
(11176, 945, 7, NULL, NULL),
(11177, 946, 7, NULL, NULL),
(11178, 947, 7, NULL, NULL),
(11179, 948, 7, NULL, NULL),
(11180, 949, 7, NULL, NULL),
(11181, 950, 7, NULL, NULL),
(11182, 951, 7, NULL, NULL),
(11183, 952, 7, NULL, NULL),
(11184, 953, 7, NULL, NULL),
(11185, 954, 7, NULL, NULL),
(11186, 955, 7, NULL, NULL),
(11187, 956, 7, NULL, NULL),
(11188, 957, 7, NULL, NULL),
(11189, 958, 7, NULL, NULL),
(11190, 959, 7, NULL, NULL),
(11191, 960, 7, NULL, NULL),
(11192, 961, 7, NULL, NULL),
(11193, 962, 7, NULL, NULL),
(11194, 963, 7, NULL, NULL),
(11195, 964, 7, NULL, NULL),
(11196, 965, 7, NULL, NULL),
(11197, 966, 7, NULL, NULL),
(11198, 967, 7, NULL, NULL),
(11199, 968, 7, NULL, NULL),
(11200, 969, 7, NULL, NULL),
(11201, 970, 7, NULL, NULL),
(11202, 971, 7, NULL, NULL),
(11203, 972, 7, NULL, NULL),
(11204, 973, 7, NULL, NULL),
(11205, 974, 7, NULL, NULL),
(11206, 975, 7, NULL, NULL),
(11207, 976, 7, NULL, NULL),
(11208, 977, 7, NULL, NULL),
(11209, 978, 7, NULL, NULL),
(11210, 979, 7, NULL, NULL),
(11211, 980, 7, NULL, NULL),
(11212, 981, 7, NULL, NULL),
(11213, 982, 7, NULL, NULL),
(11214, 983, 7, NULL, NULL),
(11215, 984, 7, NULL, NULL),
(11216, 985, 7, NULL, NULL),
(11217, 986, 7, NULL, NULL),
(11218, 987, 7, NULL, NULL),
(11219, 988, 7, NULL, NULL),
(11220, 989, 7, NULL, NULL),
(11221, 990, 7, NULL, NULL),
(11222, 991, 7, NULL, NULL),
(11223, 992, 7, NULL, NULL),
(11224, 993, 7, NULL, NULL),
(11225, 994, 7, NULL, NULL),
(11226, 995, 7, NULL, NULL),
(11227, 996, 7, NULL, NULL),
(11228, 997, 7, NULL, NULL),
(11229, 998, 7, NULL, NULL),
(11230, 999, 7, NULL, NULL),
(11231, 1000, 7, NULL, NULL),
(11232, 1001, 7, NULL, NULL),
(11233, 1002, 7, NULL, NULL),
(11234, 1003, 7, NULL, NULL),
(11235, 1004, 7, NULL, NULL),
(11236, 1005, 7, NULL, NULL),
(11237, 1006, 7, NULL, NULL),
(11238, 1007, 7, NULL, NULL),
(11239, 1008, 7, NULL, NULL),
(11240, 1009, 7, NULL, NULL),
(11241, 1010, 7, NULL, NULL),
(11242, 1011, 7, NULL, NULL),
(11243, 1012, 7, NULL, NULL),
(11244, 1013, 7, NULL, NULL),
(11245, 1014, 7, NULL, NULL),
(11246, 1015, 7, NULL, NULL),
(11247, 1016, 7, NULL, NULL),
(11248, 1017, 7, NULL, NULL),
(11249, 1018, 7, NULL, NULL),
(11250, 1019, 7, NULL, NULL),
(11251, 1020, 7, NULL, NULL),
(11252, 1021, 7, NULL, NULL),
(11253, 1022, 7, NULL, NULL),
(11254, 1023, 7, NULL, NULL),
(11255, 1024, 7, NULL, NULL),
(11256, 1025, 7, NULL, NULL),
(11257, 1026, 7, NULL, NULL),
(11258, 1027, 7, NULL, NULL),
(11259, 1028, 7, NULL, NULL),
(11260, 1029, 7, NULL, NULL),
(11261, 1030, 7, NULL, NULL),
(11262, 1031, 7, NULL, NULL),
(11263, 1032, 7, NULL, NULL),
(11264, 1033, 7, NULL, NULL),
(11265, 1034, 7, NULL, NULL),
(11266, 1035, 7, NULL, NULL),
(11267, 1036, 7, NULL, NULL),
(11268, 1037, 7, NULL, NULL),
(11269, 1038, 7, NULL, NULL),
(11270, 1039, 7, NULL, NULL),
(11271, 1040, 7, NULL, NULL),
(11272, 1041, 7, NULL, NULL),
(11273, 1042, 7, NULL, NULL),
(11274, 1043, 7, NULL, NULL),
(11275, 1044, 7, NULL, NULL),
(11276, 1045, 7, NULL, NULL),
(11277, 1046, 7, NULL, NULL),
(11278, 1047, 7, NULL, NULL),
(11279, 1048, 7, NULL, NULL),
(11280, 1049, 7, NULL, NULL),
(11281, 1050, 7, NULL, NULL),
(11282, 1051, 7, NULL, NULL),
(11283, 1052, 7, NULL, NULL),
(11284, 1053, 7, NULL, NULL),
(11285, 1054, 7, NULL, NULL),
(11286, 1055, 7, NULL, NULL),
(11287, 1056, 7, NULL, NULL),
(11288, 1057, 7, NULL, NULL),
(11289, 1058, 7, NULL, NULL),
(11290, 1059, 7, NULL, NULL),
(11291, 1060, 7, NULL, NULL),
(11292, 1061, 7, NULL, NULL),
(11293, 1062, 7, NULL, NULL),
(11294, 1063, 7, NULL, NULL),
(11295, 1064, 7, NULL, NULL),
(11296, 1065, 7, NULL, NULL),
(11297, 1066, 7, NULL, NULL),
(11298, 1067, 7, NULL, NULL),
(11299, 1068, 7, NULL, NULL),
(11300, 1069, 7, NULL, NULL),
(11301, 1070, 7, NULL, NULL),
(11302, 1071, 7, NULL, NULL),
(11303, 1072, 7, NULL, NULL),
(11304, 1073, 7, NULL, NULL),
(11305, 1074, 7, NULL, NULL),
(11306, 1075, 7, NULL, NULL),
(11307, 1076, 7, NULL, NULL),
(11308, 1077, 7, NULL, NULL),
(11309, 1078, 7, NULL, NULL),
(11310, 1079, 7, NULL, NULL),
(11311, 1080, 7, NULL, NULL),
(11312, 1081, 7, NULL, NULL),
(11313, 1082, 7, NULL, NULL),
(11314, 1083, 7, NULL, NULL),
(11315, 1084, 7, NULL, NULL),
(11316, 1085, 7, NULL, NULL),
(11317, 1086, 7, NULL, NULL),
(11318, 1087, 7, NULL, NULL),
(11319, 1088, 7, NULL, NULL),
(11320, 1089, 7, NULL, NULL),
(11321, 1090, 7, NULL, NULL),
(11322, 1091, 7, NULL, NULL),
(11323, 1092, 7, NULL, NULL),
(11324, 1093, 7, NULL, NULL),
(11325, 1094, 7, NULL, NULL),
(11326, 1095, 7, NULL, NULL),
(11327, 1096, 7, NULL, NULL),
(11328, 732, 8, NULL, NULL),
(11329, 733, 8, NULL, NULL),
(11330, 734, 8, NULL, NULL),
(11331, 735, 8, NULL, NULL),
(11332, 736, 8, NULL, NULL),
(11333, 737, 8, NULL, NULL),
(11334, 738, 8, NULL, NULL),
(11335, 739, 8, NULL, NULL),
(11336, 740, 8, NULL, NULL),
(11337, 741, 8, NULL, NULL),
(11338, 742, 8, NULL, NULL),
(11339, 743, 8, NULL, NULL),
(11340, 744, 8, NULL, NULL),
(11341, 745, 8, NULL, NULL),
(11342, 746, 8, NULL, NULL),
(11343, 747, 8, NULL, NULL),
(11344, 748, 8, NULL, NULL),
(11345, 749, 8, NULL, NULL),
(11346, 750, 8, NULL, NULL),
(11347, 751, 8, NULL, NULL),
(11348, 752, 8, NULL, NULL),
(11349, 753, 8, NULL, NULL),
(11350, 754, 8, NULL, NULL),
(11351, 755, 8, NULL, NULL),
(11352, 756, 8, NULL, NULL),
(11353, 757, 8, NULL, NULL),
(11354, 758, 8, NULL, NULL),
(11355, 759, 8, NULL, NULL),
(11356, 760, 8, NULL, NULL),
(11357, 761, 8, NULL, NULL),
(11358, 762, 8, NULL, NULL),
(11359, 763, 8, NULL, NULL),
(11360, 764, 8, NULL, NULL),
(11361, 765, 8, NULL, NULL),
(11362, 766, 8, NULL, NULL),
(11363, 767, 8, NULL, NULL),
(11364, 768, 8, NULL, NULL),
(11365, 769, 8, NULL, NULL),
(11366, 770, 8, NULL, NULL),
(11367, 771, 8, NULL, NULL),
(11368, 772, 8, NULL, NULL),
(11369, 773, 8, NULL, NULL),
(11370, 774, 8, NULL, NULL),
(11371, 775, 8, NULL, NULL),
(11372, 776, 8, NULL, NULL),
(11373, 777, 8, NULL, NULL),
(11374, 778, 8, NULL, NULL),
(11375, 779, 8, NULL, NULL),
(11376, 780, 8, NULL, NULL),
(11377, 781, 8, NULL, NULL),
(11378, 782, 8, NULL, NULL),
(11379, 783, 8, NULL, NULL),
(11380, 784, 8, NULL, NULL),
(11381, 785, 8, NULL, NULL),
(11382, 786, 8, NULL, NULL),
(11383, 787, 8, NULL, NULL),
(11384, 788, 8, NULL, NULL),
(11385, 789, 8, NULL, NULL),
(11386, 790, 8, NULL, NULL),
(11387, 791, 8, NULL, NULL),
(11388, 792, 8, NULL, NULL),
(11389, 793, 8, NULL, NULL),
(11390, 794, 8, NULL, NULL),
(11391, 795, 8, NULL, NULL),
(11392, 796, 8, NULL, NULL),
(11393, 797, 8, NULL, NULL),
(11394, 798, 8, NULL, NULL),
(11395, 799, 8, NULL, NULL),
(11396, 800, 8, NULL, NULL),
(11397, 801, 8, NULL, NULL),
(11398, 802, 8, NULL, NULL),
(11399, 803, 8, NULL, NULL),
(11400, 804, 8, NULL, NULL),
(11401, 805, 8, NULL, NULL),
(11402, 806, 8, NULL, NULL),
(11403, 807, 8, NULL, NULL),
(11404, 808, 8, NULL, NULL),
(11405, 809, 8, NULL, NULL),
(11406, 810, 8, NULL, NULL),
(11407, 811, 8, NULL, NULL),
(11408, 812, 8, NULL, NULL),
(11409, 813, 8, NULL, NULL),
(11410, 814, 8, NULL, NULL),
(11411, 815, 8, NULL, NULL),
(11412, 816, 8, NULL, NULL),
(11413, 817, 8, NULL, NULL),
(11414, 818, 8, NULL, NULL),
(11415, 819, 8, NULL, NULL),
(11416, 820, 8, NULL, NULL),
(11417, 821, 8, NULL, NULL),
(11418, 822, 8, NULL, NULL),
(11419, 823, 8, NULL, NULL),
(11420, 824, 8, NULL, NULL),
(11421, 825, 8, NULL, NULL),
(11422, 826, 8, NULL, NULL),
(11423, 827, 8, NULL, NULL),
(11424, 828, 8, NULL, NULL),
(11425, 829, 8, NULL, NULL),
(11426, 830, 8, NULL, NULL),
(11427, 831, 8, NULL, NULL),
(11428, 832, 8, NULL, NULL),
(11429, 833, 8, NULL, NULL),
(11430, 834, 8, NULL, NULL),
(11431, 835, 8, NULL, NULL),
(11432, 836, 8, NULL, NULL),
(11433, 837, 8, NULL, NULL);
INSERT INTO `mar_calendario_emp` (`id_calendario_emp`, `calendario_id`, `empleado_id`, `created_at`, `updated_at`) VALUES
(11434, 838, 8, NULL, NULL),
(11435, 839, 8, NULL, NULL),
(11436, 840, 8, NULL, NULL),
(11437, 841, 8, NULL, NULL),
(11438, 842, 8, NULL, NULL),
(11439, 843, 8, NULL, NULL),
(11440, 844, 8, NULL, NULL),
(11441, 845, 8, NULL, NULL),
(11442, 846, 8, NULL, NULL),
(11443, 847, 8, NULL, NULL),
(11444, 848, 8, NULL, NULL),
(11445, 849, 8, NULL, NULL),
(11446, 850, 8, NULL, NULL),
(11447, 851, 8, NULL, NULL),
(11448, 852, 8, NULL, NULL),
(11449, 853, 8, NULL, NULL),
(11450, 854, 8, NULL, NULL),
(11451, 855, 8, NULL, NULL),
(11452, 856, 8, NULL, NULL),
(11453, 857, 8, NULL, NULL),
(11454, 858, 8, NULL, NULL),
(11455, 859, 8, NULL, NULL),
(11456, 860, 8, NULL, NULL),
(11457, 861, 8, NULL, NULL),
(11458, 862, 8, NULL, NULL),
(11459, 863, 8, NULL, NULL),
(11460, 864, 8, NULL, NULL),
(11461, 865, 8, NULL, NULL),
(11462, 866, 8, NULL, NULL),
(11463, 867, 8, NULL, NULL),
(11464, 868, 8, NULL, NULL),
(11465, 869, 8, NULL, NULL),
(11466, 870, 8, NULL, NULL),
(11467, 871, 8, NULL, NULL),
(11468, 872, 8, NULL, NULL),
(11469, 873, 8, NULL, NULL),
(11470, 874, 8, NULL, NULL),
(11471, 875, 8, NULL, NULL),
(11472, 876, 8, NULL, NULL),
(11473, 877, 8, NULL, NULL),
(11474, 878, 8, NULL, NULL),
(11475, 879, 8, NULL, NULL),
(11476, 880, 8, NULL, NULL),
(11477, 881, 8, NULL, NULL),
(11478, 882, 8, NULL, NULL),
(11479, 883, 8, NULL, NULL),
(11480, 884, 8, NULL, NULL),
(11481, 885, 8, NULL, NULL),
(11482, 886, 8, NULL, NULL),
(11483, 887, 8, NULL, NULL),
(11484, 888, 8, NULL, NULL),
(11485, 889, 8, NULL, NULL),
(11486, 890, 8, NULL, NULL),
(11487, 891, 8, NULL, NULL),
(11488, 892, 8, NULL, NULL),
(11489, 893, 8, NULL, NULL),
(11490, 894, 8, NULL, NULL),
(11491, 895, 8, NULL, NULL),
(11492, 896, 8, NULL, NULL),
(11493, 897, 8, NULL, NULL),
(11494, 898, 8, NULL, NULL),
(11495, 899, 8, NULL, NULL),
(11496, 900, 8, NULL, NULL),
(11497, 901, 8, NULL, NULL),
(11498, 902, 8, NULL, NULL),
(11499, 903, 8, NULL, NULL),
(11500, 904, 8, NULL, NULL),
(11501, 905, 8, NULL, NULL),
(11502, 906, 8, NULL, NULL),
(11503, 907, 8, NULL, NULL),
(11504, 908, 8, NULL, NULL),
(11505, 909, 8, NULL, NULL),
(11506, 910, 8, NULL, NULL),
(11507, 911, 8, NULL, NULL),
(11508, 912, 8, NULL, NULL),
(11509, 913, 8, NULL, NULL),
(11510, 914, 8, NULL, NULL),
(11511, 915, 8, NULL, NULL),
(11512, 916, 8, NULL, NULL),
(11513, 917, 8, NULL, NULL),
(11514, 918, 8, NULL, NULL),
(11515, 919, 8, NULL, NULL),
(11516, 920, 8, NULL, NULL),
(11517, 921, 8, NULL, NULL),
(11518, 922, 8, NULL, NULL),
(11519, 923, 8, NULL, NULL),
(11520, 924, 8, NULL, NULL),
(11521, 925, 8, NULL, NULL),
(11522, 926, 8, NULL, NULL),
(11523, 927, 8, NULL, NULL),
(11524, 928, 8, NULL, NULL),
(11525, 929, 8, NULL, NULL),
(11526, 930, 8, NULL, NULL),
(11527, 931, 8, NULL, NULL),
(11528, 932, 8, NULL, NULL),
(11529, 933, 8, NULL, NULL),
(11530, 934, 8, NULL, NULL),
(11531, 935, 8, NULL, NULL),
(11532, 936, 8, NULL, NULL),
(11533, 937, 8, NULL, NULL),
(11534, 938, 8, NULL, NULL),
(11535, 939, 8, NULL, NULL),
(11536, 940, 8, NULL, NULL),
(11537, 941, 8, NULL, NULL),
(11538, 942, 8, NULL, NULL),
(11539, 943, 8, NULL, NULL),
(11540, 944, 8, NULL, NULL),
(11541, 945, 8, NULL, NULL),
(11542, 946, 8, NULL, NULL),
(11543, 947, 8, NULL, NULL),
(11544, 948, 8, NULL, NULL),
(11545, 949, 8, NULL, NULL),
(11546, 950, 8, NULL, NULL),
(11547, 951, 8, NULL, NULL),
(11548, 952, 8, NULL, NULL),
(11549, 953, 8, NULL, NULL),
(11550, 954, 8, NULL, NULL),
(11551, 955, 8, NULL, NULL),
(11552, 956, 8, NULL, NULL),
(11553, 957, 8, NULL, NULL),
(11554, 958, 8, NULL, NULL),
(11555, 959, 8, NULL, NULL),
(11556, 960, 8, NULL, NULL),
(11557, 961, 8, NULL, NULL),
(11558, 962, 8, NULL, NULL),
(11559, 963, 8, NULL, NULL),
(11560, 964, 8, NULL, NULL),
(11561, 965, 8, NULL, NULL),
(11562, 966, 8, NULL, NULL),
(11563, 967, 8, NULL, NULL),
(11564, 968, 8, NULL, NULL),
(11565, 969, 8, NULL, NULL),
(11566, 970, 8, NULL, NULL),
(11567, 971, 8, NULL, NULL),
(11568, 972, 8, NULL, NULL),
(11569, 973, 8, NULL, NULL),
(11570, 974, 8, NULL, NULL),
(11571, 975, 8, NULL, NULL),
(11572, 976, 8, NULL, NULL),
(11573, 977, 8, NULL, NULL),
(11574, 978, 8, NULL, NULL),
(11575, 979, 8, NULL, NULL),
(11576, 980, 8, NULL, NULL),
(11577, 981, 8, NULL, NULL),
(11578, 982, 8, NULL, NULL),
(11579, 983, 8, NULL, NULL),
(11580, 984, 8, NULL, NULL),
(11581, 985, 8, NULL, NULL),
(11582, 986, 8, NULL, NULL),
(11583, 987, 8, NULL, NULL),
(11584, 988, 8, NULL, NULL),
(11585, 989, 8, NULL, NULL),
(11586, 990, 8, NULL, NULL),
(11587, 991, 8, NULL, NULL),
(11588, 992, 8, NULL, NULL),
(11589, 993, 8, NULL, NULL),
(11590, 994, 8, NULL, NULL),
(11591, 995, 8, NULL, NULL),
(11592, 996, 8, NULL, NULL),
(11593, 997, 8, NULL, NULL),
(11594, 998, 8, NULL, NULL),
(11595, 999, 8, NULL, NULL),
(11596, 1000, 8, NULL, NULL),
(11597, 1001, 8, NULL, NULL),
(11598, 1002, 8, NULL, NULL),
(11599, 1003, 8, NULL, NULL),
(11600, 1004, 8, NULL, NULL),
(11601, 1005, 8, NULL, NULL),
(11602, 1006, 8, NULL, NULL),
(11603, 1007, 8, NULL, NULL),
(11604, 1008, 8, NULL, NULL),
(11605, 1009, 8, NULL, NULL),
(11606, 1010, 8, NULL, NULL),
(11607, 1011, 8, NULL, NULL),
(11608, 1012, 8, NULL, NULL),
(11609, 1013, 8, NULL, NULL),
(11610, 1014, 8, NULL, NULL),
(11611, 1015, 8, NULL, NULL),
(11612, 1016, 8, NULL, NULL),
(11613, 1017, 8, NULL, NULL),
(11614, 1018, 8, NULL, NULL),
(11615, 1019, 8, NULL, NULL),
(11616, 1020, 8, NULL, NULL),
(11617, 1021, 8, NULL, NULL),
(11618, 1022, 8, NULL, NULL),
(11619, 1023, 8, NULL, NULL),
(11620, 1024, 8, NULL, NULL),
(11621, 1025, 8, NULL, NULL),
(11622, 1026, 8, NULL, NULL),
(11623, 1027, 8, NULL, NULL),
(11624, 1028, 8, NULL, NULL),
(11625, 1029, 8, NULL, NULL),
(11626, 1030, 8, NULL, NULL),
(11627, 1031, 8, NULL, NULL),
(11628, 1032, 8, NULL, NULL),
(11629, 1033, 8, NULL, NULL),
(11630, 1034, 8, NULL, NULL),
(11631, 1035, 8, NULL, NULL),
(11632, 1036, 8, NULL, NULL),
(11633, 1037, 8, NULL, NULL),
(11634, 1038, 8, NULL, NULL),
(11635, 1039, 8, NULL, NULL),
(11636, 1040, 8, NULL, NULL),
(11637, 1041, 8, NULL, NULL),
(11638, 1042, 8, NULL, NULL),
(11639, 1043, 8, NULL, NULL),
(11640, 1044, 8, NULL, NULL),
(11641, 1045, 8, NULL, NULL),
(11642, 1046, 8, NULL, NULL),
(11643, 1047, 8, NULL, NULL),
(11644, 1048, 8, NULL, NULL),
(11645, 1049, 8, NULL, NULL),
(11646, 1050, 8, NULL, NULL),
(11647, 1051, 8, NULL, NULL),
(11648, 1052, 8, NULL, NULL),
(11649, 1053, 8, NULL, NULL),
(11650, 1054, 8, NULL, NULL),
(11651, 1055, 8, NULL, NULL),
(11652, 1056, 8, NULL, NULL),
(11653, 1057, 8, NULL, NULL),
(11654, 1058, 8, NULL, NULL),
(11655, 1059, 8, NULL, NULL),
(11656, 1060, 8, NULL, NULL),
(11657, 1061, 8, NULL, NULL),
(11658, 1062, 8, NULL, NULL),
(11659, 1063, 8, NULL, NULL),
(11660, 1064, 8, NULL, NULL),
(11661, 1065, 8, NULL, NULL),
(11662, 1066, 8, NULL, NULL),
(11663, 1067, 8, NULL, NULL),
(11664, 1068, 8, NULL, NULL),
(11665, 1069, 8, NULL, NULL),
(11666, 1070, 8, NULL, NULL),
(11667, 1071, 8, NULL, NULL),
(11668, 1072, 8, NULL, NULL),
(11669, 1073, 8, NULL, NULL),
(11670, 1074, 8, NULL, NULL),
(11671, 1075, 8, NULL, NULL),
(11672, 1076, 8, NULL, NULL),
(11673, 1077, 8, NULL, NULL),
(11674, 1078, 8, NULL, NULL),
(11675, 1079, 8, NULL, NULL),
(11676, 1080, 8, NULL, NULL),
(11677, 1081, 8, NULL, NULL),
(11678, 1082, 8, NULL, NULL),
(11679, 1083, 8, NULL, NULL),
(11680, 1084, 8, NULL, NULL),
(11681, 1085, 8, NULL, NULL),
(11682, 1086, 8, NULL, NULL),
(11683, 1087, 8, NULL, NULL),
(11684, 1088, 8, NULL, NULL),
(11685, 1089, 8, NULL, NULL),
(11686, 1090, 8, NULL, NULL),
(11687, 1091, 8, NULL, NULL),
(11688, 1092, 8, NULL, NULL),
(11689, 1093, 8, NULL, NULL),
(11690, 1094, 8, NULL, NULL),
(11691, 1095, 8, NULL, NULL),
(11692, 1096, 8, NULL, NULL),
(11693, 732, 9, NULL, NULL),
(11694, 733, 9, NULL, NULL),
(11695, 734, 9, NULL, NULL),
(11696, 735, 9, NULL, NULL),
(11697, 736, 9, NULL, NULL),
(11698, 737, 9, NULL, NULL),
(11699, 738, 9, NULL, NULL),
(11700, 739, 9, NULL, NULL),
(11701, 740, 9, NULL, NULL),
(11702, 741, 9, NULL, NULL),
(11703, 742, 9, NULL, NULL),
(11704, 743, 9, NULL, NULL),
(11705, 744, 9, NULL, NULL),
(11706, 745, 9, NULL, NULL),
(11707, 746, 9, NULL, NULL),
(11708, 747, 9, NULL, NULL),
(11709, 748, 9, NULL, NULL),
(11710, 749, 9, NULL, NULL),
(11711, 750, 9, NULL, NULL),
(11712, 751, 9, NULL, NULL),
(11713, 752, 9, NULL, NULL),
(11714, 753, 9, NULL, NULL),
(11715, 754, 9, NULL, NULL),
(11716, 755, 9, NULL, NULL),
(11717, 756, 9, NULL, NULL),
(11718, 757, 9, NULL, NULL),
(11719, 758, 9, NULL, NULL),
(11720, 759, 9, NULL, NULL),
(11721, 760, 9, NULL, NULL),
(11722, 761, 9, NULL, NULL),
(11723, 762, 9, NULL, NULL),
(11724, 763, 9, NULL, NULL),
(11725, 764, 9, NULL, NULL),
(11726, 765, 9, NULL, NULL),
(11727, 766, 9, NULL, NULL),
(11728, 767, 9, NULL, NULL),
(11729, 768, 9, NULL, NULL),
(11730, 769, 9, NULL, NULL),
(11731, 770, 9, NULL, NULL),
(11732, 771, 9, NULL, NULL),
(11733, 772, 9, NULL, NULL),
(11734, 773, 9, NULL, NULL),
(11735, 774, 9, NULL, NULL),
(11736, 775, 9, NULL, NULL),
(11737, 776, 9, NULL, NULL),
(11738, 777, 9, NULL, NULL),
(11739, 778, 9, NULL, NULL),
(11740, 779, 9, NULL, NULL),
(11741, 780, 9, NULL, NULL),
(11742, 781, 9, NULL, NULL),
(11743, 782, 9, NULL, NULL),
(11744, 783, 9, NULL, NULL),
(11745, 784, 9, NULL, NULL),
(11746, 785, 9, NULL, NULL),
(11747, 786, 9, NULL, NULL),
(11748, 787, 9, NULL, NULL),
(11749, 788, 9, NULL, NULL),
(11750, 789, 9, NULL, NULL),
(11751, 790, 9, NULL, NULL),
(11752, 791, 9, NULL, NULL),
(11753, 792, 9, NULL, NULL),
(11754, 793, 9, NULL, NULL),
(11755, 794, 9, NULL, NULL),
(11756, 795, 9, NULL, NULL),
(11757, 796, 9, NULL, NULL),
(11758, 797, 9, NULL, NULL),
(11759, 798, 9, NULL, NULL),
(11760, 799, 9, NULL, NULL),
(11761, 800, 9, NULL, NULL),
(11762, 801, 9, NULL, NULL),
(11763, 802, 9, NULL, NULL),
(11764, 803, 9, NULL, NULL),
(11765, 804, 9, NULL, NULL),
(11766, 805, 9, NULL, NULL),
(11767, 806, 9, NULL, NULL),
(11768, 807, 9, NULL, NULL),
(11769, 808, 9, NULL, NULL),
(11770, 809, 9, NULL, NULL),
(11771, 810, 9, NULL, NULL),
(11772, 811, 9, NULL, NULL),
(11773, 812, 9, NULL, NULL),
(11774, 813, 9, NULL, NULL),
(11775, 814, 9, NULL, NULL),
(11776, 815, 9, NULL, NULL),
(11777, 816, 9, NULL, NULL),
(11778, 817, 9, NULL, NULL),
(11779, 818, 9, NULL, NULL),
(11780, 819, 9, NULL, NULL),
(11781, 820, 9, NULL, NULL),
(11782, 821, 9, NULL, NULL),
(11783, 822, 9, NULL, NULL),
(11784, 823, 9, NULL, NULL),
(11785, 824, 9, NULL, NULL),
(11786, 825, 9, NULL, NULL),
(11787, 826, 9, NULL, NULL),
(11788, 827, 9, NULL, NULL),
(11789, 828, 9, NULL, NULL),
(11790, 829, 9, NULL, NULL),
(11791, 830, 9, NULL, NULL),
(11792, 831, 9, NULL, NULL),
(11793, 832, 9, NULL, NULL),
(11794, 833, 9, NULL, NULL),
(11795, 834, 9, NULL, NULL),
(11796, 835, 9, NULL, NULL),
(11797, 836, 9, NULL, NULL),
(11798, 837, 9, NULL, NULL),
(11799, 838, 9, NULL, NULL),
(11800, 839, 9, NULL, NULL),
(11801, 840, 9, NULL, NULL),
(11802, 841, 9, NULL, NULL),
(11803, 842, 9, NULL, NULL),
(11804, 843, 9, NULL, NULL),
(11805, 844, 9, NULL, NULL),
(11806, 845, 9, NULL, NULL),
(11807, 846, 9, NULL, NULL),
(11808, 847, 9, NULL, NULL),
(11809, 848, 9, NULL, NULL),
(11810, 849, 9, NULL, NULL),
(11811, 850, 9, NULL, NULL),
(11812, 851, 9, NULL, NULL),
(11813, 852, 9, NULL, NULL),
(11814, 853, 9, NULL, NULL),
(11815, 854, 9, NULL, NULL),
(11816, 855, 9, NULL, NULL),
(11817, 856, 9, NULL, NULL),
(11818, 857, 9, NULL, NULL),
(11819, 858, 9, NULL, NULL),
(11820, 859, 9, NULL, NULL),
(11821, 860, 9, NULL, NULL),
(11822, 861, 9, NULL, NULL),
(11823, 862, 9, NULL, NULL),
(11824, 863, 9, NULL, NULL),
(11825, 864, 9, NULL, NULL),
(11826, 865, 9, NULL, NULL),
(11827, 866, 9, NULL, NULL),
(11828, 867, 9, NULL, NULL),
(11829, 868, 9, NULL, NULL),
(11830, 869, 9, NULL, NULL),
(11831, 870, 9, NULL, NULL),
(11832, 871, 9, NULL, NULL),
(11833, 872, 9, NULL, NULL),
(11834, 873, 9, NULL, NULL),
(11835, 874, 9, NULL, NULL),
(11836, 875, 9, NULL, NULL),
(11837, 876, 9, NULL, NULL),
(11838, 877, 9, NULL, NULL),
(11839, 878, 9, NULL, NULL),
(11840, 879, 9, NULL, NULL),
(11841, 880, 9, NULL, NULL),
(11842, 881, 9, NULL, NULL),
(11843, 882, 9, NULL, NULL),
(11844, 883, 9, NULL, NULL),
(11845, 884, 9, NULL, NULL),
(11846, 885, 9, NULL, NULL),
(11847, 886, 9, NULL, NULL),
(11848, 887, 9, NULL, NULL),
(11849, 888, 9, NULL, NULL),
(11850, 889, 9, NULL, NULL),
(11851, 890, 9, NULL, NULL),
(11852, 891, 9, NULL, NULL),
(11853, 892, 9, NULL, NULL),
(11854, 893, 9, NULL, NULL),
(11855, 894, 9, NULL, NULL),
(11856, 895, 9, NULL, NULL),
(11857, 896, 9, NULL, NULL),
(11858, 897, 9, NULL, NULL),
(11859, 898, 9, NULL, NULL),
(11860, 899, 9, NULL, NULL),
(11861, 900, 9, NULL, NULL),
(11862, 901, 9, NULL, NULL),
(11863, 902, 9, NULL, NULL),
(11864, 903, 9, NULL, NULL),
(11865, 904, 9, NULL, NULL),
(11866, 905, 9, NULL, NULL),
(11867, 906, 9, NULL, NULL),
(11868, 907, 9, NULL, NULL),
(11869, 908, 9, NULL, NULL),
(11870, 909, 9, NULL, NULL),
(11871, 910, 9, NULL, NULL),
(11872, 911, 9, NULL, NULL),
(11873, 912, 9, NULL, NULL),
(11874, 913, 9, NULL, NULL),
(11875, 914, 9, NULL, NULL),
(11876, 915, 9, NULL, NULL),
(11877, 916, 9, NULL, NULL),
(11878, 917, 9, NULL, NULL),
(11879, 918, 9, NULL, NULL),
(11880, 919, 9, NULL, NULL),
(11881, 920, 9, NULL, NULL),
(11882, 921, 9, NULL, NULL),
(11883, 922, 9, NULL, NULL),
(11884, 923, 9, NULL, NULL),
(11885, 924, 9, NULL, NULL),
(11886, 925, 9, NULL, NULL),
(11887, 926, 9, NULL, NULL),
(11888, 927, 9, NULL, NULL),
(11889, 928, 9, NULL, NULL),
(11890, 929, 9, NULL, NULL),
(11891, 930, 9, NULL, NULL),
(11892, 931, 9, NULL, NULL),
(11893, 932, 9, NULL, NULL),
(11894, 933, 9, NULL, NULL),
(11895, 934, 9, NULL, NULL),
(11896, 935, 9, NULL, NULL),
(11897, 936, 9, NULL, NULL),
(11898, 937, 9, NULL, NULL),
(11899, 938, 9, NULL, NULL),
(11900, 939, 9, NULL, NULL),
(11901, 940, 9, NULL, NULL),
(11902, 941, 9, NULL, NULL),
(11903, 942, 9, NULL, NULL),
(11904, 943, 9, NULL, NULL),
(11905, 944, 9, NULL, NULL),
(11906, 945, 9, NULL, NULL),
(11907, 946, 9, NULL, NULL),
(11908, 947, 9, NULL, NULL),
(11909, 948, 9, NULL, NULL),
(11910, 949, 9, NULL, NULL),
(11911, 950, 9, NULL, NULL),
(11912, 951, 9, NULL, NULL),
(11913, 952, 9, NULL, NULL),
(11914, 953, 9, NULL, NULL),
(11915, 954, 9, NULL, NULL),
(11916, 955, 9, NULL, NULL),
(11917, 956, 9, NULL, NULL),
(11918, 957, 9, NULL, NULL),
(11919, 958, 9, NULL, NULL),
(11920, 959, 9, NULL, NULL),
(11921, 960, 9, NULL, NULL),
(11922, 961, 9, NULL, NULL),
(11923, 962, 9, NULL, NULL),
(11924, 963, 9, NULL, NULL),
(11925, 964, 9, NULL, NULL),
(11926, 965, 9, NULL, NULL),
(11927, 966, 9, NULL, NULL),
(11928, 967, 9, NULL, NULL),
(11929, 968, 9, NULL, NULL),
(11930, 969, 9, NULL, NULL),
(11931, 970, 9, NULL, NULL),
(11932, 971, 9, NULL, NULL),
(11933, 972, 9, NULL, NULL),
(11934, 973, 9, NULL, NULL),
(11935, 974, 9, NULL, NULL),
(11936, 975, 9, NULL, NULL),
(11937, 976, 9, NULL, NULL),
(11938, 977, 9, NULL, NULL),
(11939, 978, 9, NULL, NULL),
(11940, 979, 9, NULL, NULL),
(11941, 980, 9, NULL, NULL),
(11942, 981, 9, NULL, NULL),
(11943, 982, 9, NULL, NULL),
(11944, 983, 9, NULL, NULL),
(11945, 984, 9, NULL, NULL),
(11946, 985, 9, NULL, NULL),
(11947, 986, 9, NULL, NULL),
(11948, 987, 9, NULL, NULL),
(11949, 988, 9, NULL, NULL),
(11950, 989, 9, NULL, NULL),
(11951, 990, 9, NULL, NULL),
(11952, 991, 9, NULL, NULL),
(11953, 992, 9, NULL, NULL),
(11954, 993, 9, NULL, NULL),
(11955, 994, 9, NULL, NULL),
(11956, 995, 9, NULL, NULL),
(11957, 996, 9, NULL, NULL),
(11958, 997, 9, NULL, NULL),
(11959, 998, 9, NULL, NULL),
(11960, 999, 9, NULL, NULL),
(11961, 1000, 9, NULL, NULL),
(11962, 1001, 9, NULL, NULL),
(11963, 1002, 9, NULL, NULL),
(11964, 1003, 9, NULL, NULL),
(11965, 1004, 9, NULL, NULL),
(11966, 1005, 9, NULL, NULL),
(11967, 1006, 9, NULL, NULL),
(11968, 1007, 9, NULL, NULL),
(11969, 1008, 9, NULL, NULL),
(11970, 1009, 9, NULL, NULL),
(11971, 1010, 9, NULL, NULL),
(11972, 1011, 9, NULL, NULL),
(11973, 1012, 9, NULL, NULL),
(11974, 1013, 9, NULL, NULL),
(11975, 1014, 9, NULL, NULL),
(11976, 1015, 9, NULL, NULL),
(11977, 1016, 9, NULL, NULL),
(11978, 1017, 9, NULL, NULL),
(11979, 1018, 9, NULL, NULL),
(11980, 1019, 9, NULL, NULL),
(11981, 1020, 9, NULL, NULL),
(11982, 1021, 9, NULL, NULL),
(11983, 1022, 9, NULL, NULL),
(11984, 1023, 9, NULL, NULL),
(11985, 1024, 9, NULL, NULL),
(11986, 1025, 9, NULL, NULL),
(11987, 1026, 9, NULL, NULL),
(11988, 1027, 9, NULL, NULL),
(11989, 1028, 9, NULL, NULL),
(11990, 1029, 9, NULL, NULL),
(11991, 1030, 9, NULL, NULL),
(11992, 1031, 9, NULL, NULL),
(11993, 1032, 9, NULL, NULL),
(11994, 1033, 9, NULL, NULL),
(11995, 1034, 9, NULL, NULL),
(11996, 1035, 9, NULL, NULL),
(11997, 1036, 9, NULL, NULL),
(11998, 1037, 9, NULL, NULL),
(11999, 1038, 9, NULL, NULL),
(12000, 1039, 9, NULL, NULL),
(12001, 1040, 9, NULL, NULL),
(12002, 1041, 9, NULL, NULL),
(12003, 1042, 9, NULL, NULL),
(12004, 1043, 9, NULL, NULL),
(12005, 1044, 9, NULL, NULL),
(12006, 1045, 9, NULL, NULL),
(12007, 1046, 9, NULL, NULL),
(12008, 1047, 9, NULL, NULL),
(12009, 1048, 9, NULL, NULL),
(12010, 1049, 9, NULL, NULL),
(12011, 1050, 9, NULL, NULL),
(12012, 1051, 9, NULL, NULL),
(12013, 1052, 9, NULL, NULL),
(12014, 1053, 9, NULL, NULL),
(12015, 1054, 9, NULL, NULL),
(12016, 1055, 9, NULL, NULL),
(12017, 1056, 9, NULL, NULL),
(12018, 1057, 9, NULL, NULL),
(12019, 1058, 9, NULL, NULL),
(12020, 1059, 9, NULL, NULL),
(12021, 1060, 9, NULL, NULL),
(12022, 1061, 9, NULL, NULL),
(12023, 1062, 9, NULL, NULL),
(12024, 1063, 9, NULL, NULL),
(12025, 1064, 9, NULL, NULL),
(12026, 1065, 9, NULL, NULL),
(12027, 1066, 9, NULL, NULL),
(12028, 1067, 9, NULL, NULL),
(12029, 1068, 9, NULL, NULL),
(12030, 1069, 9, NULL, NULL),
(12031, 1070, 9, NULL, NULL),
(12032, 1071, 9, NULL, NULL),
(12033, 1072, 9, NULL, NULL),
(12034, 1073, 9, NULL, NULL),
(12035, 1074, 9, NULL, NULL),
(12036, 1075, 9, NULL, NULL),
(12037, 1076, 9, NULL, NULL),
(12038, 1077, 9, NULL, NULL),
(12039, 1078, 9, NULL, NULL),
(12040, 1079, 9, NULL, NULL),
(12041, 1080, 9, NULL, NULL),
(12042, 1081, 9, NULL, NULL),
(12043, 1082, 9, NULL, NULL),
(12044, 1083, 9, NULL, NULL),
(12045, 1084, 9, NULL, NULL),
(12046, 1085, 9, NULL, NULL),
(12047, 1086, 9, NULL, NULL),
(12048, 1087, 9, NULL, NULL),
(12049, 1088, 9, NULL, NULL),
(12050, 1089, 9, NULL, NULL),
(12051, 1090, 9, NULL, NULL),
(12052, 1091, 9, NULL, NULL),
(12053, 1092, 9, NULL, NULL),
(12054, 1093, 9, NULL, NULL),
(12055, 1094, 9, NULL, NULL),
(12056, 1095, 9, NULL, NULL),
(12057, 1096, 9, NULL, NULL),
(12058, 732, 10, NULL, NULL),
(12059, 733, 10, NULL, NULL),
(12060, 734, 10, NULL, NULL),
(12061, 735, 10, NULL, NULL),
(12062, 736, 10, NULL, NULL),
(12063, 737, 10, NULL, NULL),
(12064, 738, 10, NULL, NULL),
(12065, 739, 10, NULL, NULL),
(12066, 740, 10, NULL, NULL),
(12067, 741, 10, NULL, NULL),
(12068, 742, 10, NULL, NULL),
(12069, 743, 10, NULL, NULL),
(12070, 744, 10, NULL, NULL),
(12071, 745, 10, NULL, NULL),
(12072, 746, 10, NULL, NULL),
(12073, 747, 10, NULL, NULL),
(12074, 748, 10, NULL, NULL),
(12075, 749, 10, NULL, NULL),
(12076, 750, 10, NULL, NULL),
(12077, 751, 10, NULL, NULL),
(12078, 752, 10, NULL, NULL),
(12079, 753, 10, NULL, NULL),
(12080, 754, 10, NULL, NULL),
(12081, 755, 10, NULL, NULL),
(12082, 756, 10, NULL, NULL),
(12083, 757, 10, NULL, NULL),
(12084, 758, 10, NULL, NULL),
(12085, 759, 10, NULL, NULL),
(12086, 760, 10, NULL, NULL),
(12087, 761, 10, NULL, NULL),
(12088, 762, 10, NULL, NULL),
(12089, 763, 10, NULL, NULL),
(12090, 764, 10, NULL, NULL),
(12091, 765, 10, NULL, NULL),
(12092, 766, 10, NULL, NULL),
(12093, 767, 10, NULL, NULL),
(12094, 768, 10, NULL, NULL),
(12095, 769, 10, NULL, NULL),
(12096, 770, 10, NULL, NULL),
(12097, 771, 10, NULL, NULL),
(12098, 772, 10, NULL, NULL),
(12099, 773, 10, NULL, NULL),
(12100, 774, 10, NULL, NULL),
(12101, 775, 10, NULL, NULL),
(12102, 776, 10, NULL, NULL),
(12103, 777, 10, NULL, NULL),
(12104, 778, 10, NULL, NULL),
(12105, 779, 10, NULL, NULL),
(12106, 780, 10, NULL, NULL),
(12107, 781, 10, NULL, NULL),
(12108, 782, 10, NULL, NULL),
(12109, 783, 10, NULL, NULL),
(12110, 784, 10, NULL, NULL),
(12111, 785, 10, NULL, NULL),
(12112, 786, 10, NULL, NULL),
(12113, 787, 10, NULL, NULL),
(12114, 788, 10, NULL, NULL),
(12115, 789, 10, NULL, NULL),
(12116, 790, 10, NULL, NULL),
(12117, 791, 10, NULL, NULL),
(12118, 792, 10, NULL, NULL),
(12119, 793, 10, NULL, NULL),
(12120, 794, 10, NULL, NULL),
(12121, 795, 10, NULL, NULL),
(12122, 796, 10, NULL, NULL),
(12123, 797, 10, NULL, NULL),
(12124, 798, 10, NULL, NULL),
(12125, 799, 10, NULL, NULL),
(12126, 800, 10, NULL, NULL),
(12127, 801, 10, NULL, NULL),
(12128, 802, 10, NULL, NULL),
(12129, 803, 10, NULL, NULL),
(12130, 804, 10, NULL, NULL),
(12131, 805, 10, NULL, NULL),
(12132, 806, 10, NULL, NULL),
(12133, 807, 10, NULL, NULL),
(12134, 808, 10, NULL, NULL),
(12135, 809, 10, NULL, NULL),
(12136, 810, 10, NULL, NULL),
(12137, 811, 10, NULL, NULL),
(12138, 812, 10, NULL, NULL),
(12139, 813, 10, NULL, NULL),
(12140, 814, 10, NULL, NULL),
(12141, 815, 10, NULL, NULL),
(12142, 816, 10, NULL, NULL),
(12143, 817, 10, NULL, NULL),
(12144, 818, 10, NULL, NULL),
(12145, 819, 10, NULL, NULL),
(12146, 820, 10, NULL, NULL),
(12147, 821, 10, NULL, NULL),
(12148, 822, 10, NULL, NULL),
(12149, 823, 10, NULL, NULL),
(12150, 824, 10, NULL, NULL),
(12151, 825, 10, NULL, NULL),
(12152, 826, 10, NULL, NULL),
(12153, 827, 10, NULL, NULL),
(12154, 828, 10, NULL, NULL),
(12155, 829, 10, NULL, NULL),
(12156, 830, 10, NULL, NULL),
(12157, 831, 10, NULL, NULL),
(12158, 832, 10, NULL, NULL),
(12159, 833, 10, NULL, NULL),
(12160, 834, 10, NULL, NULL),
(12161, 835, 10, NULL, NULL),
(12162, 836, 10, NULL, NULL),
(12163, 837, 10, NULL, NULL),
(12164, 838, 10, NULL, NULL),
(12165, 839, 10, NULL, NULL),
(12166, 840, 10, NULL, NULL),
(12167, 841, 10, NULL, NULL),
(12168, 842, 10, NULL, NULL),
(12169, 843, 10, NULL, NULL),
(12170, 844, 10, NULL, NULL),
(12171, 845, 10, NULL, NULL),
(12172, 846, 10, NULL, NULL),
(12173, 847, 10, NULL, NULL),
(12174, 848, 10, NULL, NULL),
(12175, 849, 10, NULL, NULL),
(12176, 850, 10, NULL, NULL),
(12177, 851, 10, NULL, NULL),
(12178, 852, 10, NULL, NULL),
(12179, 853, 10, NULL, NULL),
(12180, 854, 10, NULL, NULL),
(12181, 855, 10, NULL, NULL),
(12182, 856, 10, NULL, NULL),
(12183, 857, 10, NULL, NULL),
(12184, 858, 10, NULL, NULL),
(12185, 859, 10, NULL, NULL),
(12186, 860, 10, NULL, NULL),
(12187, 861, 10, NULL, NULL),
(12188, 862, 10, NULL, NULL),
(12189, 863, 10, NULL, NULL),
(12190, 864, 10, NULL, NULL),
(12191, 865, 10, NULL, NULL),
(12192, 866, 10, NULL, NULL),
(12193, 867, 10, NULL, NULL),
(12194, 868, 10, NULL, NULL),
(12195, 869, 10, NULL, NULL),
(12196, 870, 10, NULL, NULL),
(12197, 871, 10, NULL, NULL),
(12198, 872, 10, NULL, NULL),
(12199, 873, 10, NULL, NULL),
(12200, 874, 10, NULL, NULL),
(12201, 875, 10, NULL, NULL),
(12202, 876, 10, NULL, NULL),
(12203, 877, 10, NULL, NULL),
(12204, 878, 10, NULL, NULL),
(12205, 879, 10, NULL, NULL),
(12206, 880, 10, NULL, NULL),
(12207, 881, 10, NULL, NULL),
(12208, 882, 10, NULL, NULL),
(12209, 883, 10, NULL, NULL),
(12210, 884, 10, NULL, NULL),
(12211, 885, 10, NULL, NULL),
(12212, 886, 10, NULL, NULL),
(12213, 887, 10, NULL, NULL),
(12214, 888, 10, NULL, NULL),
(12215, 889, 10, NULL, NULL),
(12216, 890, 10, NULL, NULL),
(12217, 891, 10, NULL, NULL),
(12218, 892, 10, NULL, NULL),
(12219, 893, 10, NULL, NULL),
(12220, 894, 10, NULL, NULL),
(12221, 895, 10, NULL, NULL),
(12222, 896, 10, NULL, NULL),
(12223, 897, 10, NULL, NULL),
(12224, 898, 10, NULL, NULL),
(12225, 899, 10, NULL, NULL),
(12226, 900, 10, NULL, NULL),
(12227, 901, 10, NULL, NULL),
(12228, 902, 10, NULL, NULL),
(12229, 903, 10, NULL, NULL),
(12230, 904, 10, NULL, NULL),
(12231, 905, 10, NULL, NULL),
(12232, 906, 10, NULL, NULL),
(12233, 907, 10, NULL, NULL),
(12234, 908, 10, NULL, NULL),
(12235, 909, 10, NULL, NULL),
(12236, 910, 10, NULL, NULL),
(12237, 911, 10, NULL, NULL),
(12238, 912, 10, NULL, NULL),
(12239, 913, 10, NULL, NULL),
(12240, 914, 10, NULL, NULL),
(12241, 915, 10, NULL, NULL),
(12242, 916, 10, NULL, NULL),
(12243, 917, 10, NULL, NULL),
(12244, 918, 10, NULL, NULL),
(12245, 919, 10, NULL, NULL),
(12246, 920, 10, NULL, NULL),
(12247, 921, 10, NULL, NULL),
(12248, 922, 10, NULL, NULL),
(12249, 923, 10, NULL, NULL),
(12250, 924, 10, NULL, NULL),
(12251, 925, 10, NULL, NULL),
(12252, 926, 10, NULL, NULL),
(12253, 927, 10, NULL, NULL),
(12254, 928, 10, NULL, NULL),
(12255, 929, 10, NULL, NULL),
(12256, 930, 10, NULL, NULL),
(12257, 931, 10, NULL, NULL),
(12258, 932, 10, NULL, NULL),
(12259, 933, 10, NULL, NULL),
(12260, 934, 10, NULL, NULL),
(12261, 935, 10, NULL, NULL),
(12262, 936, 10, NULL, NULL),
(12263, 937, 10, NULL, NULL),
(12264, 938, 10, NULL, NULL),
(12265, 939, 10, NULL, NULL),
(12266, 940, 10, NULL, NULL),
(12267, 941, 10, NULL, NULL),
(12268, 942, 10, NULL, NULL),
(12269, 943, 10, NULL, NULL),
(12270, 944, 10, NULL, NULL),
(12271, 945, 10, NULL, NULL),
(12272, 946, 10, NULL, NULL),
(12273, 947, 10, NULL, NULL),
(12274, 948, 10, NULL, NULL),
(12275, 949, 10, NULL, NULL),
(12276, 950, 10, NULL, NULL),
(12277, 951, 10, NULL, NULL),
(12278, 952, 10, NULL, NULL),
(12279, 953, 10, NULL, NULL),
(12280, 954, 10, NULL, NULL),
(12281, 955, 10, NULL, NULL),
(12282, 956, 10, NULL, NULL),
(12283, 957, 10, NULL, NULL),
(12284, 958, 10, NULL, NULL),
(12285, 959, 10, NULL, NULL),
(12286, 960, 10, NULL, NULL),
(12287, 961, 10, NULL, NULL),
(12288, 962, 10, NULL, NULL),
(12289, 963, 10, NULL, NULL),
(12290, 964, 10, NULL, NULL),
(12291, 965, 10, NULL, NULL),
(12292, 966, 10, NULL, NULL),
(12293, 967, 10, NULL, NULL),
(12294, 968, 10, NULL, NULL),
(12295, 969, 10, NULL, NULL),
(12296, 970, 10, NULL, NULL),
(12297, 971, 10, NULL, NULL),
(12298, 972, 10, NULL, NULL),
(12299, 973, 10, NULL, NULL),
(12300, 974, 10, NULL, NULL),
(12301, 975, 10, NULL, NULL),
(12302, 976, 10, NULL, NULL),
(12303, 977, 10, NULL, NULL),
(12304, 978, 10, NULL, NULL),
(12305, 979, 10, NULL, NULL),
(12306, 980, 10, NULL, NULL),
(12307, 981, 10, NULL, NULL),
(12308, 982, 10, NULL, NULL),
(12309, 983, 10, NULL, NULL),
(12310, 984, 10, NULL, NULL),
(12311, 985, 10, NULL, NULL),
(12312, 986, 10, NULL, NULL),
(12313, 987, 10, NULL, NULL),
(12314, 988, 10, NULL, NULL),
(12315, 989, 10, NULL, NULL),
(12316, 990, 10, NULL, NULL),
(12317, 991, 10, NULL, NULL),
(12318, 992, 10, NULL, NULL),
(12319, 993, 10, NULL, NULL),
(12320, 994, 10, NULL, NULL),
(12321, 995, 10, NULL, NULL),
(12322, 996, 10, NULL, NULL),
(12323, 997, 10, NULL, NULL),
(12324, 998, 10, NULL, NULL),
(12325, 999, 10, NULL, NULL),
(12326, 1000, 10, NULL, NULL),
(12327, 1001, 10, NULL, NULL),
(12328, 1002, 10, NULL, NULL),
(12329, 1003, 10, NULL, NULL),
(12330, 1004, 10, NULL, NULL),
(12331, 1005, 10, NULL, NULL),
(12332, 1006, 10, NULL, NULL),
(12333, 1007, 10, NULL, NULL),
(12334, 1008, 10, NULL, NULL),
(12335, 1009, 10, NULL, NULL),
(12336, 1010, 10, NULL, NULL),
(12337, 1011, 10, NULL, NULL),
(12338, 1012, 10, NULL, NULL),
(12339, 1013, 10, NULL, NULL),
(12340, 1014, 10, NULL, NULL),
(12341, 1015, 10, NULL, NULL),
(12342, 1016, 10, NULL, NULL),
(12343, 1017, 10, NULL, NULL),
(12344, 1018, 10, NULL, NULL),
(12345, 1019, 10, NULL, NULL),
(12346, 1020, 10, NULL, NULL),
(12347, 1021, 10, NULL, NULL),
(12348, 1022, 10, NULL, NULL),
(12349, 1023, 10, NULL, NULL),
(12350, 1024, 10, NULL, NULL),
(12351, 1025, 10, NULL, NULL),
(12352, 1026, 10, NULL, NULL),
(12353, 1027, 10, NULL, NULL),
(12354, 1028, 10, NULL, NULL),
(12355, 1029, 10, NULL, NULL),
(12356, 1030, 10, NULL, NULL),
(12357, 1031, 10, NULL, NULL),
(12358, 1032, 10, NULL, NULL),
(12359, 1033, 10, NULL, NULL),
(12360, 1034, 10, NULL, NULL),
(12361, 1035, 10, NULL, NULL),
(12362, 1036, 10, NULL, NULL),
(12363, 1037, 10, NULL, NULL),
(12364, 1038, 10, NULL, NULL),
(12365, 1039, 10, NULL, NULL),
(12366, 1040, 10, NULL, NULL),
(12367, 1041, 10, NULL, NULL),
(12368, 1042, 10, NULL, NULL),
(12369, 1043, 10, NULL, NULL),
(12370, 1044, 10, NULL, NULL),
(12371, 1045, 10, NULL, NULL),
(12372, 1046, 10, NULL, NULL),
(12373, 1047, 10, NULL, NULL),
(12374, 1048, 10, NULL, NULL),
(12375, 1049, 10, NULL, NULL),
(12376, 1050, 10, NULL, NULL),
(12377, 1051, 10, NULL, NULL),
(12378, 1052, 10, NULL, NULL),
(12379, 1053, 10, NULL, NULL),
(12380, 1054, 10, NULL, NULL),
(12381, 1055, 10, NULL, NULL),
(12382, 1056, 10, NULL, NULL),
(12383, 1057, 10, NULL, NULL),
(12384, 1058, 10, NULL, NULL),
(12385, 1059, 10, NULL, NULL),
(12386, 1060, 10, NULL, NULL),
(12387, 1061, 10, NULL, NULL),
(12388, 1062, 10, NULL, NULL),
(12389, 1063, 10, NULL, NULL),
(12390, 1064, 10, NULL, NULL),
(12391, 1065, 10, NULL, NULL),
(12392, 1066, 10, NULL, NULL),
(12393, 1067, 10, NULL, NULL),
(12394, 1068, 10, NULL, NULL),
(12395, 1069, 10, NULL, NULL),
(12396, 1070, 10, NULL, NULL),
(12397, 1071, 10, NULL, NULL),
(12398, 1072, 10, NULL, NULL),
(12399, 1073, 10, NULL, NULL),
(12400, 1074, 10, NULL, NULL),
(12401, 1075, 10, NULL, NULL),
(12402, 1076, 10, NULL, NULL),
(12403, 1077, 10, NULL, NULL),
(12404, 1078, 10, NULL, NULL),
(12405, 1079, 10, NULL, NULL),
(12406, 1080, 10, NULL, NULL),
(12407, 1081, 10, NULL, NULL),
(12408, 1082, 10, NULL, NULL),
(12409, 1083, 10, NULL, NULL),
(12410, 1084, 10, NULL, NULL),
(12411, 1085, 10, NULL, NULL),
(12412, 1086, 10, NULL, NULL),
(12413, 1087, 10, NULL, NULL),
(12414, 1088, 10, NULL, NULL),
(12415, 1089, 10, NULL, NULL),
(12416, 1090, 10, NULL, NULL),
(12417, 1091, 10, NULL, NULL),
(12418, 1092, 10, NULL, NULL),
(12419, 1093, 10, NULL, NULL),
(12420, 1094, 10, NULL, NULL),
(12421, 1095, 10, NULL, NULL),
(12422, 1096, 10, NULL, NULL),
(12423, 732, 11, NULL, NULL),
(12424, 733, 11, NULL, NULL),
(12425, 734, 11, NULL, NULL),
(12426, 735, 11, NULL, NULL),
(12427, 736, 11, NULL, NULL),
(12428, 737, 11, NULL, NULL),
(12429, 738, 11, NULL, NULL),
(12430, 739, 11, NULL, NULL),
(12431, 740, 11, NULL, NULL),
(12432, 741, 11, NULL, NULL),
(12433, 742, 11, NULL, NULL),
(12434, 743, 11, NULL, NULL),
(12435, 744, 11, NULL, NULL),
(12436, 745, 11, NULL, NULL),
(12437, 746, 11, NULL, NULL),
(12438, 747, 11, NULL, NULL),
(12439, 748, 11, NULL, NULL),
(12440, 749, 11, NULL, NULL),
(12441, 750, 11, NULL, NULL),
(12442, 751, 11, NULL, NULL),
(12443, 752, 11, NULL, NULL),
(12444, 753, 11, NULL, NULL),
(12445, 754, 11, NULL, NULL),
(12446, 755, 11, NULL, NULL),
(12447, 756, 11, NULL, NULL),
(12448, 757, 11, NULL, NULL),
(12449, 758, 11, NULL, NULL),
(12450, 759, 11, NULL, NULL),
(12451, 760, 11, NULL, NULL),
(12452, 761, 11, NULL, NULL),
(12453, 762, 11, NULL, NULL),
(12454, 763, 11, NULL, NULL),
(12455, 764, 11, NULL, NULL),
(12456, 765, 11, NULL, NULL),
(12457, 766, 11, NULL, NULL),
(12458, 767, 11, NULL, NULL),
(12459, 768, 11, NULL, NULL),
(12460, 769, 11, NULL, NULL),
(12461, 770, 11, NULL, NULL),
(12462, 771, 11, NULL, NULL),
(12463, 772, 11, NULL, NULL),
(12464, 773, 11, NULL, NULL),
(12465, 774, 11, NULL, NULL),
(12466, 775, 11, NULL, NULL),
(12467, 776, 11, NULL, NULL),
(12468, 777, 11, NULL, NULL),
(12469, 778, 11, NULL, NULL),
(12470, 779, 11, NULL, NULL),
(12471, 780, 11, NULL, NULL),
(12472, 781, 11, NULL, NULL),
(12473, 782, 11, NULL, NULL),
(12474, 783, 11, NULL, NULL),
(12475, 784, 11, NULL, NULL),
(12476, 785, 11, NULL, NULL),
(12477, 786, 11, NULL, NULL),
(12478, 787, 11, NULL, NULL),
(12479, 788, 11, NULL, NULL),
(12480, 789, 11, NULL, NULL),
(12481, 790, 11, NULL, NULL),
(12482, 791, 11, NULL, NULL),
(12483, 792, 11, NULL, NULL),
(12484, 793, 11, NULL, NULL),
(12485, 794, 11, NULL, NULL),
(12486, 795, 11, NULL, NULL),
(12487, 796, 11, NULL, NULL),
(12488, 797, 11, NULL, NULL),
(12489, 798, 11, NULL, NULL),
(12490, 799, 11, NULL, NULL),
(12491, 800, 11, NULL, NULL),
(12492, 801, 11, NULL, NULL),
(12493, 802, 11, NULL, NULL),
(12494, 803, 11, NULL, NULL),
(12495, 804, 11, NULL, NULL),
(12496, 805, 11, NULL, NULL),
(12497, 806, 11, NULL, NULL),
(12498, 807, 11, NULL, NULL),
(12499, 808, 11, NULL, NULL),
(12500, 809, 11, NULL, NULL),
(12501, 810, 11, NULL, NULL),
(12502, 811, 11, NULL, NULL),
(12503, 812, 11, NULL, NULL),
(12504, 813, 11, NULL, NULL),
(12505, 814, 11, NULL, NULL),
(12506, 815, 11, NULL, NULL),
(12507, 816, 11, NULL, NULL),
(12508, 817, 11, NULL, NULL),
(12509, 818, 11, NULL, NULL),
(12510, 819, 11, NULL, NULL),
(12511, 820, 11, NULL, NULL),
(12512, 821, 11, NULL, NULL),
(12513, 822, 11, NULL, NULL),
(12514, 823, 11, NULL, NULL),
(12515, 824, 11, NULL, NULL),
(12516, 825, 11, NULL, NULL),
(12517, 826, 11, NULL, NULL),
(12518, 827, 11, NULL, NULL),
(12519, 828, 11, NULL, NULL),
(12520, 829, 11, NULL, NULL),
(12521, 830, 11, NULL, NULL),
(12522, 831, 11, NULL, NULL),
(12523, 832, 11, NULL, NULL),
(12524, 833, 11, NULL, NULL),
(12525, 834, 11, NULL, NULL),
(12526, 835, 11, NULL, NULL),
(12527, 836, 11, NULL, NULL),
(12528, 837, 11, NULL, NULL),
(12529, 838, 11, NULL, NULL),
(12530, 839, 11, NULL, NULL),
(12531, 840, 11, NULL, NULL),
(12532, 841, 11, NULL, NULL),
(12533, 842, 11, NULL, NULL),
(12534, 843, 11, NULL, NULL),
(12535, 844, 11, NULL, NULL),
(12536, 845, 11, NULL, NULL),
(12537, 846, 11, NULL, NULL),
(12538, 847, 11, NULL, NULL),
(12539, 848, 11, NULL, NULL),
(12540, 849, 11, NULL, NULL),
(12541, 850, 11, NULL, NULL),
(12542, 851, 11, NULL, NULL),
(12543, 852, 11, NULL, NULL),
(12544, 853, 11, NULL, NULL),
(12545, 854, 11, NULL, NULL),
(12546, 855, 11, NULL, NULL),
(12547, 856, 11, NULL, NULL),
(12548, 857, 11, NULL, NULL),
(12549, 858, 11, NULL, NULL),
(12550, 859, 11, NULL, NULL),
(12551, 860, 11, NULL, NULL),
(12552, 861, 11, NULL, NULL),
(12553, 862, 11, NULL, NULL),
(12554, 863, 11, NULL, NULL),
(12555, 864, 11, NULL, NULL),
(12556, 865, 11, NULL, NULL),
(12557, 866, 11, NULL, NULL),
(12558, 867, 11, NULL, NULL),
(12559, 868, 11, NULL, NULL),
(12560, 869, 11, NULL, NULL),
(12561, 870, 11, NULL, NULL),
(12562, 871, 11, NULL, NULL),
(12563, 872, 11, NULL, NULL),
(12564, 873, 11, NULL, NULL),
(12565, 874, 11, NULL, NULL),
(12566, 875, 11, NULL, NULL),
(12567, 876, 11, NULL, NULL),
(12568, 877, 11, NULL, NULL),
(12569, 878, 11, NULL, NULL),
(12570, 879, 11, NULL, NULL),
(12571, 880, 11, NULL, NULL),
(12572, 881, 11, NULL, NULL),
(12573, 882, 11, NULL, NULL),
(12574, 883, 11, NULL, NULL),
(12575, 884, 11, NULL, NULL),
(12576, 885, 11, NULL, NULL),
(12577, 886, 11, NULL, NULL),
(12578, 887, 11, NULL, NULL),
(12579, 888, 11, NULL, NULL),
(12580, 889, 11, NULL, NULL),
(12581, 890, 11, NULL, NULL),
(12582, 891, 11, NULL, NULL),
(12583, 892, 11, NULL, NULL),
(12584, 893, 11, NULL, NULL),
(12585, 894, 11, NULL, NULL),
(12586, 895, 11, NULL, NULL),
(12587, 896, 11, NULL, NULL),
(12588, 897, 11, NULL, NULL),
(12589, 898, 11, NULL, NULL),
(12590, 899, 11, NULL, NULL),
(12591, 900, 11, NULL, NULL),
(12592, 901, 11, NULL, NULL),
(12593, 902, 11, NULL, NULL),
(12594, 903, 11, NULL, NULL),
(12595, 904, 11, NULL, NULL),
(12596, 905, 11, NULL, NULL),
(12597, 906, 11, NULL, NULL),
(12598, 907, 11, NULL, NULL),
(12599, 908, 11, NULL, NULL),
(12600, 909, 11, NULL, NULL),
(12601, 910, 11, NULL, NULL),
(12602, 911, 11, NULL, NULL),
(12603, 912, 11, NULL, NULL),
(12604, 913, 11, NULL, NULL),
(12605, 914, 11, NULL, NULL),
(12606, 915, 11, NULL, NULL),
(12607, 916, 11, NULL, NULL),
(12608, 917, 11, NULL, NULL),
(12609, 918, 11, NULL, NULL),
(12610, 919, 11, NULL, NULL),
(12611, 920, 11, NULL, NULL),
(12612, 921, 11, NULL, NULL),
(12613, 922, 11, NULL, NULL),
(12614, 923, 11, NULL, NULL),
(12615, 924, 11, NULL, NULL),
(12616, 925, 11, NULL, NULL),
(12617, 926, 11, NULL, NULL),
(12618, 927, 11, NULL, NULL),
(12619, 928, 11, NULL, NULL),
(12620, 929, 11, NULL, NULL),
(12621, 930, 11, NULL, NULL),
(12622, 931, 11, NULL, NULL),
(12623, 932, 11, NULL, NULL),
(12624, 933, 11, NULL, NULL),
(12625, 934, 11, NULL, NULL),
(12626, 935, 11, NULL, NULL),
(12627, 936, 11, NULL, NULL),
(12628, 937, 11, NULL, NULL),
(12629, 938, 11, NULL, NULL),
(12630, 939, 11, NULL, NULL),
(12631, 940, 11, NULL, NULL),
(12632, 941, 11, NULL, NULL),
(12633, 942, 11, NULL, NULL),
(12634, 943, 11, NULL, NULL),
(12635, 944, 11, NULL, NULL),
(12636, 945, 11, NULL, NULL),
(12637, 946, 11, NULL, NULL),
(12638, 947, 11, NULL, NULL),
(12639, 948, 11, NULL, NULL),
(12640, 949, 11, NULL, NULL),
(12641, 950, 11, NULL, NULL),
(12642, 951, 11, NULL, NULL),
(12643, 952, 11, NULL, NULL),
(12644, 953, 11, NULL, NULL),
(12645, 954, 11, NULL, NULL),
(12646, 955, 11, NULL, NULL),
(12647, 956, 11, NULL, NULL),
(12648, 957, 11, NULL, NULL),
(12649, 958, 11, NULL, NULL),
(12650, 959, 11, NULL, NULL),
(12651, 960, 11, NULL, NULL),
(12652, 961, 11, NULL, NULL),
(12653, 962, 11, NULL, NULL),
(12654, 963, 11, NULL, NULL),
(12655, 964, 11, NULL, NULL),
(12656, 965, 11, NULL, NULL),
(12657, 966, 11, NULL, NULL),
(12658, 967, 11, NULL, NULL),
(12659, 968, 11, NULL, NULL),
(12660, 969, 11, NULL, NULL),
(12661, 970, 11, NULL, NULL),
(12662, 971, 11, NULL, NULL),
(12663, 972, 11, NULL, NULL),
(12664, 973, 11, NULL, NULL),
(12665, 974, 11, NULL, NULL),
(12666, 975, 11, NULL, NULL),
(12667, 976, 11, NULL, NULL),
(12668, 977, 11, NULL, NULL),
(12669, 978, 11, NULL, NULL),
(12670, 979, 11, NULL, NULL),
(12671, 980, 11, NULL, NULL),
(12672, 981, 11, NULL, NULL),
(12673, 982, 11, NULL, NULL),
(12674, 983, 11, NULL, NULL),
(12675, 984, 11, NULL, NULL),
(12676, 985, 11, NULL, NULL),
(12677, 986, 11, NULL, NULL),
(12678, 987, 11, NULL, NULL),
(12679, 988, 11, NULL, NULL),
(12680, 989, 11, NULL, NULL),
(12681, 990, 11, NULL, NULL),
(12682, 991, 11, NULL, NULL),
(12683, 992, 11, NULL, NULL),
(12684, 993, 11, NULL, NULL),
(12685, 994, 11, NULL, NULL),
(12686, 995, 11, NULL, NULL),
(12687, 996, 11, NULL, NULL),
(12688, 997, 11, NULL, NULL),
(12689, 998, 11, NULL, NULL),
(12690, 999, 11, NULL, NULL),
(12691, 1000, 11, NULL, NULL),
(12692, 1001, 11, NULL, NULL),
(12693, 1002, 11, NULL, NULL),
(12694, 1003, 11, NULL, NULL),
(12695, 1004, 11, NULL, NULL),
(12696, 1005, 11, NULL, NULL),
(12697, 1006, 11, NULL, NULL),
(12698, 1007, 11, NULL, NULL),
(12699, 1008, 11, NULL, NULL),
(12700, 1009, 11, NULL, NULL),
(12701, 1010, 11, NULL, NULL),
(12702, 1011, 11, NULL, NULL),
(12703, 1012, 11, NULL, NULL),
(12704, 1013, 11, NULL, NULL),
(12705, 1014, 11, NULL, NULL),
(12706, 1015, 11, NULL, NULL),
(12707, 1016, 11, NULL, NULL),
(12708, 1017, 11, NULL, NULL),
(12709, 1018, 11, NULL, NULL),
(12710, 1019, 11, NULL, NULL),
(12711, 1020, 11, NULL, NULL),
(12712, 1021, 11, NULL, NULL),
(12713, 1022, 11, NULL, NULL),
(12714, 1023, 11, NULL, NULL),
(12715, 1024, 11, NULL, NULL),
(12716, 1025, 11, NULL, NULL),
(12717, 1026, 11, NULL, NULL),
(12718, 1027, 11, NULL, NULL),
(12719, 1028, 11, NULL, NULL),
(12720, 1029, 11, NULL, NULL),
(12721, 1030, 11, NULL, NULL),
(12722, 1031, 11, NULL, NULL),
(12723, 1032, 11, NULL, NULL),
(12724, 1033, 11, NULL, NULL),
(12725, 1034, 11, NULL, NULL),
(12726, 1035, 11, NULL, NULL),
(12727, 1036, 11, NULL, NULL),
(12728, 1037, 11, NULL, NULL),
(12729, 1038, 11, NULL, NULL),
(12730, 1039, 11, NULL, NULL),
(12731, 1040, 11, NULL, NULL),
(12732, 1041, 11, NULL, NULL),
(12733, 1042, 11, NULL, NULL),
(12734, 1043, 11, NULL, NULL),
(12735, 1044, 11, NULL, NULL),
(12736, 1045, 11, NULL, NULL),
(12737, 1046, 11, NULL, NULL),
(12738, 1047, 11, NULL, NULL),
(12739, 1048, 11, NULL, NULL),
(12740, 1049, 11, NULL, NULL),
(12741, 1050, 11, NULL, NULL),
(12742, 1051, 11, NULL, NULL),
(12743, 1052, 11, NULL, NULL),
(12744, 1053, 11, NULL, NULL),
(12745, 1054, 11, NULL, NULL),
(12746, 1055, 11, NULL, NULL),
(12747, 1056, 11, NULL, NULL),
(12748, 1057, 11, NULL, NULL),
(12749, 1058, 11, NULL, NULL),
(12750, 1059, 11, NULL, NULL),
(12751, 1060, 11, NULL, NULL),
(12752, 1061, 11, NULL, NULL),
(12753, 1062, 11, NULL, NULL),
(12754, 1063, 11, NULL, NULL),
(12755, 1064, 11, NULL, NULL),
(12756, 1065, 11, NULL, NULL),
(12757, 1066, 11, NULL, NULL),
(12758, 1067, 11, NULL, NULL),
(12759, 1068, 11, NULL, NULL),
(12760, 1069, 11, NULL, NULL),
(12761, 1070, 11, NULL, NULL),
(12762, 1071, 11, NULL, NULL),
(12763, 1072, 11, NULL, NULL),
(12764, 1073, 11, NULL, NULL),
(12765, 1074, 11, NULL, NULL),
(12766, 1075, 11, NULL, NULL),
(12767, 1076, 11, NULL, NULL),
(12768, 1077, 11, NULL, NULL),
(12769, 1078, 11, NULL, NULL),
(12770, 1079, 11, NULL, NULL),
(12771, 1080, 11, NULL, NULL),
(12772, 1081, 11, NULL, NULL),
(12773, 1082, 11, NULL, NULL),
(12774, 1083, 11, NULL, NULL),
(12775, 1084, 11, NULL, NULL),
(12776, 1085, 11, NULL, NULL),
(12777, 1086, 11, NULL, NULL),
(12778, 1087, 11, NULL, NULL),
(12779, 1088, 11, NULL, NULL),
(12780, 1089, 11, NULL, NULL),
(12781, 1090, 11, NULL, NULL),
(12782, 1091, 11, NULL, NULL),
(12783, 1092, 11, NULL, NULL),
(12784, 1093, 11, NULL, NULL),
(12785, 1094, 11, NULL, NULL),
(12786, 1095, 11, NULL, NULL),
(12787, 1096, 11, NULL, NULL),
(12788, 732, 12, NULL, NULL),
(12789, 733, 12, NULL, NULL),
(12790, 734, 12, NULL, NULL),
(12791, 735, 12, NULL, NULL),
(12792, 736, 12, NULL, NULL),
(12793, 737, 12, NULL, NULL),
(12794, 738, 12, NULL, NULL),
(12795, 739, 12, NULL, NULL),
(12796, 740, 12, NULL, NULL),
(12797, 741, 12, NULL, NULL),
(12798, 742, 12, NULL, NULL),
(12799, 743, 12, NULL, NULL),
(12800, 744, 12, NULL, NULL),
(12801, 745, 12, NULL, NULL),
(12802, 746, 12, NULL, NULL),
(12803, 747, 12, NULL, NULL),
(12804, 748, 12, NULL, NULL),
(12805, 749, 12, NULL, NULL),
(12806, 750, 12, NULL, NULL),
(12807, 751, 12, NULL, NULL),
(12808, 752, 12, NULL, NULL),
(12809, 753, 12, NULL, NULL),
(12810, 754, 12, NULL, NULL),
(12811, 755, 12, NULL, NULL),
(12812, 756, 12, NULL, NULL),
(12813, 757, 12, NULL, NULL),
(12814, 758, 12, NULL, NULL),
(12815, 759, 12, NULL, NULL),
(12816, 760, 12, NULL, NULL),
(12817, 761, 12, NULL, NULL),
(12818, 762, 12, NULL, NULL),
(12819, 763, 12, NULL, NULL),
(12820, 764, 12, NULL, NULL),
(12821, 765, 12, NULL, NULL),
(12822, 766, 12, NULL, NULL),
(12823, 767, 12, NULL, NULL),
(12824, 768, 12, NULL, NULL),
(12825, 769, 12, NULL, NULL),
(12826, 770, 12, NULL, NULL),
(12827, 771, 12, NULL, NULL),
(12828, 772, 12, NULL, NULL),
(12829, 773, 12, NULL, NULL),
(12830, 774, 12, NULL, NULL),
(12831, 775, 12, NULL, NULL),
(12832, 776, 12, NULL, NULL),
(12833, 777, 12, NULL, NULL),
(12834, 778, 12, NULL, NULL),
(12835, 779, 12, NULL, NULL),
(12836, 780, 12, NULL, NULL),
(12837, 781, 12, NULL, NULL),
(12838, 782, 12, NULL, NULL),
(12839, 783, 12, NULL, NULL),
(12840, 784, 12, NULL, NULL),
(12841, 785, 12, NULL, NULL),
(12842, 786, 12, NULL, NULL),
(12843, 787, 12, NULL, NULL),
(12844, 788, 12, NULL, NULL),
(12845, 789, 12, NULL, NULL),
(12846, 790, 12, NULL, NULL),
(12847, 791, 12, NULL, NULL),
(12848, 792, 12, NULL, NULL),
(12849, 793, 12, NULL, NULL),
(12850, 794, 12, NULL, NULL),
(12851, 795, 12, NULL, NULL),
(12852, 796, 12, NULL, NULL),
(12853, 797, 12, NULL, NULL),
(12854, 798, 12, NULL, NULL),
(12855, 799, 12, NULL, NULL),
(12856, 800, 12, NULL, NULL),
(12857, 801, 12, NULL, NULL),
(12858, 802, 12, NULL, NULL),
(12859, 803, 12, NULL, NULL),
(12860, 804, 12, NULL, NULL),
(12861, 805, 12, NULL, NULL),
(12862, 806, 12, NULL, NULL),
(12863, 807, 12, NULL, NULL),
(12864, 808, 12, NULL, NULL),
(12865, 809, 12, NULL, NULL),
(12866, 810, 12, NULL, NULL),
(12867, 811, 12, NULL, NULL),
(12868, 812, 12, NULL, NULL),
(12869, 813, 12, NULL, NULL),
(12870, 814, 12, NULL, NULL),
(12871, 815, 12, NULL, NULL),
(12872, 816, 12, NULL, NULL),
(12873, 817, 12, NULL, NULL),
(12874, 818, 12, NULL, NULL),
(12875, 819, 12, NULL, NULL),
(12876, 820, 12, NULL, NULL),
(12877, 821, 12, NULL, NULL),
(12878, 822, 12, NULL, NULL),
(12879, 823, 12, NULL, NULL),
(12880, 824, 12, NULL, NULL),
(12881, 825, 12, NULL, NULL),
(12882, 826, 12, NULL, NULL),
(12883, 827, 12, NULL, NULL),
(12884, 828, 12, NULL, NULL),
(12885, 829, 12, NULL, NULL),
(12886, 830, 12, NULL, NULL),
(12887, 831, 12, NULL, NULL),
(12888, 832, 12, NULL, NULL),
(12889, 833, 12, NULL, NULL),
(12890, 834, 12, NULL, NULL),
(12891, 835, 12, NULL, NULL),
(12892, 836, 12, NULL, NULL),
(12893, 837, 12, NULL, NULL),
(12894, 838, 12, NULL, NULL),
(12895, 839, 12, NULL, NULL),
(12896, 840, 12, NULL, NULL),
(12897, 841, 12, NULL, NULL),
(12898, 842, 12, NULL, NULL),
(12899, 843, 12, NULL, NULL),
(12900, 844, 12, NULL, NULL),
(12901, 845, 12, NULL, NULL),
(12902, 846, 12, NULL, NULL),
(12903, 847, 12, NULL, NULL),
(12904, 848, 12, NULL, NULL),
(12905, 849, 12, NULL, NULL),
(12906, 850, 12, NULL, NULL),
(12907, 851, 12, NULL, NULL),
(12908, 852, 12, NULL, NULL),
(12909, 853, 12, NULL, NULL),
(12910, 854, 12, NULL, NULL),
(12911, 855, 12, NULL, NULL),
(12912, 856, 12, NULL, NULL),
(12913, 857, 12, NULL, NULL),
(12914, 858, 12, NULL, NULL),
(12915, 859, 12, NULL, NULL),
(12916, 860, 12, NULL, NULL),
(12917, 861, 12, NULL, NULL),
(12918, 862, 12, NULL, NULL),
(12919, 863, 12, NULL, NULL),
(12920, 864, 12, NULL, NULL),
(12921, 865, 12, NULL, NULL),
(12922, 866, 12, NULL, NULL),
(12923, 867, 12, NULL, NULL),
(12924, 868, 12, NULL, NULL),
(12925, 869, 12, NULL, NULL),
(12926, 870, 12, NULL, NULL),
(12927, 871, 12, NULL, NULL),
(12928, 872, 12, NULL, NULL),
(12929, 873, 12, NULL, NULL),
(12930, 874, 12, NULL, NULL),
(12931, 875, 12, NULL, NULL),
(12932, 876, 12, NULL, NULL),
(12933, 877, 12, NULL, NULL),
(12934, 878, 12, NULL, NULL),
(12935, 879, 12, NULL, NULL),
(12936, 880, 12, NULL, NULL),
(12937, 881, 12, NULL, NULL),
(12938, 882, 12, NULL, NULL),
(12939, 883, 12, NULL, NULL),
(12940, 884, 12, NULL, NULL),
(12941, 885, 12, NULL, NULL),
(12942, 886, 12, NULL, NULL),
(12943, 887, 12, NULL, NULL),
(12944, 888, 12, NULL, NULL),
(12945, 889, 12, NULL, NULL),
(12946, 890, 12, NULL, NULL),
(12947, 891, 12, NULL, NULL),
(12948, 892, 12, NULL, NULL),
(12949, 893, 12, NULL, NULL),
(12950, 894, 12, NULL, NULL),
(12951, 895, 12, NULL, NULL),
(12952, 896, 12, NULL, NULL),
(12953, 897, 12, NULL, NULL),
(12954, 898, 12, NULL, NULL),
(12955, 899, 12, NULL, NULL),
(12956, 900, 12, NULL, NULL),
(12957, 901, 12, NULL, NULL),
(12958, 902, 12, NULL, NULL),
(12959, 903, 12, NULL, NULL),
(12960, 904, 12, NULL, NULL),
(12961, 905, 12, NULL, NULL),
(12962, 906, 12, NULL, NULL),
(12963, 907, 12, NULL, NULL),
(12964, 908, 12, NULL, NULL),
(12965, 909, 12, NULL, NULL),
(12966, 910, 12, NULL, NULL),
(12967, 911, 12, NULL, NULL),
(12968, 912, 12, NULL, NULL),
(12969, 913, 12, NULL, NULL),
(12970, 914, 12, NULL, NULL),
(12971, 915, 12, NULL, NULL),
(12972, 916, 12, NULL, NULL),
(12973, 917, 12, NULL, NULL),
(12974, 918, 12, NULL, NULL),
(12975, 919, 12, NULL, NULL),
(12976, 920, 12, NULL, NULL),
(12977, 921, 12, NULL, NULL),
(12978, 922, 12, NULL, NULL),
(12979, 923, 12, NULL, NULL),
(12980, 924, 12, NULL, NULL),
(12981, 925, 12, NULL, NULL),
(12982, 926, 12, NULL, NULL),
(12983, 927, 12, NULL, NULL),
(12984, 928, 12, NULL, NULL),
(12985, 929, 12, NULL, NULL),
(12986, 930, 12, NULL, NULL),
(12987, 931, 12, NULL, NULL),
(12988, 932, 12, NULL, NULL),
(12989, 933, 12, NULL, NULL),
(12990, 934, 12, NULL, NULL),
(12991, 935, 12, NULL, NULL),
(12992, 936, 12, NULL, NULL),
(12993, 937, 12, NULL, NULL),
(12994, 938, 12, NULL, NULL),
(12995, 939, 12, NULL, NULL),
(12996, 940, 12, NULL, NULL),
(12997, 941, 12, NULL, NULL),
(12998, 942, 12, NULL, NULL),
(12999, 943, 12, NULL, NULL),
(13000, 944, 12, NULL, NULL),
(13001, 945, 12, NULL, NULL),
(13002, 946, 12, NULL, NULL),
(13003, 947, 12, NULL, NULL),
(13004, 948, 12, NULL, NULL),
(13005, 949, 12, NULL, NULL),
(13006, 950, 12, NULL, NULL),
(13007, 951, 12, NULL, NULL),
(13008, 952, 12, NULL, NULL),
(13009, 953, 12, NULL, NULL),
(13010, 954, 12, NULL, NULL),
(13011, 955, 12, NULL, NULL),
(13012, 956, 12, NULL, NULL),
(13013, 957, 12, NULL, NULL),
(13014, 958, 12, NULL, NULL),
(13015, 959, 12, NULL, NULL),
(13016, 960, 12, NULL, NULL),
(13017, 961, 12, NULL, NULL),
(13018, 962, 12, NULL, NULL),
(13019, 963, 12, NULL, NULL),
(13020, 964, 12, NULL, NULL),
(13021, 965, 12, NULL, NULL),
(13022, 966, 12, NULL, NULL),
(13023, 967, 12, NULL, NULL),
(13024, 968, 12, NULL, NULL),
(13025, 969, 12, NULL, NULL),
(13026, 970, 12, NULL, NULL),
(13027, 971, 12, NULL, NULL),
(13028, 972, 12, NULL, NULL),
(13029, 973, 12, NULL, NULL),
(13030, 974, 12, NULL, NULL),
(13031, 975, 12, NULL, NULL),
(13032, 976, 12, NULL, NULL),
(13033, 977, 12, NULL, NULL),
(13034, 978, 12, NULL, NULL),
(13035, 979, 12, NULL, NULL),
(13036, 980, 12, NULL, NULL),
(13037, 981, 12, NULL, NULL),
(13038, 982, 12, NULL, NULL),
(13039, 983, 12, NULL, NULL),
(13040, 984, 12, NULL, NULL),
(13041, 985, 12, NULL, NULL),
(13042, 986, 12, NULL, NULL),
(13043, 987, 12, NULL, NULL),
(13044, 988, 12, NULL, NULL),
(13045, 989, 12, NULL, NULL),
(13046, 990, 12, NULL, NULL),
(13047, 991, 12, NULL, NULL),
(13048, 992, 12, NULL, NULL),
(13049, 993, 12, NULL, NULL),
(13050, 994, 12, NULL, NULL),
(13051, 995, 12, NULL, NULL),
(13052, 996, 12, NULL, NULL),
(13053, 997, 12, NULL, NULL),
(13054, 998, 12, NULL, NULL),
(13055, 999, 12, NULL, NULL),
(13056, 1000, 12, NULL, NULL),
(13057, 1001, 12, NULL, NULL),
(13058, 1002, 12, NULL, NULL),
(13059, 1003, 12, NULL, NULL),
(13060, 1004, 12, NULL, NULL),
(13061, 1005, 12, NULL, NULL),
(13062, 1006, 12, NULL, NULL),
(13063, 1007, 12, NULL, NULL),
(13064, 1008, 12, NULL, NULL),
(13065, 1009, 12, NULL, NULL),
(13066, 1010, 12, NULL, NULL),
(13067, 1011, 12, NULL, NULL),
(13068, 1012, 12, NULL, NULL),
(13069, 1013, 12, NULL, NULL),
(13070, 1014, 12, NULL, NULL),
(13071, 1015, 12, NULL, NULL),
(13072, 1016, 12, NULL, NULL),
(13073, 1017, 12, NULL, NULL),
(13074, 1018, 12, NULL, NULL),
(13075, 1019, 12, NULL, NULL),
(13076, 1020, 12, NULL, NULL),
(13077, 1021, 12, NULL, NULL),
(13078, 1022, 12, NULL, NULL),
(13079, 1023, 12, NULL, NULL),
(13080, 1024, 12, NULL, NULL),
(13081, 1025, 12, NULL, NULL),
(13082, 1026, 12, NULL, NULL),
(13083, 1027, 12, NULL, NULL),
(13084, 1028, 12, NULL, NULL),
(13085, 1029, 12, NULL, NULL),
(13086, 1030, 12, NULL, NULL),
(13087, 1031, 12, NULL, NULL),
(13088, 1032, 12, NULL, NULL),
(13089, 1033, 12, NULL, NULL),
(13090, 1034, 12, NULL, NULL),
(13091, 1035, 12, NULL, NULL),
(13092, 1036, 12, NULL, NULL),
(13093, 1037, 12, NULL, NULL),
(13094, 1038, 12, NULL, NULL),
(13095, 1039, 12, NULL, NULL),
(13096, 1040, 12, NULL, NULL),
(13097, 1041, 12, NULL, NULL),
(13098, 1042, 12, NULL, NULL),
(13099, 1043, 12, NULL, NULL),
(13100, 1044, 12, NULL, NULL),
(13101, 1045, 12, NULL, NULL),
(13102, 1046, 12, NULL, NULL),
(13103, 1047, 12, NULL, NULL),
(13104, 1048, 12, NULL, NULL),
(13105, 1049, 12, NULL, NULL),
(13106, 1050, 12, NULL, NULL),
(13107, 1051, 12, NULL, NULL),
(13108, 1052, 12, NULL, NULL),
(13109, 1053, 12, NULL, NULL),
(13110, 1054, 12, NULL, NULL),
(13111, 1055, 12, NULL, NULL),
(13112, 1056, 12, NULL, NULL),
(13113, 1057, 12, NULL, NULL),
(13114, 1058, 12, NULL, NULL),
(13115, 1059, 12, NULL, NULL),
(13116, 1060, 12, NULL, NULL),
(13117, 1061, 12, NULL, NULL),
(13118, 1062, 12, NULL, NULL),
(13119, 1063, 12, NULL, NULL),
(13120, 1064, 12, NULL, NULL),
(13121, 1065, 12, NULL, NULL),
(13122, 1066, 12, NULL, NULL),
(13123, 1067, 12, NULL, NULL),
(13124, 1068, 12, NULL, NULL),
(13125, 1069, 12, NULL, NULL),
(13126, 1070, 12, NULL, NULL),
(13127, 1071, 12, NULL, NULL),
(13128, 1072, 12, NULL, NULL),
(13129, 1073, 12, NULL, NULL),
(13130, 1074, 12, NULL, NULL),
(13131, 1075, 12, NULL, NULL),
(13132, 1076, 12, NULL, NULL),
(13133, 1077, 12, NULL, NULL),
(13134, 1078, 12, NULL, NULL),
(13135, 1079, 12, NULL, NULL),
(13136, 1080, 12, NULL, NULL),
(13137, 1081, 12, NULL, NULL),
(13138, 1082, 12, NULL, NULL),
(13139, 1083, 12, NULL, NULL),
(13140, 1084, 12, NULL, NULL),
(13141, 1085, 12, NULL, NULL),
(13142, 1086, 12, NULL, NULL),
(13143, 1087, 12, NULL, NULL),
(13144, 1088, 12, NULL, NULL),
(13145, 1089, 12, NULL, NULL),
(13146, 1090, 12, NULL, NULL),
(13147, 1091, 12, NULL, NULL),
(13148, 1092, 12, NULL, NULL),
(13149, 1093, 12, NULL, NULL),
(13150, 1094, 12, NULL, NULL),
(13151, 1095, 12, NULL, NULL),
(13152, 1096, 12, NULL, NULL);

-- --------------------------------------------------------

--
-- Estructura de tabla para la tabla `mar_historial`
--

CREATE TABLE `mar_historial` (
  `id_historial` bigint(20) UNSIGNED NOT NULL,
  `fecha_importar` date NOT NULL,
  `hora_importar` time NOT NULL,
  `cantidad_registros` varchar(255) COLLATE utf8_spanish2_ci DEFAULT NULL
) ENGINE=InnoDB DEFAULT CHARSET=utf8 COLLATE=utf8_spanish2_ci;

--
-- Volcado de datos para la tabla `mar_historial`
--

INSERT INTO `mar_historial` (`id_historial`, `fecha_importar`, `hora_importar`, `cantidad_registros`) VALUES
(1, '2021-02-03', '11:24:38', '1339');

-- --------------------------------------------------------

--
-- Estructura de tabla para la tabla `mar_hora_extra`
--

CREATE TABLE `mar_hora_extra` (
  `id_hora_extra` bigint(20) UNSIGNED NOT NULL,
  `empleado_id` bigint(20) UNSIGNED NOT NULL,
  `fecha_desde` date NOT NULL,
  `fecha_hasta` date NOT NULL,
  `horas` int(11) NOT NULL,
  `minutos` int(11) NOT NULL,
  `mes` int(11) NOT NULL,
  `devengo` decimal(8,4) NOT NULL,
  `isss` decimal(8,4) NOT NULL,
  `insaforp` decimal(8,4) NOT NULL,
  `inpep` decimal(8,4) NOT NULL,
  `afp` decimal(8,4) NOT NULL,
  `total` decimal(8,4) NOT NULL,
  `fecha_registro` date NOT NULL,
  `created_at` timestamp NULL DEFAULT NULL,
  `updated_at` timestamp NULL DEFAULT NULL
) ENGINE=InnoDB DEFAULT CHARSET=utf8 COLLATE=utf8_spanish2_ci;

--
-- Volcado de datos para la tabla `mar_hora_extra`
--

INSERT INTO `mar_hora_extra` (`id_hora_extra`, `empleado_id`, `fecha_desde`, `fecha_hasta`, `horas`, `minutos`, `mes`, `devengo`, `isss`, `insaforp`, `inpep`, `afp`, `total`, `fecha_registro`, `created_at`, `updated_at`) VALUES
(1, 1, '2021-01-01', '2021-01-29', 10, 0, 1, '60.4839', '4.5363', '0.6048', '0.0000', '4.0827', '69.7077', '2021-02-03', '2021-02-03 14:51:41', '2021-02-03 14:51:41'),
(2, 2, '2021-01-01', '2021-01-29', 5, 30, 1, '33.7097', '2.5282', '0.3371', '0.0000', '2.2754', '38.8504', '2021-02-03', '2021-02-03 14:52:23', '2021-02-03 14:52:23'),
(3, 11, '2021-01-01', '2021-01-29', 12, 30, 1, '75.6048', '5.6704', '0.7560', '0.0000', '5.1033', '87.1345', '2021-02-03', '2021-02-03 14:53:21', '2021-02-04 00:48:10'),
(4, 5, '2021-01-01', '2021-01-29', 15, 30, 1, '111.8750', '7.8750', '1.0500', '0.0000', '7.5516', '128.3516', '2021-02-03', '2021-02-03 14:53:52', '2021-02-03 14:53:52'),
(5, 3, '2021-01-01', '2021-01-29', 23, 30, 1, '168.6694', '8.2500', '1.1000', '0.0000', '11.3852', '189.4046', '2021-02-03', '2021-02-03 14:54:38', '2021-02-03 14:54:38'),
(6, 12, '2021-01-01', '2021-01-29', 20, 30, 1, '115.7258', '8.6794', '1.1573', '0.0000', '7.8115', '133.3740', '2021-02-03', '2021-02-03 14:55:06', '2021-02-03 14:55:06'),
(7, 4, '2020-12-01', '2020-12-31', 12, 0, 12, '58.0645', '4.3548', '0.5806', '0.0000', '3.9194', '66.9193', '2021-02-03', '2021-02-03 15:11:45', '2021-02-03 15:11:45');

-- --------------------------------------------------------

--
-- Estructura de tabla para la tabla `mar_marcacion`
--

CREATE TABLE `mar_marcacion` (
  `id_marcacion` bigint(20) UNSIGNED NOT NULL,
  `distintivo` varchar(255) COLLATE utf8_spanish2_ci NOT NULL,
  `formato_fecha` varchar(255) COLLATE utf8_spanish2_ci NOT NULL,
  `formato_hora` varchar(255) COLLATE utf8_spanish2_ci NOT NULL,
  `pin_empleado` int(11) NOT NULL,
  `fecha` date NOT NULL,
  `hora` time NOT NULL,
  `fecha_hora` datetime NOT NULL,
  `oficina_id` bigint(20) UNSIGNED NOT NULL,
  `empleado_id` bigint(20) UNSIGNED NOT NULL,
  `emp_calendario_id` bigint(20) UNSIGNED NOT NULL,
  `created_at` timestamp NULL DEFAULT NULL,
  `updated_at` timestamp NULL DEFAULT NULL
) ENGINE=InnoDB DEFAULT CHARSET=utf8 COLLATE=utf8_spanish2_ci;

--
-- Volcado de datos para la tabla `mar_marcacion`
--

INSERT INTO `mar_marcacion` (`id_marcacion`, `distintivo`, `formato_fecha`, `formato_hora`, `pin_empleado`, `fecha`, `hora`, `fecha_hora`, `oficina_id`, `empleado_id`, `emp_calendario_id`, `created_at`, `updated_at`) VALUES
(1, '00001', '010720', '072945', 477, '2020-07-01', '07:29:45', '2020-07-01 07:29:45', 15, 1, 183, NULL, NULL),
(2, '00001', '010720', '073029', 9867, '2020-07-01', '07:30:29', '2020-07-01 07:30:29', 19, 5, 1647, NULL, NULL),
(3, '00001', '010720', '153105', 477, '2020-07-01', '15:31:05', '2020-07-01 15:31:05', 15, 1, 183, NULL, NULL),
(4, '00001', '010720', '153048', 9867, '2020-07-01', '15:30:48', '2020-07-01 15:30:48', 19, 5, 1647, NULL, NULL),
(5, '00001', '020720', '072933', 477, '2020-07-02', '07:29:33', '2020-07-02 07:29:33', 15, 1, 184, NULL, NULL),
(6, '00001', '020720', '072936', 9867, '2020-07-02', '07:29:36', '2020-07-02 07:29:36', 19, 5, 1648, NULL, NULL),
(7, '00001', '020720', '152844', 477, '2020-07-02', '15:28:44', '2020-07-02 15:28:44', 15, 1, 184, NULL, NULL),
(8, '00001', '030720', '072905', 9867, '2020-07-03', '07:29:05', '2020-07-03 07:29:05', 19, 5, 1649, NULL, NULL),
(9, '00001', '030720', '153057', 477, '2020-07-03', '15:30:57', '2020-07-03 15:30:57', 15, 1, 185, NULL, NULL),
(10, '00001', '030720', '153041', 9867, '2020-07-03', '15:30:41', '2020-07-03 15:30:41', 19, 5, 1649, NULL, NULL),
(11, '00001', '060720', '073127', 477, '2020-07-06', '07:31:27', '2020-07-06 07:31:27', 15, 1, 188, NULL, NULL),
(12, '00001', '060720', '072935', 9867, '2020-07-06', '07:29:35', '2020-07-06 07:29:35', 19, 5, 1652, NULL, NULL),
(13, '00001', '060720', '153123', 477, '2020-07-06', '15:31:23', '2020-07-06 15:31:23', 15, 1, 188, NULL, NULL),
(14, '00001', '060720', '152953', 9867, '2020-07-06', '15:29:53', '2020-07-06 15:29:53', 19, 5, 1652, NULL, NULL),
(15, '00001', '070720', '103517', 477, '2020-07-07', '10:35:17', '2020-07-07 10:35:17', 15, 1, 189, NULL, NULL),
(16, '00001', '070720', '072859', 9867, '2020-07-07', '07:28:59', '2020-07-07 07:28:59', 19, 5, 1653, NULL, NULL),
(17, '00001', '070720', '152905', 477, '2020-07-07', '15:29:05', '2020-07-07 15:29:05', 15, 1, 189, NULL, NULL),
(18, '00001', '070720', '153023', 9867, '2020-07-07', '15:30:23', '2020-07-07 15:30:23', 19, 5, 1653, NULL, NULL),
(19, '00001', '080720', '073127', 477, '2020-07-08', '07:31:27', '2020-07-08 07:31:27', 15, 1, 190, NULL, NULL),
(20, '00001', '080720', '072935', 9867, '2020-07-08', '07:29:35', '2020-07-08 07:29:35', 19, 5, 1654, NULL, NULL),
(21, '00001', '080720', '153123', 477, '2020-07-08', '15:31:23', '2020-07-08 15:31:23', 15, 1, 190, NULL, NULL),
(22, '00001', '080720', '120115', 9867, '2020-07-08', '12:01:15', '2020-07-08 12:01:15', 19, 5, 1654, NULL, NULL),
(23, '00001', '090720', '073010', 477, '2020-07-09', '07:30:10', '2020-07-09 07:30:10', 15, 1, 191, NULL, NULL),
(24, '00001', '090720', '073104', 9867, '2020-07-09', '07:31:04', '2020-07-09 07:31:04', 19, 5, 1655, NULL, NULL),
(25, '00001', '090720', '082756', 9867, '2020-07-09', '08:27:56', '2020-07-09 08:27:56', 19, 5, 1655, NULL, NULL),
(26, '00001', '090720', '103322', 9867, '2020-07-09', '10:33:22', '2020-07-09 10:33:22', 19, 5, 1655, NULL, NULL),
(27, '00001', '090720', '152930', 477, '2020-07-09', '15:29:30', '2020-07-09 15:29:30', 15, 1, 191, NULL, NULL),
(28, '00001', '090720', '153056', 9867, '2020-07-09', '15:30:56', '2020-07-09 15:30:56', 19, 5, 1655, NULL, NULL),
(29, '00001', '100720', '072940', 477, '2020-07-10', '07:29:40', '2020-07-10 07:29:40', 15, 1, 192, NULL, NULL),
(30, '00001', '100720', '072845', 9867, '2020-07-10', '07:28:45', '2020-07-10 07:28:45', 19, 5, 1656, NULL, NULL),
(31, '00001', '100720', '093126', 9867, '2020-07-10', '09:31:26', '2020-07-10 09:31:26', 19, 5, 1656, NULL, NULL),
(32, '00001', '100720', '112852', 9867, '2020-07-10', '11:28:52', '2020-07-10 11:28:52', 19, 5, 1656, NULL, NULL),
(33, '00001', '100720', '153024', 477, '2020-07-10', '15:30:24', '2020-07-10 15:30:24', 15, 1, 192, NULL, NULL),
(34, '00001', '100720', '153019', 9867, '2020-07-10', '15:30:19', '2020-07-10 15:30:19', 19, 5, 1656, NULL, NULL),
(35, '00001', '130720', '072836', 477, '2020-07-13', '07:28:36', '2020-07-13 07:28:36', 15, 1, 195, NULL, NULL),
(36, '00001', '130720', '092755', 9867, '2020-07-13', '09:27:55', '2020-07-13 09:27:55', 19, 5, 1659, NULL, NULL),
(37, '00001', '130720', '153047', 477, '2020-07-13', '15:30:47', '2020-07-13 15:30:47', 15, 1, 195, NULL, NULL),
(38, '00001', '130720', '152944', 9867, '2020-07-13', '15:29:44', '2020-07-13 15:29:44', 19, 5, 1659, NULL, NULL),
(39, '00001', '140720', '073046', 477, '2020-07-14', '07:30:46', '2020-07-14 07:30:46', 15, 1, 196, NULL, NULL),
(40, '00001', '140720', '073118', 9867, '2020-07-14', '07:31:18', '2020-07-14 07:31:18', 19, 5, 1660, NULL, NULL),
(41, '00001', '140720', '152852', 477, '2020-07-14', '15:28:52', '2020-07-14 15:28:52', 15, 1, 196, NULL, NULL),
(42, '00001', '140720', '140153', 9867, '2020-07-14', '14:01:53', '2020-07-14 14:01:53', 19, 5, 1660, NULL, NULL),
(43, '00001', '150720', '072842', 477, '2020-07-15', '07:28:42', '2020-07-15 07:28:42', 15, 1, 197, NULL, NULL),
(44, '00001', '150720', '153042', 477, '2020-07-15', '15:30:42', '2020-07-15 15:30:42', 15, 1, 197, NULL, NULL),
(45, '00001', '160720', '072937', 9867, '2020-07-16', '07:29:37', '2020-07-16 07:29:37', 19, 5, 1662, NULL, NULL),
(46, '00001', '160720', '153113', 9867, '2020-07-16', '15:31:13', '2020-07-16 15:31:13', 19, 5, 1662, NULL, NULL),
(47, '00001', '170720', '110136', 477, '2020-07-17', '11:01:36', '2020-07-17 11:01:36', 15, 1, 199, NULL, NULL),
(48, '00001', '170720', '072838', 9867, '2020-07-17', '07:28:38', '2020-07-17 07:28:38', 19, 5, 1663, NULL, NULL),
(49, '00001', '170720', '153114', 477, '2020-07-17', '15:31:14', '2020-07-17 15:31:14', 15, 1, 199, NULL, NULL),
(50, '00001', '170720', '152839', 9867, '2020-07-17', '15:28:39', '2020-07-17 15:28:39', 19, 5, 1663, NULL, NULL),
(51, '00001', '200720', '072842', 477, '2020-07-20', '07:28:42', '2020-07-20 07:28:42', 15, 1, 202, NULL, NULL),
(52, '00001', '200720', '072917', 9867, '2020-07-20', '07:29:17', '2020-07-20 07:29:17', 19, 5, 1666, NULL, NULL),
(53, '00001', '200720', '083023', 477, '2020-07-20', '08:30:23', '2020-07-20 08:30:23', 15, 1, 202, NULL, NULL),
(54, '00001', '200720', '113111', 477, '2020-07-20', '11:31:11', '2020-07-20 11:31:11', 15, 1, 202, NULL, NULL),
(55, '00001', '200720', '153024', 477, '2020-07-20', '15:30:24', '2020-07-20 15:30:24', 15, 1, 202, NULL, NULL),
(56, '00001', '200720', '153019', 9867, '2020-07-20', '15:30:19', '2020-07-20 15:30:19', 19, 5, 1666, NULL, NULL),
(57, '00001', '210720', '073008', 477, '2020-07-21', '07:30:08', '2020-07-21 07:30:08', 15, 1, 203, NULL, NULL),
(58, '00001', '210720', '073114', 9867, '2020-07-21', '07:31:14', '2020-07-21 07:31:14', 19, 5, 1667, NULL, NULL),
(59, '00001', '210720', '090057', 477, '2020-07-21', '09:00:57', '2020-07-21 09:00:57', 15, 1, 203, NULL, NULL),
(60, '00001', '210720', '110325', 477, '2020-07-21', '11:03:25', '2020-07-21 11:03:25', 15, 1, 203, NULL, NULL),
(61, '00001', '210720', '152834', 477, '2020-07-21', '15:28:34', '2020-07-21 15:28:34', 15, 1, 203, NULL, NULL),
(62, '00001', '210720', '152953', 9867, '2020-07-21', '15:29:53', '2020-07-21 15:29:53', 19, 5, 1667, NULL, NULL),
(63, '00001', '220720', '073052', 9867, '2020-07-22', '07:30:52', '2020-07-22 07:30:52', 19, 5, 1668, NULL, NULL),
(64, '00001', '220720', '153119', 477, '2020-07-22', '15:31:19', '2020-07-22 15:31:19', 15, 1, 204, NULL, NULL),
(65, '00001', '220720', '153010', 9867, '2020-07-22', '15:30:10', '2020-07-22 15:30:10', 19, 5, 1668, NULL, NULL),
(66, '00001', '230720', '073100', 477, '2020-07-23', '07:31:00', '2020-07-23 07:31:00', 15, 1, 205, NULL, NULL),
(67, '00001', '230720', '072914', 9867, '2020-07-23', '07:29:14', '2020-07-23 07:29:14', 19, 5, 1669, NULL, NULL),
(68, '00001', '230720', '153124', 477, '2020-07-23', '15:31:24', '2020-07-23 15:31:24', 15, 1, 205, NULL, NULL),
(69, '00001', '240720', '072901', 477, '2020-07-24', '07:29:01', '2020-07-24 07:29:01', 15, 1, 206, NULL, NULL),
(70, '00001', '240720', '072845', 9867, '2020-07-24', '07:28:45', '2020-07-24 07:28:45', 19, 5, 1670, NULL, NULL),
(71, '00001', '240720', '152907', 477, '2020-07-24', '15:29:07', '2020-07-24 15:29:07', 15, 1, 206, NULL, NULL),
(72, '00001', '270720', '073009', 477, '2020-07-27', '07:30:09', '2020-07-27 07:30:09', 15, 1, 209, NULL, NULL),
(73, '00001', '270720', '153040', 477, '2020-07-27', '15:30:40', '2020-07-27 15:30:40', 15, 1, 209, NULL, NULL),
(74, '00001', '280720', '073110', 9867, '2020-07-28', '07:31:10', '2020-07-28 07:31:10', 19, 5, 1674, NULL, NULL),
(75, '00001', '280720', '153102', 9867, '2020-07-28', '15:31:02', '2020-07-28 15:31:02', 19, 5, 1674, NULL, NULL),
(76, '00001', '290720', '073104', 477, '2020-07-29', '07:31:04', '2020-07-29 07:31:04', 15, 1, 211, NULL, NULL),
(77, '00001', '290720', '072959', 9867, '2020-07-29', '07:29:59', '2020-07-29 07:29:59', 19, 5, 1675, NULL, NULL),
(78, '00001', '290720', '083113', 477, '2020-07-29', '08:31:13', '2020-07-29 08:31:13', 15, 1, 211, NULL, NULL),
(79, '00001', '290720', '103004', 477, '2020-07-29', '10:30:04', '2020-07-29 10:30:04', 15, 1, 211, NULL, NULL),
(80, '00001', '290720', '153112', 477, '2020-07-29', '15:31:12', '2020-07-29 15:31:12', 15, 1, 211, NULL, NULL),
(81, '00001', '290720', '153010', 9867, '2020-07-29', '15:30:10', '2020-07-29 15:30:10', 19, 5, 1675, NULL, NULL),
(82, '00001', '300720', '073023', 477, '2020-07-30', '07:30:23', '2020-07-30 07:30:23', 15, 1, 212, NULL, NULL),
(83, '00001', '300720', '073004', 9867, '2020-07-30', '07:30:04', '2020-07-30 07:30:04', 19, 5, 1676, NULL, NULL),
(84, '00001', '300720', '082926', 9867, '2020-07-30', '08:29:26', '2020-07-30 08:29:26', 19, 5, 1676, NULL, NULL),
(85, '00001', '300720', '110245', 9867, '2020-07-30', '11:02:45', '2020-07-30 11:02:45', 19, 5, 1676, NULL, NULL),
(86, '00001', '300720', '153049', 477, '2020-07-30', '15:30:49', '2020-07-30 15:30:49', 15, 1, 212, NULL, NULL),
(87, '00001', '300720', '153043', 9867, '2020-07-30', '15:30:43', '2020-07-30 15:30:43', 19, 5, 1676, NULL, NULL),
(88, '00001', '310720', '072941', 477, '2020-07-31', '07:29:41', '2020-07-31 07:29:41', 15, 1, 213, NULL, NULL),
(89, '00001', '310720', '072831', 9867, '2020-07-31', '07:28:31', '2020-07-31 07:28:31', 19, 5, 1677, NULL, NULL),
(90, '00001', '310720', '153049', 9867, '2020-07-31', '15:30:49', '2020-07-31 15:30:49', 19, 5, 1677, NULL, NULL),
(91, '00001', '030820', '072920', 477, '2020-08-03', '07:29:20', '2020-08-03 07:29:20', 15, 1, 216, NULL, NULL),
(92, '00001', '030820', '072938', 9867, '2020-08-03', '07:29:38', '2020-08-03 07:29:38', 19, 5, 1680, NULL, NULL),
(93, '00001', '030820', '153003', 477, '2020-08-03', '15:30:03', '2020-08-03 15:30:03', 15, 1, 216, NULL, NULL),
(94, '00001', '030820', '152942', 9867, '2020-08-03', '15:29:42', '2020-08-03 15:29:42', 19, 5, 1680, NULL, NULL),
(95, '00001', '040820', '073027', 9867, '2020-08-04', '07:30:27', '2020-08-04 07:30:27', 19, 5, 1681, NULL, NULL),
(96, '00001', '040820', '152951', 477, '2020-08-04', '15:29:51', '2020-08-04 15:29:51', 15, 1, 217, NULL, NULL),
(97, '00001', '040820', '153112', 9867, '2020-08-04', '15:31:12', '2020-08-04 15:31:12', 19, 5, 1681, NULL, NULL),
(98, '00001', '050820', '073037', 9867, '2020-08-05', '07:30:37', '2020-08-05 07:30:37', 19, 5, 1682, NULL, NULL),
(99, '00001', '050820', '153055', 9867, '2020-08-05', '15:30:55', '2020-08-05 15:30:55', 19, 5, 1682, NULL, NULL),
(100, '00001', '060820', '072957', 9867, '2020-08-06', '07:29:57', '2020-08-06 07:29:57', 19, 5, 1683, NULL, NULL),
(101, '00001', '060820', '153017', 9867, '2020-08-06', '15:30:17', '2020-08-06 15:30:17', 19, 5, 1683, NULL, NULL),
(102, '00001', '070820', '072900', 9867, '2020-08-07', '07:29:00', '2020-08-07 07:29:00', 19, 5, 1684, NULL, NULL),
(103, '00001', '070820', '153110', 9867, '2020-08-07', '15:31:10', '2020-08-07 15:31:10', 19, 5, 1684, NULL, NULL),
(104, '00001', '100820', '072941', 477, '2020-08-10', '07:29:41', '2020-08-10 07:29:41', 15, 1, 223, NULL, NULL),
(105, '00001', '100820', '072916', 9867, '2020-08-10', '07:29:16', '2020-08-10 07:29:16', 19, 5, 1687, NULL, NULL),
(106, '00001', '100820', '090423', 9867, '2020-08-10', '09:04:23', '2020-08-10 09:04:23', 19, 5, 1687, NULL, NULL),
(107, '00001', '100820', '103124', 9867, '2020-08-10', '10:31:24', '2020-08-10 10:31:24', 19, 5, 1687, NULL, NULL),
(108, '00001', '100820', '153039', 477, '2020-08-10', '15:30:39', '2020-08-10 15:30:39', 15, 1, 223, NULL, NULL),
(109, '00001', '100820', '153128', 9867, '2020-08-10', '15:31:28', '2020-08-10 15:31:28', 19, 5, 1687, NULL, NULL),
(110, '00001', '110820', '072951', 477, '2020-08-11', '07:29:51', '2020-08-11 07:29:51', 15, 1, 224, NULL, NULL),
(111, '00001', '110820', '072915', 9867, '2020-08-11', '07:29:15', '2020-08-11 07:29:15', 19, 5, 1688, NULL, NULL),
(112, '00001', '110820', '153108', 477, '2020-08-11', '15:31:08', '2020-08-11 15:31:08', 15, 1, 224, NULL, NULL),
(113, '00001', '120820', '072915', 477, '2020-08-12', '07:29:15', '2020-08-12 07:29:15', 15, 1, 225, NULL, NULL),
(114, '00001', '120820', '072832', 9867, '2020-08-12', '07:28:32', '2020-08-12 07:28:32', 19, 5, 1689, NULL, NULL),
(115, '00001', '120820', '152935', 477, '2020-08-12', '15:29:35', '2020-08-12 15:29:35', 15, 1, 225, NULL, NULL),
(116, '00001', '120820', '132942', 9867, '2020-08-12', '13:29:42', '2020-08-12 13:29:42', 19, 5, 1689, NULL, NULL),
(117, '00001', '130820', '100242', 477, '2020-08-13', '10:02:42', '2020-08-13 10:02:42', 15, 1, 226, NULL, NULL),
(118, '00001', '130820', '073106', 9867, '2020-08-13', '07:31:06', '2020-08-13 07:31:06', 19, 5, 1690, NULL, NULL),
(119, '00001', '130820', '153120', 477, '2020-08-13', '15:31:20', '2020-08-13 15:31:20', 15, 1, 226, NULL, NULL),
(120, '00001', '130820', '153004', 9867, '2020-08-13', '15:30:04', '2020-08-13 15:30:04', 19, 5, 1690, NULL, NULL),
(121, '00001', '140820', '072852', 477, '2020-08-14', '07:28:52', '2020-08-14 07:28:52', 15, 1, 227, NULL, NULL),
(122, '00001', '140820', '153015', 477, '2020-08-14', '15:30:15', '2020-08-14 15:30:15', 15, 1, 227, NULL, NULL),
(123, '00001', '170820', '073042', 477, '2020-08-17', '07:30:42', '2020-08-17 07:30:42', 15, 1, 230, NULL, NULL),
(124, '00001', '170820', '073039', 9867, '2020-08-17', '07:30:39', '2020-08-17 07:30:39', 19, 5, 1694, NULL, NULL),
(125, '00001', '170820', '080203', 9867, '2020-08-17', '08:02:03', '2020-08-17 08:02:03', 19, 5, 1694, NULL, NULL),
(126, '00001', '170820', '103446', 9867, '2020-08-17', '10:34:46', '2020-08-17 10:34:46', 19, 5, 1694, NULL, NULL),
(127, '00001', '170820', '153017', 477, '2020-08-17', '15:30:17', '2020-08-17 15:30:17', 15, 1, 230, NULL, NULL),
(128, '00001', '170820', '153024', 9867, '2020-08-17', '15:30:24', '2020-08-17 15:30:24', 19, 5, 1694, NULL, NULL),
(129, '00001', '180820', '073052', 477, '2020-08-18', '07:30:52', '2020-08-18 07:30:52', 15, 1, 231, NULL, NULL),
(130, '00001', '180820', '103020', 9867, '2020-08-18', '10:30:20', '2020-08-18 10:30:20', 19, 5, 1695, NULL, NULL),
(131, '00001', '180820', '153041', 477, '2020-08-18', '15:30:41', '2020-08-18 15:30:41', 15, 1, 231, NULL, NULL),
(132, '00001', '180820', '152948', 9867, '2020-08-18', '15:29:48', '2020-08-18 15:29:48', 19, 5, 1695, NULL, NULL),
(133, '00001', '190820', '072837', 477, '2020-08-19', '07:28:37', '2020-08-19 07:28:37', 15, 1, 232, NULL, NULL),
(134, '00001', '190820', '073020', 9867, '2020-08-19', '07:30:20', '2020-08-19 07:30:20', 19, 5, 1696, NULL, NULL),
(135, '00001', '190820', '120156', 477, '2020-08-19', '12:01:56', '2020-08-19 12:01:56', 15, 1, 232, NULL, NULL),
(136, '00001', '190820', '152847', 9867, '2020-08-19', '15:28:47', '2020-08-19 15:28:47', 19, 5, 1696, NULL, NULL),
(137, '00001', '200820', '072850', 477, '2020-08-20', '07:28:50', '2020-08-20 07:28:50', 15, 1, 233, NULL, NULL),
(138, '00001', '200820', '073048', 9867, '2020-08-20', '07:30:48', '2020-08-20 07:30:48', 19, 5, 1697, NULL, NULL),
(139, '00001', '200820', '090127', 477, '2020-08-20', '09:01:27', '2020-08-20 09:01:27', 15, 1, 233, NULL, NULL),
(140, '00001', '200820', '103105', 477, '2020-08-20', '10:31:05', '2020-08-20 10:31:05', 15, 1, 233, NULL, NULL),
(141, '00001', '200820', '152835', 477, '2020-08-20', '15:28:35', '2020-08-20 15:28:35', 15, 1, 233, NULL, NULL),
(142, '00001', '200820', '153110', 9867, '2020-08-20', '15:31:10', '2020-08-20 15:31:10', 19, 5, 1697, NULL, NULL),
(143, '00001', '210820', '073128', 477, '2020-08-21', '07:31:28', '2020-08-21 07:31:28', 15, 1, 234, NULL, NULL),
(144, '00001', '210820', '073030', 9867, '2020-08-21', '07:30:30', '2020-08-21 07:30:30', 19, 5, 1698, NULL, NULL),
(145, '00001', '210820', '153029', 477, '2020-08-21', '15:30:29', '2020-08-21 15:30:29', 15, 1, 234, NULL, NULL),
(146, '00001', '240820', '073113', 477, '2020-08-24', '07:31:13', '2020-08-24 07:31:13', 15, 1, 237, NULL, NULL),
(147, '00001', '240820', '073054', 9867, '2020-08-24', '07:30:54', '2020-08-24 07:30:54', 19, 5, 1701, NULL, NULL),
(148, '00001', '240820', '140246', 477, '2020-08-24', '14:02:46', '2020-08-24 14:02:46', 15, 1, 237, NULL, NULL),
(149, '00001', '240820', '152940', 9867, '2020-08-24', '15:29:40', '2020-08-24 15:29:40', 19, 5, 1701, NULL, NULL),
(150, '00001', '250820', '093120', 477, '2020-08-25', '09:31:20', '2020-08-25 09:31:20', 15, 1, 238, NULL, NULL),
(151, '00001', '250820', '072839', 9867, '2020-08-25', '07:28:39', '2020-08-25 07:28:39', 19, 5, 1702, NULL, NULL),
(152, '00001', '250820', '152910', 477, '2020-08-25', '15:29:10', '2020-08-25 15:29:10', 15, 1, 238, NULL, NULL),
(153, '00001', '250820', '152903', 9867, '2020-08-25', '15:29:03', '2020-08-25 15:29:03', 19, 5, 1702, NULL, NULL),
(154, '00001', '260820', '073028', 477, '2020-08-26', '07:30:28', '2020-08-26 07:30:28', 15, 1, 239, NULL, NULL),
(155, '00001', '260820', '152957', 477, '2020-08-26', '15:29:57', '2020-08-26 15:29:57', 15, 1, 239, NULL, NULL),
(156, '00001', '270820', '073008', 477, '2020-08-27', '07:30:08', '2020-08-27 07:30:08', 15, 1, 240, NULL, NULL),
(157, '00001', '270820', '153108', 477, '2020-08-27', '15:31:08', '2020-08-27 15:31:08', 15, 1, 240, NULL, NULL),
(158, '00001', '280820', '073041', 477, '2020-08-28', '07:30:41', '2020-08-28 07:30:41', 15, 1, 241, NULL, NULL),
(159, '00001', '280820', '072948', 9867, '2020-08-28', '07:29:48', '2020-08-28 07:29:48', 19, 5, 1705, NULL, NULL),
(160, '00001', '280820', '090127', 9867, '2020-08-28', '09:01:27', '2020-08-28 09:01:27', 19, 5, 1705, NULL, NULL),
(161, '00001', '280820', '110525', 9867, '2020-08-28', '11:05:25', '2020-08-28 11:05:25', 19, 5, 1705, NULL, NULL),
(162, '00001', '280820', '153004', 477, '2020-08-28', '15:30:04', '2020-08-28 15:30:04', 15, 1, 241, NULL, NULL),
(163, '00001', '280820', '152901', 9867, '2020-08-28', '15:29:01', '2020-08-28 15:29:01', 19, 5, 1705, NULL, NULL),
(164, '00001', '310820', '073001', 9867, '2020-08-31', '07:30:01', '2020-08-31 07:30:01', 19, 5, 1708, NULL, NULL),
(165, '00001', '310820', '153100', 477, '2020-08-31', '15:31:00', '2020-08-31 15:31:00', 15, 1, 244, NULL, NULL),
(166, '00001', '310820', '153005', 9867, '2020-08-31', '15:30:05', '2020-08-31 15:30:05', 19, 5, 1708, NULL, NULL),
(167, '00001', '040121', '072607', 2255, '2021-01-04', '07:26:07', '2021-01-04 07:26:07', 19, 11, 8046, NULL, NULL),
(168, '00001', '040121', '073116', 6952, '2021-01-04', '07:31:16', '2021-01-04 07:31:16', 23, 8, 6951, NULL, NULL),
(169, '00001', '040121', '072924', 9867, '2021-01-04', '07:29:24', '2021-01-04 07:29:24', 19, 5, 5856, NULL, NULL),
(170, '00001', '040121', '073041', 315, '2021-01-04', '07:30:41', '2021-01-04 07:30:41', 20, 4, 5491, NULL, NULL),
(171, '00001', '040121', '073514', 502, '2021-01-04', '07:35:14', '2021-01-04 07:35:14', 18, 3, 5126, NULL, NULL),
(172, '00001', '040121', '093435', 2563, '2021-01-04', '09:34:35', '2021-01-04 09:34:35', 15, 9, 7316, NULL, NULL),
(173, '00001', '040121', '073352', 477, '2021-01-04', '07:33:52', '2021-01-04 07:33:52', 15, 1, 4396, NULL, NULL),
(174, '00001', '040121', '073542', 120, '2021-01-04', '07:35:42', '2021-01-04 07:35:42', 16, 7, 6586, NULL, NULL),
(175, '00001', '040121', '073559', 7844, '2021-01-04', '07:35:59', '2021-01-04 07:35:59', 21, 10, 7681, NULL, NULL),
(176, '00001', '040121', '072514', 212, '2021-01-04', '07:25:14', '2021-01-04 07:25:14', 17, 12, 8411, NULL, NULL),
(177, '00001', '040121', '073223', 567, '2021-01-04', '07:32:23', '2021-01-04 07:32:23', 21, 6, 6221, NULL, NULL),
(178, '00001', '040121', '152639', 2255, '2021-01-04', '15:26:39', '2021-01-04 15:26:39', 19, 11, 8046, NULL, NULL),
(179, '00001', '040121', '153122', 6952, '2021-01-04', '15:31:22', '2021-01-04 15:31:22', 23, 8, 6951, NULL, NULL),
(180, '00001', '040121', '153353', 245, '2021-01-04', '15:33:53', '2021-01-04 15:33:53', 16, 2, 4761, NULL, NULL),
(181, '00001', '040121', '153343', 9867, '2021-01-04', '15:33:43', '2021-01-04 15:33:43', 19, 5, 5856, NULL, NULL),
(182, '00001', '040121', '152757', 315, '2021-01-04', '15:27:57', '2021-01-04 15:27:57', 20, 4, 5491, NULL, NULL),
(183, '00001', '040121', '133004', 502, '2021-01-04', '13:30:04', '2021-01-04 13:30:04', 18, 3, 5126, NULL, NULL),
(184, '00001', '040121', '153113', 2563, '2021-01-04', '15:31:13', '2021-01-04 15:31:13', 15, 9, 7316, NULL, NULL),
(185, '00001', '040121', '153129', 477, '2021-01-04', '15:31:29', '2021-01-04 15:31:29', 15, 1, 4396, NULL, NULL),
(186, '00001', '040121', '153104', 120, '2021-01-04', '15:31:04', '2021-01-04 15:31:04', 16, 7, 6586, NULL, NULL),
(187, '00001', '040121', '153414', 7844, '2021-01-04', '15:34:14', '2021-01-04 15:34:14', 21, 10, 7681, NULL, NULL),
(188, '00001', '040121', '153202', 567, '2021-01-04', '15:32:02', '2021-01-04 15:32:02', 21, 6, 6221, NULL, NULL),
(189, '00001', '050121', '072938', 2255, '2021-01-05', '07:29:38', '2021-01-05 07:29:38', 19, 11, 8047, NULL, NULL),
(190, '00001', '050121', '072821', 6952, '2021-01-05', '07:28:21', '2021-01-05 07:28:21', 23, 8, 6952, NULL, NULL),
(191, '00001', '050121', '073338', 245, '2021-01-05', '07:33:38', '2021-01-05 07:33:38', 16, 2, 4762, NULL, NULL),
(192, '00001', '050121', '073114', 9867, '2021-01-05', '07:31:14', '2021-01-05 07:31:14', 19, 5, 5857, NULL, NULL),
(193, '00001', '050121', '072707', 315, '2021-01-05', '07:27:07', '2021-01-05 07:27:07', 20, 4, 5492, NULL, NULL),
(194, '00001', '050121', '072706', 502, '2021-01-05', '07:27:06', '2021-01-05 07:27:06', 18, 3, 5127, NULL, NULL),
(195, '00001', '050121', '073023', 2563, '2021-01-05', '07:30:23', '2021-01-05 07:30:23', 15, 9, 7317, NULL, NULL),
(196, '00001', '050121', '072713', 477, '2021-01-05', '07:27:13', '2021-01-05 07:27:13', 15, 1, 4397, NULL, NULL),
(197, '00001', '050121', '072813', 120, '2021-01-05', '07:28:13', '2021-01-05 07:28:13', 16, 7, 6587, NULL, NULL),
(198, '00001', '050121', '072839', 7844, '2021-01-05', '07:28:39', '2021-01-05 07:28:39', 21, 10, 7682, NULL, NULL),
(199, '00001', '050121', '072517', 212, '2021-01-05', '07:25:17', '2021-01-05 07:25:17', 17, 12, 8412, NULL, NULL),
(200, '00001', '050121', '073210', 567, '2021-01-05', '07:32:10', '2021-01-05 07:32:10', 21, 6, 6222, NULL, NULL),
(201, '00001', '050121', '083103', 315, '2021-01-05', '08:31:03', '2021-01-05 08:31:03', 20, 4, 5492, NULL, NULL),
(202, '00001', '050121', '112826', 315, '2021-01-05', '11:28:26', '2021-01-05 11:28:26', 20, 4, 5492, NULL, NULL),
(203, '00001', '050121', '092927', 212, '2021-01-05', '09:29:27', '2021-01-05 09:29:27', 17, 12, 8412, NULL, NULL),
(204, '00001', '050121', '110135', 212, '2021-01-05', '11:01:35', '2021-01-05 11:01:35', 17, 12, 8412, NULL, NULL),
(205, '00001', '050121', '153258', 2255, '2021-01-05', '15:32:58', '2021-01-05 15:32:58', 19, 11, 8047, NULL, NULL),
(206, '00001', '050121', '152504', 6952, '2021-01-05', '15:25:04', '2021-01-05 15:25:04', 23, 8, 6952, NULL, NULL),
(207, '00001', '050121', '152645', 245, '2021-01-05', '15:26:45', '2021-01-05 15:26:45', 16, 2, 4762, NULL, NULL),
(208, '00001', '050121', '153048', 9867, '2021-01-05', '15:30:48', '2021-01-05 15:30:48', 19, 5, 5857, NULL, NULL),
(209, '00001', '050121', '152717', 315, '2021-01-05', '15:27:17', '2021-01-05 15:27:17', 20, 4, 5492, NULL, NULL),
(210, '00001', '050121', '152517', 502, '2021-01-05', '15:25:17', '2021-01-05 15:25:17', 18, 3, 5127, NULL, NULL),
(211, '00001', '050121', '152541', 2563, '2021-01-05', '15:25:41', '2021-01-05 15:25:41', 15, 9, 7317, NULL, NULL),
(212, '00001', '050121', '153304', 477, '2021-01-05', '15:33:04', '2021-01-05 15:33:04', 15, 1, 4397, NULL, NULL),
(213, '00001', '050121', '153327', 120, '2021-01-05', '15:33:27', '2021-01-05 15:33:27', 16, 7, 6587, NULL, NULL),
(214, '00001', '050121', '152704', 7844, '2021-01-05', '15:27:04', '2021-01-05 15:27:04', 21, 10, 7682, NULL, NULL),
(215, '00001', '050121', '153112', 212, '2021-01-05', '15:31:12', '2021-01-05 15:31:12', 17, 12, 8412, NULL, NULL),
(216, '00001', '050121', '152941', 567, '2021-01-05', '15:29:41', '2021-01-05 15:29:41', 21, 6, 6222, NULL, NULL),
(217, '00001', '060121', '072707', 2255, '2021-01-06', '07:27:07', '2021-01-06 07:27:07', 19, 11, 8048, NULL, NULL),
(218, '00001', '060121', '072944', 6952, '2021-01-06', '07:29:44', '2021-01-06 07:29:44', 23, 8, 6953, NULL, NULL),
(219, '00001', '060121', '072754', 245, '2021-01-06', '07:27:54', '2021-01-06 07:27:54', 16, 2, 4763, NULL, NULL),
(220, '00001', '060121', '073112', 9867, '2021-01-06', '07:31:12', '2021-01-06 07:31:12', 19, 5, 5858, NULL, NULL),
(221, '00001', '060121', '073019', 315, '2021-01-06', '07:30:19', '2021-01-06 07:30:19', 20, 4, 5493, NULL, NULL),
(222, '00001', '060121', '072937', 502, '2021-01-06', '07:29:37', '2021-01-06 07:29:37', 18, 3, 5128, NULL, NULL),
(223, '00001', '060121', '072940', 2563, '2021-01-06', '07:29:40', '2021-01-06 07:29:40', 15, 9, 7318, NULL, NULL),
(224, '00001', '060121', '073514', 477, '2021-01-06', '07:35:14', '2021-01-06 07:35:14', 15, 1, 4398, NULL, NULL),
(225, '00001', '060121', '072918', 7844, '2021-01-06', '07:29:18', '2021-01-06 07:29:18', 21, 10, 7683, NULL, NULL),
(226, '00001', '060121', '072818', 212, '2021-01-06', '07:28:18', '2021-01-06 07:28:18', 17, 12, 8413, NULL, NULL),
(227, '00001', '060121', '093455', 567, '2021-01-06', '09:34:55', '2021-01-06 09:34:55', 21, 6, 6223, NULL, NULL),
(228, '00001', '060121', '153454', 2255, '2021-01-06', '15:34:54', '2021-01-06 15:34:54', 19, 11, 8048, NULL, NULL),
(229, '00001', '060121', '153319', 6952, '2021-01-06', '15:33:19', '2021-01-06 15:33:19', 23, 8, 6953, NULL, NULL),
(230, '00001', '060121', '152720', 245, '2021-01-06', '15:27:20', '2021-01-06 15:27:20', 16, 2, 4763, NULL, NULL),
(231, '00001', '060121', '153457', 9867, '2021-01-06', '15:34:57', '2021-01-06 15:34:57', 19, 5, 5858, NULL, NULL),
(232, '00001', '060121', '133407', 315, '2021-01-06', '13:34:07', '2021-01-06 13:34:07', 20, 4, 5493, NULL, NULL),
(233, '00001', '060121', '153300', 502, '2021-01-06', '15:33:00', '2021-01-06 15:33:00', 18, 3, 5128, NULL, NULL),
(234, '00001', '060121', '152755', 2563, '2021-01-06', '15:27:55', '2021-01-06 15:27:55', 15, 9, 7318, NULL, NULL),
(235, '00001', '060121', '153355', 477, '2021-01-06', '15:33:55', '2021-01-06 15:33:55', 15, 1, 4398, NULL, NULL),
(236, '00001', '060121', '152555', 7844, '2021-01-06', '15:25:55', '2021-01-06 15:25:55', 21, 10, 7683, NULL, NULL),
(237, '00001', '060121', '152802', 212, '2021-01-06', '15:28:02', '2021-01-06 15:28:02', 17, 12, 8413, NULL, NULL),
(238, '00001', '060121', '152554', 567, '2021-01-06', '15:25:54', '2021-01-06 15:25:54', 21, 6, 6223, NULL, NULL),
(239, '00001', '070121', '072810', 2255, '2021-01-07', '07:28:10', '2021-01-07 07:28:10', 19, 11, 8049, NULL, NULL),
(240, '00001', '070121', '072901', 6952, '2021-01-07', '07:29:01', '2021-01-07 07:29:01', 23, 8, 6954, NULL, NULL),
(241, '00001', '070121', '073003', 245, '2021-01-07', '07:30:03', '2021-01-07 07:30:03', 16, 2, 4764, NULL, NULL),
(242, '00001', '070121', '072706', 9867, '2021-01-07', '07:27:06', '2021-01-07 07:27:06', 19, 5, 5859, NULL, NULL),
(243, '00001', '070121', '072504', 315, '2021-01-07', '07:25:04', '2021-01-07 07:25:04', 20, 4, 5494, NULL, NULL),
(244, '00001', '070121', '072803', 502, '2021-01-07', '07:28:03', '2021-01-07 07:28:03', 18, 3, 5129, NULL, NULL),
(245, '00001', '070121', '073110', 2563, '2021-01-07', '07:31:10', '2021-01-07 07:31:10', 15, 9, 7319, NULL, NULL),
(246, '00001', '070121', '073158', 477, '2021-01-07', '07:31:58', '2021-01-07 07:31:58', 15, 1, 4399, NULL, NULL),
(247, '00001', '070121', '093348', 120, '2021-01-07', '09:33:48', '2021-01-07 09:33:48', 16, 7, 6589, NULL, NULL),
(248, '00001', '070121', '073204', 7844, '2021-01-07', '07:32:04', '2021-01-07 07:32:04', 21, 10, 7684, NULL, NULL),
(249, '00001', '070121', '072532', 212, '2021-01-07', '07:25:32', '2021-01-07 07:25:32', 17, 12, 8414, NULL, NULL),
(250, '00001', '070121', '073131', 567, '2021-01-07', '07:31:31', '2021-01-07 07:31:31', 21, 6, 6224, NULL, NULL),
(251, '00001', '070121', '093103', 245, '2021-01-07', '09:31:03', '2021-01-07 09:31:03', 16, 2, 4764, NULL, NULL),
(252, '00001', '070121', '110247', 245, '2021-01-07', '11:02:47', '2021-01-07 11:02:47', 16, 2, 4764, NULL, NULL),
(253, '00001', '070121', '152533', 2255, '2021-01-07', '15:25:33', '2021-01-07 15:25:33', 19, 11, 8049, NULL, NULL),
(254, '00001', '070121', '153150', 6952, '2021-01-07', '15:31:50', '2021-01-07 15:31:50', 23, 8, 6954, NULL, NULL),
(255, '00001', '070121', '153409', 245, '2021-01-07', '15:34:09', '2021-01-07 15:34:09', 16, 2, 4764, NULL, NULL),
(256, '00001', '070121', '153451', 9867, '2021-01-07', '15:34:51', '2021-01-07 15:34:51', 19, 5, 5859, NULL, NULL),
(257, '00001', '070121', '153548', 315, '2021-01-07', '15:35:48', '2021-01-07 15:35:48', 20, 4, 5494, NULL, NULL),
(258, '00001', '070121', '152549', 502, '2021-01-07', '15:25:49', '2021-01-07 15:25:49', 18, 3, 5129, NULL, NULL),
(259, '00001', '070121', '152733', 2563, '2021-01-07', '15:27:33', '2021-01-07 15:27:33', 15, 9, 7319, NULL, NULL),
(260, '00001', '070121', '153111', 477, '2021-01-07', '15:31:11', '2021-01-07 15:31:11', 15, 1, 4399, NULL, NULL),
(261, '00001', '070121', '153323', 120, '2021-01-07', '15:33:23', '2021-01-07 15:33:23', 16, 7, 6589, NULL, NULL),
(262, '00001', '070121', '153336', 7844, '2021-01-07', '15:33:36', '2021-01-07 15:33:36', 21, 10, 7684, NULL, NULL),
(263, '00001', '070121', '152508', 212, '2021-01-07', '15:25:08', '2021-01-07 15:25:08', 17, 12, 8414, NULL, NULL),
(264, '00001', '070121', '152756', 567, '2021-01-07', '15:27:56', '2021-01-07 15:27:56', 21, 6, 6224, NULL, NULL),
(265, '00001', '080121', '073016', 2255, '2021-01-08', '07:30:16', '2021-01-08 07:30:16', 19, 11, 8050, NULL, NULL),
(266, '00001', '080121', '073408', 6952, '2021-01-08', '07:34:08', '2021-01-08 07:34:08', 23, 8, 6955, NULL, NULL),
(267, '00001', '080121', '072752', 245, '2021-01-08', '07:27:52', '2021-01-08 07:27:52', 16, 2, 4765, NULL, NULL),
(268, '00001', '080121', '072643', 9867, '2021-01-08', '07:26:43', '2021-01-08 07:26:43', 19, 5, 5860, NULL, NULL),
(269, '00001', '080121', '072723', 315, '2021-01-08', '07:27:23', '2021-01-08 07:27:23', 20, 4, 5495, NULL, NULL),
(270, '00001', '080121', '073033', 502, '2021-01-08', '07:30:33', '2021-01-08 07:30:33', 18, 3, 5130, NULL, NULL),
(271, '00001', '080121', '073404', 477, '2021-01-08', '07:34:04', '2021-01-08 07:34:04', 15, 1, 4400, NULL, NULL),
(272, '00001', '080121', '072813', 120, '2021-01-08', '07:28:13', '2021-01-08 07:28:13', 16, 7, 6590, NULL, NULL),
(273, '00001', '080121', '072709', 7844, '2021-01-08', '07:27:09', '2021-01-08 07:27:09', 21, 10, 7685, NULL, NULL),
(274, '00001', '080121', '072617', 212, '2021-01-08', '07:26:17', '2021-01-08 07:26:17', 17, 12, 8415, NULL, NULL),
(275, '00001', '080121', '072903', 567, '2021-01-08', '07:29:03', '2021-01-08 07:29:03', 21, 6, 6225, NULL, NULL),
(276, '00001', '080121', '153352', 2255, '2021-01-08', '15:33:52', '2021-01-08 15:33:52', 19, 11, 8050, NULL, NULL),
(277, '00001', '080121', '153003', 6952, '2021-01-08', '15:30:03', '2021-01-08 15:30:03', 23, 8, 6955, NULL, NULL),
(278, '00001', '080121', '153029', 245, '2021-01-08', '15:30:29', '2021-01-08 15:30:29', 16, 2, 4765, NULL, NULL),
(279, '00001', '080121', '153258', 9867, '2021-01-08', '15:32:58', '2021-01-08 15:32:58', 19, 5, 5860, NULL, NULL),
(280, '00001', '080121', '152556', 315, '2021-01-08', '15:25:56', '2021-01-08 15:25:56', 20, 4, 5495, NULL, NULL),
(281, '00001', '080121', '152940', 502, '2021-01-08', '15:29:40', '2021-01-08 15:29:40', 18, 3, 5130, NULL, NULL),
(282, '00001', '080121', '153333', 2563, '2021-01-08', '15:33:33', '2021-01-08 15:33:33', 15, 9, 7320, NULL, NULL),
(283, '00001', '080121', '153115', 477, '2021-01-08', '15:31:15', '2021-01-08 15:31:15', 15, 1, 4400, NULL, NULL),
(284, '00001', '080121', '153508', 120, '2021-01-08', '15:35:08', '2021-01-08 15:35:08', 16, 7, 6590, NULL, NULL),
(285, '00001', '080121', '153227', 7844, '2021-01-08', '15:32:27', '2021-01-08 15:32:27', 21, 10, 7685, NULL, NULL),
(286, '00001', '080121', '153247', 567, '2021-01-08', '15:32:47', '2021-01-08 15:32:47', 21, 6, 6225, NULL, NULL),
(287, '00001', '110121', '072605', 2255, '2021-01-11', '07:26:05', '2021-01-11 07:26:05', 19, 11, 8053, NULL, NULL),
(288, '00001', '110121', '072728', 6952, '2021-01-11', '07:27:28', '2021-01-11 07:27:28', 23, 8, 6958, NULL, NULL),
(289, '00001', '110121', '073148', 245, '2021-01-11', '07:31:48', '2021-01-11 07:31:48', 16, 2, 4768, NULL, NULL),
(290, '00001', '110121', '072626', 9867, '2021-01-11', '07:26:26', '2021-01-11 07:26:26', 19, 5, 5863, NULL, NULL),
(291, '00001', '110121', '072823', 315, '2021-01-11', '07:28:23', '2021-01-11 07:28:23', 20, 4, 5498, NULL, NULL),
(292, '00001', '110121', '072617', 502, '2021-01-11', '07:26:17', '2021-01-11 07:26:17', 18, 3, 5133, NULL, NULL),
(293, '00001', '110121', '073514', 2563, '2021-01-11', '07:35:14', '2021-01-11 07:35:14', 15, 9, 7323, NULL, NULL),
(294, '00001', '110121', '073034', 477, '2021-01-11', '07:30:34', '2021-01-11 07:30:34', 15, 1, 4403, NULL, NULL),
(295, '00001', '110121', '072610', 7844, '2021-01-11', '07:26:10', '2021-01-11 07:26:10', 21, 10, 7688, NULL, NULL),
(296, '00001', '110121', '073154', 212, '2021-01-11', '07:31:54', '2021-01-11 07:31:54', 17, 12, 8418, NULL, NULL),
(297, '00001', '110121', '072847', 567, '2021-01-11', '07:28:47', '2021-01-11 07:28:47', 21, 6, 6228, NULL, NULL),
(298, '00001', '110121', '082934', 7844, '2021-01-11', '08:29:34', '2021-01-11 08:29:34', 21, 10, 7688, NULL, NULL),
(299, '00001', '110121', '102818', 7844, '2021-01-11', '10:28:18', '2021-01-11 10:28:18', 21, 10, 7688, NULL, NULL),
(300, '00001', '110121', '152850', 2255, '2021-01-11', '15:28:50', '2021-01-11 15:28:50', 19, 11, 8053, NULL, NULL),
(301, '00001', '110121', '153112', 6952, '2021-01-11', '15:31:12', '2021-01-11 15:31:12', 23, 8, 6958, NULL, NULL),
(302, '00001', '110121', '152631', 245, '2021-01-11', '15:26:31', '2021-01-11 15:26:31', 16, 2, 4768, NULL, NULL),
(303, '00001', '110121', '152834', 315, '2021-01-11', '15:28:34', '2021-01-11 15:28:34', 20, 4, 5498, NULL, NULL),
(304, '00001', '110121', '152507', 502, '2021-01-11', '15:25:07', '2021-01-11 15:25:07', 18, 3, 5133, NULL, NULL),
(305, '00001', '110121', '153001', 2563, '2021-01-11', '15:30:01', '2021-01-11 15:30:01', 15, 9, 7323, NULL, NULL),
(306, '00001', '110121', '153421', 477, '2021-01-11', '15:34:21', '2021-01-11 15:34:21', 15, 1, 4403, NULL, NULL),
(307, '00001', '110121', '152715', 120, '2021-01-11', '15:27:15', '2021-01-11 15:27:15', 16, 7, 6593, NULL, NULL),
(308, '00001', '110121', '153408', 7844, '2021-01-11', '15:34:08', '2021-01-11 15:34:08', 21, 10, 7688, NULL, NULL),
(309, '00001', '110121', '152909', 212, '2021-01-11', '15:29:09', '2021-01-11 15:29:09', 17, 12, 8418, NULL, NULL),
(310, '00001', '110121', '153414', 567, '2021-01-11', '15:34:14', '2021-01-11 15:34:14', 21, 6, 6228, NULL, NULL),
(311, '00001', '120121', '072851', 2255, '2021-01-12', '07:28:51', '2021-01-12 07:28:51', 19, 11, 8054, NULL, NULL),
(312, '00001', '120121', '072926', 6952, '2021-01-12', '07:29:26', '2021-01-12 07:29:26', 23, 8, 6959, NULL, NULL),
(313, '00001', '120121', '072639', 245, '2021-01-12', '07:26:39', '2021-01-12 07:26:39', 16, 2, 4769, NULL, NULL),
(314, '00001', '120121', '073215', 9867, '2021-01-12', '07:32:15', '2021-01-12 07:32:15', 19, 5, 5864, NULL, NULL),
(315, '00001', '120121', '072935', 315, '2021-01-12', '07:29:35', '2021-01-12 07:29:35', 20, 4, 5499, NULL, NULL),
(316, '00001', '120121', '072501', 2563, '2021-01-12', '07:25:01', '2021-01-12 07:25:01', 15, 9, 7324, NULL, NULL),
(317, '00001', '120121', '073452', 477, '2021-01-12', '07:34:52', '2021-01-12 07:34:52', 15, 1, 4404, NULL, NULL),
(318, '00001', '120121', '072810', 120, '2021-01-12', '07:28:10', '2021-01-12 07:28:10', 16, 7, 6594, NULL, NULL),
(319, '00001', '120121', '072811', 7844, '2021-01-12', '07:28:11', '2021-01-12 07:28:11', 21, 10, 7689, NULL, NULL),
(320, '00001', '120121', '072637', 212, '2021-01-12', '07:26:37', '2021-01-12 07:26:37', 17, 12, 8419, NULL, NULL),
(321, '00001', '120121', '073031', 567, '2021-01-12', '07:30:31', '2021-01-12 07:30:31', 21, 6, 6229, NULL, NULL),
(322, '00001', '120121', '153445', 2255, '2021-01-12', '15:34:45', '2021-01-12 15:34:45', 19, 11, 8054, NULL, NULL),
(323, '00001', '120121', '153507', 6952, '2021-01-12', '15:35:07', '2021-01-12 15:35:07', 23, 8, 6959, NULL, NULL),
(324, '00001', '120121', '153514', 245, '2021-01-12', '15:35:14', '2021-01-12 15:35:14', 16, 2, 4769, NULL, NULL),
(325, '00001', '120121', '152914', 9867, '2021-01-12', '15:29:14', '2021-01-12 15:29:14', 19, 5, 5864, NULL, NULL),
(326, '00001', '120121', '153547', 315, '2021-01-12', '15:35:47', '2021-01-12 15:35:47', 20, 4, 5499, NULL, NULL),
(327, '00001', '120121', '153047', 2563, '2021-01-12', '15:30:47', '2021-01-12 15:30:47', 15, 9, 7324, NULL, NULL),
(328, '00001', '120121', '152823', 477, '2021-01-12', '15:28:23', '2021-01-12 15:28:23', 15, 1, 4404, NULL, NULL),
(329, '00001', '120121', '152838', 120, '2021-01-12', '15:28:38', '2021-01-12 15:28:38', 16, 7, 6594, NULL, NULL),
(330, '00001', '120121', '153339', 7844, '2021-01-12', '15:33:39', '2021-01-12 15:33:39', 21, 10, 7689, NULL, NULL),
(331, '00001', '120121', '153057', 567, '2021-01-12', '15:30:57', '2021-01-12 15:30:57', 21, 6, 6229, NULL, NULL),
(332, '00001', '130121', '073022', 2255, '2021-01-13', '07:30:22', '2021-01-13 07:30:22', 19, 11, 8055, NULL, NULL),
(333, '00001', '130121', '073307', 6952, '2021-01-13', '07:33:07', '2021-01-13 07:33:07', 23, 8, 6960, NULL, NULL),
(334, '00001', '130121', '093356', 245, '2021-01-13', '09:33:56', '2021-01-13 09:33:56', 16, 2, 4770, NULL, NULL),
(335, '00001', '130121', '072755', 9867, '2021-01-13', '07:27:55', '2021-01-13 07:27:55', 19, 5, 5865, NULL, NULL),
(336, '00001', '130121', '072643', 315, '2021-01-13', '07:26:43', '2021-01-13 07:26:43', 20, 4, 5500, NULL, NULL),
(337, '00001', '130121', '073250', 502, '2021-01-13', '07:32:50', '2021-01-13 07:32:50', 18, 3, 5135, NULL, NULL),
(338, '00001', '130121', '072853', 2563, '2021-01-13', '07:28:53', '2021-01-13 07:28:53', 15, 9, 7325, NULL, NULL),
(339, '00001', '130121', '072741', 477, '2021-01-13', '07:27:41', '2021-01-13 07:27:41', 15, 1, 4405, NULL, NULL),
(340, '00001', '130121', '072952', 120, '2021-01-13', '07:29:52', '2021-01-13 07:29:52', 16, 7, 6595, NULL, NULL),
(341, '00001', '130121', '102603', 7844, '2021-01-13', '10:26:03', '2021-01-13 10:26:03', 21, 10, 7690, NULL, NULL),
(342, '00001', '130121', '073333', 212, '2021-01-13', '07:33:33', '2021-01-13 07:33:33', 17, 12, 8420, NULL, NULL),
(343, '00001', '130121', '072843', 567, '2021-01-13', '07:28:43', '2021-01-13 07:28:43', 21, 6, 6230, NULL, NULL),
(344, '00001', '130121', '153237', 2255, '2021-01-13', '15:32:37', '2021-01-13 15:32:37', 19, 11, 8055, NULL, NULL),
(345, '00001', '130121', '153436', 6952, '2021-01-13', '15:34:36', '2021-01-13 15:34:36', 23, 8, 6960, NULL, NULL),
(346, '00001', '130121', '153117', 245, '2021-01-13', '15:31:17', '2021-01-13 15:31:17', 16, 2, 4770, NULL, NULL),
(347, '00001', '130121', '153052', 9867, '2021-01-13', '15:30:52', '2021-01-13 15:30:52', 19, 5, 5865, NULL, NULL),
(348, '00001', '130121', '152733', 315, '2021-01-13', '15:27:33', '2021-01-13 15:27:33', 20, 4, 5500, NULL, NULL),
(349, '00001', '130121', '152935', 502, '2021-01-13', '15:29:35', '2021-01-13 15:29:35', 18, 3, 5135, NULL, NULL),
(350, '00001', '130121', '152821', 2563, '2021-01-13', '15:28:21', '2021-01-13 15:28:21', 15, 9, 7325, NULL, NULL),
(351, '00001', '130121', '132910', 477, '2021-01-13', '13:29:10', '2021-01-13 13:29:10', 15, 1, 4405, NULL, NULL),
(352, '00001', '130121', '152531', 120, '2021-01-13', '15:25:31', '2021-01-13 15:25:31', 16, 7, 6595, NULL, NULL),
(353, '00001', '130121', '153148', 7844, '2021-01-13', '15:31:48', '2021-01-13 15:31:48', 21, 10, 7690, NULL, NULL),
(354, '00001', '130121', '152659', 212, '2021-01-13', '15:26:59', '2021-01-13 15:26:59', 17, 12, 8420, NULL, NULL),
(355, '00001', '130121', '152917', 567, '2021-01-13', '15:29:17', '2021-01-13 15:29:17', 21, 6, 6230, NULL, NULL),
(356, '00001', '140121', '072722', 2255, '2021-01-14', '07:27:22', '2021-01-14 07:27:22', 19, 11, 8056, NULL, NULL),
(357, '00001', '140121', '073106', 6952, '2021-01-14', '07:31:06', '2021-01-14 07:31:06', 23, 8, 6961, NULL, NULL),
(358, '00001', '140121', '073255', 245, '2021-01-14', '07:32:55', '2021-01-14 07:32:55', 16, 2, 4771, NULL, NULL),
(359, '00001', '140121', '092643', 9867, '2021-01-14', '09:26:43', '2021-01-14 09:26:43', 19, 5, 5866, NULL, NULL),
(360, '00001', '140121', '072831', 315, '2021-01-14', '07:28:31', '2021-01-14 07:28:31', 20, 4, 5501, NULL, NULL),
(361, '00001', '140121', '073307', 502, '2021-01-14', '07:33:07', '2021-01-14 07:33:07', 18, 3, 5136, NULL, NULL),
(362, '00001', '140121', '073358', 2563, '2021-01-14', '07:33:58', '2021-01-14 07:33:58', 15, 9, 7326, NULL, NULL),
(363, '00001', '140121', '073122', 477, '2021-01-14', '07:31:22', '2021-01-14 07:31:22', 15, 1, 4406, NULL, NULL),
(364, '00001', '140121', '072826', 120, '2021-01-14', '07:28:26', '2021-01-14 07:28:26', 16, 7, 6596, NULL, NULL),
(365, '00001', '140121', '072601', 7844, '2021-01-14', '07:26:01', '2021-01-14 07:26:01', 21, 10, 7691, NULL, NULL),
(366, '00001', '140121', '073316', 567, '2021-01-14', '07:33:16', '2021-01-14 07:33:16', 21, 6, 6231, NULL, NULL),
(367, '00001', '140121', '152914', 2255, '2021-01-14', '15:29:14', '2021-01-14 15:29:14', 19, 11, 8056, NULL, NULL),
(368, '00001', '140121', '153226', 6952, '2021-01-14', '15:32:26', '2021-01-14 15:32:26', 23, 8, 6961, NULL, NULL),
(369, '00001', '140121', '152857', 9867, '2021-01-14', '15:28:57', '2021-01-14 15:28:57', 19, 5, 5866, NULL, NULL),
(370, '00001', '140121', '153153', 315, '2021-01-14', '15:31:53', '2021-01-14 15:31:53', 20, 4, 5501, NULL, NULL),
(371, '00001', '140121', '152921', 502, '2021-01-14', '15:29:21', '2021-01-14 15:29:21', 18, 3, 5136, NULL, NULL),
(372, '00001', '140121', '152503', 2563, '2021-01-14', '15:25:03', '2021-01-14 15:25:03', 15, 9, 7326, NULL, NULL),
(373, '00001', '140121', '133208', 477, '2021-01-14', '13:32:08', '2021-01-14 13:32:08', 15, 1, 4406, NULL, NULL),
(374, '00001', '140121', '152638', 120, '2021-01-14', '15:26:38', '2021-01-14 15:26:38', 16, 7, 6596, NULL, NULL),
(375, '00001', '140121', '152847', 7844, '2021-01-14', '15:28:47', '2021-01-14 15:28:47', 21, 10, 7691, NULL, NULL),
(376, '00001', '140121', '153255', 212, '2021-01-14', '15:32:55', '2021-01-14 15:32:55', 17, 12, 8421, NULL, NULL),
(377, '00001', '140121', '153254', 567, '2021-01-14', '15:32:54', '2021-01-14 15:32:54', 21, 6, 6231, NULL, NULL),
(378, '00001', '150121', '073326', 2255, '2021-01-15', '07:33:26', '2021-01-15 07:33:26', 19, 11, 8057, NULL, NULL),
(379, '00001', '150121', '073056', 245, '2021-01-15', '07:30:56', '2021-01-15 07:30:56', 16, 2, 4772, NULL, NULL),
(380, '00001', '150121', '072609', 9867, '2021-01-15', '07:26:09', '2021-01-15 07:26:09', 19, 5, 5867, NULL, NULL),
(381, '00001', '150121', '073008', 315, '2021-01-15', '07:30:08', '2021-01-15 07:30:08', 20, 4, 5502, NULL, NULL),
(382, '00001', '150121', '073230', 502, '2021-01-15', '07:32:30', '2021-01-15 07:32:30', 18, 3, 5137, NULL, NULL),
(383, '00001', '150121', '072652', 2563, '2021-01-15', '07:26:52', '2021-01-15 07:26:52', 15, 9, 7327, NULL, NULL),
(384, '00001', '150121', '072539', 477, '2021-01-15', '07:25:39', '2021-01-15 07:25:39', 15, 1, 4407, NULL, NULL),
(385, '00001', '150121', '073558', 120, '2021-01-15', '07:35:58', '2021-01-15 07:35:58', 16, 7, 6597, NULL, NULL),
(386, '00001', '150121', '072922', 7844, '2021-01-15', '07:29:22', '2021-01-15 07:29:22', 21, 10, 7692, NULL, NULL),
(387, '00001', '150121', '073320', 212, '2021-01-15', '07:33:20', '2021-01-15 07:33:20', 17, 12, 8422, NULL, NULL),
(388, '00001', '150121', '072656', 567, '2021-01-15', '07:26:56', '2021-01-15 07:26:56', 21, 6, 6232, NULL, NULL),
(389, '00001', '150121', '092838', 315, '2021-01-15', '09:28:38', '2021-01-15 09:28:38', 20, 4, 5502, NULL, NULL),
(390, '00001', '150121', '113156', 315, '2021-01-15', '11:31:56', '2021-01-15 11:31:56', 20, 4, 5502, NULL, NULL),
(391, '00001', '150121', '102829', 477, '2021-01-15', '10:28:29', '2021-01-15 10:28:29', 15, 1, 4407, NULL, NULL),
(392, '00001', '150121', '113127', 477, '2021-01-15', '11:31:27', '2021-01-15 11:31:27', 15, 1, 4407, NULL, NULL),
(393, '00001', '150121', '152537', 2255, '2021-01-15', '15:25:37', '2021-01-15 15:25:37', 19, 11, 8057, NULL, NULL),
(394, '00001', '150121', '153534', 6952, '2021-01-15', '15:35:34', '2021-01-15 15:35:34', 23, 8, 6962, NULL, NULL),
(395, '00001', '150121', '152753', 245, '2021-01-15', '15:27:53', '2021-01-15 15:27:53', 16, 2, 4772, NULL, NULL),
(396, '00001', '150121', '153144', 9867, '2021-01-15', '15:31:44', '2021-01-15 15:31:44', 19, 5, 5867, NULL, NULL),
(397, '00001', '150121', '152942', 315, '2021-01-15', '15:29:42', '2021-01-15 15:29:42', 20, 4, 5502, NULL, NULL),
(398, '00001', '150121', '152946', 502, '2021-01-15', '15:29:46', '2021-01-15 15:29:46', 18, 3, 5137, NULL, NULL),
(399, '00001', '150121', '152631', 2563, '2021-01-15', '15:26:31', '2021-01-15 15:26:31', 15, 9, 7327, NULL, NULL),
(400, '00001', '150121', '152550', 477, '2021-01-15', '15:25:50', '2021-01-15 15:25:50', 15, 1, 4407, NULL, NULL),
(401, '00001', '150121', '153017', 120, '2021-01-15', '15:30:17', '2021-01-15 15:30:17', 16, 7, 6597, NULL, NULL),
(402, '00001', '150121', '153104', 7844, '2021-01-15', '15:31:04', '2021-01-15 15:31:04', 21, 10, 7692, NULL, NULL),
(403, '00001', '150121', '152538', 567, '2021-01-15', '15:25:38', '2021-01-15 15:25:38', 21, 6, 6232, NULL, NULL),
(404, '00001', '180121', '073353', 2255, '2021-01-18', '07:33:53', '2021-01-18 07:33:53', 19, 11, 8060, NULL, NULL),
(405, '00001', '180121', '073014', 6952, '2021-01-18', '07:30:14', '2021-01-18 07:30:14', 23, 8, 6965, NULL, NULL),
(406, '00001', '180121', '092601', 245, '2021-01-18', '09:26:01', '2021-01-18 09:26:01', 16, 2, 4775, NULL, NULL),
(407, '00001', '180121', '072917', 9867, '2021-01-18', '07:29:17', '2021-01-18 07:29:17', 19, 5, 5870, NULL, NULL),
(408, '00001', '180121', '073206', 315, '2021-01-18', '07:32:06', '2021-01-18 07:32:06', 20, 4, 5505, NULL, NULL),
(409, '00001', '180121', '073341', 502, '2021-01-18', '07:33:41', '2021-01-18 07:33:41', 18, 3, 5140, NULL, NULL),
(410, '00001', '180121', '073503', 2563, '2021-01-18', '07:35:03', '2021-01-18 07:35:03', 15, 9, 7330, NULL, NULL),
(411, '00001', '180121', '073436', 477, '2021-01-18', '07:34:36', '2021-01-18 07:34:36', 15, 1, 4410, NULL, NULL),
(412, '00001', '180121', '073224', 7844, '2021-01-18', '07:32:24', '2021-01-18 07:32:24', 21, 10, 7695, NULL, NULL),
(413, '00001', '180121', '072712', 212, '2021-01-18', '07:27:12', '2021-01-18 07:27:12', 17, 12, 8425, NULL, NULL),
(414, '00001', '180121', '073553', 567, '2021-01-18', '07:35:53', '2021-01-18 07:35:53', 21, 6, 6235, NULL, NULL),
(415, '00001', '180121', '153233', 2255, '2021-01-18', '15:32:33', '2021-01-18 15:32:33', 19, 11, 8060, NULL, NULL),
(416, '00001', '180121', '152718', 6952, '2021-01-18', '15:27:18', '2021-01-18 15:27:18', 23, 8, 6965, NULL, NULL),
(417, '00001', '180121', '153207', 245, '2021-01-18', '15:32:07', '2021-01-18 15:32:07', 16, 2, 4775, NULL, NULL),
(418, '00001', '180121', '153252', 9867, '2021-01-18', '15:32:52', '2021-01-18 15:32:52', 19, 5, 5870, NULL, NULL),
(419, '00001', '180121', '152515', 315, '2021-01-18', '15:25:15', '2021-01-18 15:25:15', 20, 4, 5505, NULL, NULL),
(420, '00001', '180121', '152928', 502, '2021-01-18', '15:29:28', '2021-01-18 15:29:28', 18, 3, 5140, NULL, NULL),
(421, '00001', '180121', '152607', 2563, '2021-01-18', '15:26:07', '2021-01-18 15:26:07', 15, 9, 7330, NULL, NULL),
(422, '00001', '180121', '152647', 120, '2021-01-18', '15:26:47', '2021-01-18 15:26:47', 16, 7, 6600, NULL, NULL),
(423, '00001', '180121', '153447', 7844, '2021-01-18', '15:34:47', '2021-01-18 15:34:47', 21, 10, 7695, NULL, NULL),
(424, '00001', '180121', '153025', 212, '2021-01-18', '15:30:25', '2021-01-18 15:30:25', 17, 12, 8425, NULL, NULL),
(425, '00001', '180121', '132521', 567, '2021-01-18', '13:25:21', '2021-01-18 13:25:21', 21, 6, 6235, NULL, NULL),
(426, '00001', '190121', '102725', 2255, '2021-01-19', '10:27:25', '2021-01-19 10:27:25', 19, 11, 8061, NULL, NULL),
(427, '00001', '190121', '072929', 6952, '2021-01-19', '07:29:29', '2021-01-19 07:29:29', 23, 8, 6966, NULL, NULL),
(428, '00001', '190121', '073059', 245, '2021-01-19', '07:30:59', '2021-01-19 07:30:59', 16, 2, 4776, NULL, NULL),
(429, '00001', '190121', '073205', 9867, '2021-01-19', '07:32:05', '2021-01-19 07:32:05', 19, 5, 5871, NULL, NULL),
(430, '00001', '190121', '073512', 315, '2021-01-19', '07:35:12', '2021-01-19 07:35:12', 20, 4, 5506, NULL, NULL),
(431, '00001', '190121', '073529', 502, '2021-01-19', '07:35:29', '2021-01-19 07:35:29', 18, 3, 5141, NULL, NULL),
(432, '00001', '190121', '072644', 2563, '2021-01-19', '07:26:44', '2021-01-19 07:26:44', 15, 9, 7331, NULL, NULL),
(433, '00001', '190121', '073514', 7844, '2021-01-19', '07:35:14', '2021-01-19 07:35:14', 21, 10, 7696, NULL, NULL),
(434, '00001', '190121', '072807', 212, '2021-01-19', '07:28:07', '2021-01-19 07:28:07', 17, 12, 8426, NULL, NULL),
(435, '00001', '190121', '072727', 567, '2021-01-19', '07:27:27', '2021-01-19 07:27:27', 21, 6, 6236, NULL, NULL),
(436, '00001', '190121', '153409', 2255, '2021-01-19', '15:34:09', '2021-01-19 15:34:09', 19, 11, 8061, NULL, NULL),
(437, '00001', '190121', '153525', 6952, '2021-01-19', '15:35:25', '2021-01-19 15:35:25', 23, 8, 6966, NULL, NULL),
(438, '00001', '190121', '153507', 245, '2021-01-19', '15:35:07', '2021-01-19 15:35:07', 16, 2, 4776, NULL, NULL),
(439, '00001', '190121', '152535', 315, '2021-01-19', '15:25:35', '2021-01-19 15:25:35', 20, 4, 5506, NULL, NULL);
INSERT INTO `mar_marcacion` (`id_marcacion`, `distintivo`, `formato_fecha`, `formato_hora`, `pin_empleado`, `fecha`, `hora`, `fecha_hora`, `oficina_id`, `empleado_id`, `emp_calendario_id`, `created_at`, `updated_at`) VALUES
(440, '00001', '190121', '153503', 502, '2021-01-19', '15:35:03', '2021-01-19 15:35:03', 18, 3, 5141, NULL, NULL),
(441, '00001', '190121', '152751', 2563, '2021-01-19', '15:27:51', '2021-01-19 15:27:51', 15, 9, 7331, NULL, NULL),
(442, '00001', '190121', '153138', 120, '2021-01-19', '15:31:38', '2021-01-19 15:31:38', 16, 7, 6601, NULL, NULL),
(443, '00001', '190121', '152942', 7844, '2021-01-19', '15:29:42', '2021-01-19 15:29:42', 21, 10, 7696, NULL, NULL),
(444, '00001', '190121', '153527', 212, '2021-01-19', '15:35:27', '2021-01-19 15:35:27', 17, 12, 8426, NULL, NULL),
(445, '00001', '190121', '152623', 567, '2021-01-19', '15:26:23', '2021-01-19 15:26:23', 21, 6, 6236, NULL, NULL),
(446, '00001', '200121', '073248', 2255, '2021-01-20', '07:32:48', '2021-01-20 07:32:48', 19, 11, 8062, NULL, NULL),
(447, '00001', '200121', '072659', 6952, '2021-01-20', '07:26:59', '2021-01-20 07:26:59', 23, 8, 6967, NULL, NULL),
(448, '00001', '200121', '073104', 245, '2021-01-20', '07:31:04', '2021-01-20 07:31:04', 16, 2, 4777, NULL, NULL),
(449, '00001', '200121', '073015', 9867, '2021-01-20', '07:30:15', '2021-01-20 07:30:15', 19, 5, 5872, NULL, NULL),
(450, '00001', '200121', '072954', 502, '2021-01-20', '07:29:54', '2021-01-20 07:29:54', 18, 3, 5142, NULL, NULL),
(451, '00001', '200121', '072615', 2563, '2021-01-20', '07:26:15', '2021-01-20 07:26:15', 15, 9, 7332, NULL, NULL),
(452, '00001', '200121', '072804', 477, '2021-01-20', '07:28:04', '2021-01-20 07:28:04', 15, 1, 4412, NULL, NULL),
(453, '00001', '200121', '073219', 120, '2021-01-20', '07:32:19', '2021-01-20 07:32:19', 16, 7, 6602, NULL, NULL),
(454, '00001', '200121', '072603', 7844, '2021-01-20', '07:26:03', '2021-01-20 07:26:03', 21, 10, 7697, NULL, NULL),
(455, '00001', '200121', '073533', 212, '2021-01-20', '07:35:33', '2021-01-20 07:35:33', 17, 12, 8427, NULL, NULL),
(456, '00001', '200121', '072502', 567, '2021-01-20', '07:25:02', '2021-01-20 07:25:02', 21, 6, 6237, NULL, NULL),
(457, '00001', '200121', '083543', 502, '2021-01-20', '08:35:43', '2021-01-20 08:35:43', 18, 3, 5142, NULL, NULL),
(458, '00001', '200121', '102610', 502, '2021-01-20', '10:26:10', '2021-01-20 10:26:10', 18, 3, 5142, NULL, NULL),
(459, '00001', '200121', '152757', 2255, '2021-01-20', '15:27:57', '2021-01-20 15:27:57', 19, 11, 8062, NULL, NULL),
(460, '00001', '200121', '153137', 6952, '2021-01-20', '15:31:37', '2021-01-20 15:31:37', 23, 8, 6967, NULL, NULL),
(461, '00001', '200121', '153218', 245, '2021-01-20', '15:32:18', '2021-01-20 15:32:18', 16, 2, 4777, NULL, NULL),
(462, '00001', '200121', '152851', 9867, '2021-01-20', '15:28:51', '2021-01-20 15:28:51', 19, 5, 5872, NULL, NULL),
(463, '00001', '200121', '152537', 315, '2021-01-20', '15:25:37', '2021-01-20 15:25:37', 20, 4, 5507, NULL, NULL),
(464, '00001', '200121', '153317', 502, '2021-01-20', '15:33:17', '2021-01-20 15:33:17', 18, 3, 5142, NULL, NULL),
(465, '00001', '200121', '152749', 2563, '2021-01-20', '15:27:49', '2021-01-20 15:27:49', 15, 9, 7332, NULL, NULL),
(466, '00001', '200121', '153425', 477, '2021-01-20', '15:34:25', '2021-01-20 15:34:25', 15, 1, 4412, NULL, NULL),
(467, '00001', '200121', '152721', 120, '2021-01-20', '15:27:21', '2021-01-20 15:27:21', 16, 7, 6602, NULL, NULL),
(468, '00001', '200121', '153218', 7844, '2021-01-20', '15:32:18', '2021-01-20 15:32:18', 21, 10, 7697, NULL, NULL),
(469, '00001', '200121', '152910', 212, '2021-01-20', '15:29:10', '2021-01-20 15:29:10', 17, 12, 8427, NULL, NULL),
(470, '00001', '200121', '152756', 567, '2021-01-20', '15:27:56', '2021-01-20 15:27:56', 21, 6, 6237, NULL, NULL),
(471, '00001', '210121', '072820', 2255, '2021-01-21', '07:28:20', '2021-01-21 07:28:20', 19, 11, 8063, NULL, NULL),
(472, '00001', '210121', '073318', 6952, '2021-01-21', '07:33:18', '2021-01-21 07:33:18', 23, 8, 6968, NULL, NULL),
(473, '00001', '210121', '072500', 245, '2021-01-21', '07:25:00', '2021-01-21 07:25:00', 16, 2, 4778, NULL, NULL),
(474, '00001', '210121', '072618', 9867, '2021-01-21', '07:26:18', '2021-01-21 07:26:18', 19, 5, 5873, NULL, NULL),
(475, '00001', '210121', '072726', 315, '2021-01-21', '07:27:26', '2021-01-21 07:27:26', 20, 4, 5508, NULL, NULL),
(476, '00001', '210121', '073517', 502, '2021-01-21', '07:35:17', '2021-01-21 07:35:17', 18, 3, 5143, NULL, NULL),
(477, '00001', '210121', '073101', 477, '2021-01-21', '07:31:01', '2021-01-21 07:31:01', 15, 1, 4413, NULL, NULL),
(478, '00001', '210121', '073404', 120, '2021-01-21', '07:34:04', '2021-01-21 07:34:04', 16, 7, 6603, NULL, NULL),
(479, '00001', '210121', '073109', 7844, '2021-01-21', '07:31:09', '2021-01-21 07:31:09', 21, 10, 7698, NULL, NULL),
(480, '00001', '210121', '073012', 212, '2021-01-21', '07:30:12', '2021-01-21 07:30:12', 17, 12, 8428, NULL, NULL),
(481, '00001', '210121', '073214', 567, '2021-01-21', '07:32:14', '2021-01-21 07:32:14', 21, 6, 6238, NULL, NULL),
(482, '00001', '210121', '092436', 120, '2021-01-21', '09:24:36', '2021-01-21 09:24:36', 16, 7, 6603, NULL, NULL),
(483, '00001', '210121', '113124', 120, '2021-01-21', '11:31:24', '2021-01-21 11:31:24', 16, 7, 6603, NULL, NULL),
(484, '00001', '210121', '153159', 2255, '2021-01-21', '15:31:59', '2021-01-21 15:31:59', 19, 11, 8063, NULL, NULL),
(485, '00001', '210121', '152521', 6952, '2021-01-21', '15:25:21', '2021-01-21 15:25:21', 23, 8, 6968, NULL, NULL),
(486, '00001', '210121', '153509', 245, '2021-01-21', '15:35:09', '2021-01-21 15:35:09', 16, 2, 4778, NULL, NULL),
(487, '00001', '210121', '152830', 9867, '2021-01-21', '15:28:30', '2021-01-21 15:28:30', 19, 5, 5873, NULL, NULL),
(488, '00001', '210121', '153528', 315, '2021-01-21', '15:35:28', '2021-01-21 15:35:28', 20, 4, 5508, NULL, NULL),
(489, '00001', '210121', '152738', 502, '2021-01-21', '15:27:38', '2021-01-21 15:27:38', 18, 3, 5143, NULL, NULL),
(490, '00001', '210121', '152937', 477, '2021-01-21', '15:29:37', '2021-01-21 15:29:37', 15, 1, 4413, NULL, NULL),
(491, '00001', '210121', '152939', 120, '2021-01-21', '15:29:39', '2021-01-21 15:29:39', 16, 7, 6603, NULL, NULL),
(492, '00001', '210121', '153214', 7844, '2021-01-21', '15:32:14', '2021-01-21 15:32:14', 21, 10, 7698, NULL, NULL),
(493, '00001', '210121', '153041', 567, '2021-01-21', '15:30:41', '2021-01-21 15:30:41', 21, 6, 6238, NULL, NULL),
(494, '00001', '220121', '073108', 2255, '2021-01-22', '07:31:08', '2021-01-22 07:31:08', 19, 11, 8064, NULL, NULL),
(495, '00001', '220121', '072509', 6952, '2021-01-22', '07:25:09', '2021-01-22 07:25:09', 23, 8, 6969, NULL, NULL),
(496, '00001', '220121', '072803', 245, '2021-01-22', '07:28:03', '2021-01-22 07:28:03', 16, 2, 4779, NULL, NULL),
(497, '00001', '220121', '102709', 9867, '2021-01-22', '10:27:09', '2021-01-22 10:27:09', 19, 5, 5874, NULL, NULL),
(498, '00001', '220121', '073116', 315, '2021-01-22', '07:31:16', '2021-01-22 07:31:16', 20, 4, 5509, NULL, NULL),
(499, '00001', '220121', '073559', 502, '2021-01-22', '07:35:59', '2021-01-22 07:35:59', 18, 3, 5144, NULL, NULL),
(500, '00001', '220121', '073527', 2563, '2021-01-22', '07:35:27', '2021-01-22 07:35:27', 15, 9, 7334, NULL, NULL),
(501, '00001', '220121', '072842', 477, '2021-01-22', '07:28:42', '2021-01-22 07:28:42', 15, 1, 4414, NULL, NULL),
(502, '00001', '220121', '072553', 120, '2021-01-22', '07:25:53', '2021-01-22 07:25:53', 16, 7, 6604, NULL, NULL),
(503, '00001', '220121', '073313', 7844, '2021-01-22', '07:33:13', '2021-01-22 07:33:13', 21, 10, 7699, NULL, NULL),
(504, '00001', '220121', '072548', 212, '2021-01-22', '07:25:48', '2021-01-22 07:25:48', 17, 12, 8429, NULL, NULL),
(505, '00001', '220121', '073535', 567, '2021-01-22', '07:35:35', '2021-01-22 07:35:35', 21, 6, 6239, NULL, NULL),
(506, '00001', '220121', '152910', 2255, '2021-01-22', '15:29:10', '2021-01-22 15:29:10', 19, 11, 8064, NULL, NULL),
(507, '00001', '220121', '153156', 6952, '2021-01-22', '15:31:56', '2021-01-22 15:31:56', 23, 8, 6969, NULL, NULL),
(508, '00001', '220121', '152926', 245, '2021-01-22', '15:29:26', '2021-01-22 15:29:26', 16, 2, 4779, NULL, NULL),
(509, '00001', '220121', '153110', 9867, '2021-01-22', '15:31:10', '2021-01-22 15:31:10', 19, 5, 5874, NULL, NULL),
(510, '00001', '220121', '153356', 315, '2021-01-22', '15:33:56', '2021-01-22 15:33:56', 20, 4, 5509, NULL, NULL),
(511, '00001', '220121', '152634', 502, '2021-01-22', '15:26:34', '2021-01-22 15:26:34', 18, 3, 5144, NULL, NULL),
(512, '00001', '220121', '132657', 2563, '2021-01-22', '13:26:57', '2021-01-22 13:26:57', 15, 9, 7334, NULL, NULL),
(513, '00001', '220121', '152917', 477, '2021-01-22', '15:29:17', '2021-01-22 15:29:17', 15, 1, 4414, NULL, NULL),
(514, '00001', '220121', '152923', 120, '2021-01-22', '15:29:23', '2021-01-22 15:29:23', 16, 7, 6604, NULL, NULL),
(515, '00001', '220121', '123232', 7844, '2021-01-22', '12:32:32', '2021-01-22 12:32:32', 21, 10, 7699, NULL, NULL),
(516, '00001', '220121', '153124', 212, '2021-01-22', '15:31:24', '2021-01-22 15:31:24', 17, 12, 8429, NULL, NULL),
(517, '00001', '220121', '153233', 567, '2021-01-22', '15:32:33', '2021-01-22 15:32:33', 21, 6, 6239, NULL, NULL),
(518, '00001', '250121', '073103', 2255, '2021-01-25', '07:31:03', '2021-01-25 07:31:03', 19, 11, 8067, NULL, NULL),
(519, '00001', '250121', '072609', 6952, '2021-01-25', '07:26:09', '2021-01-25 07:26:09', 23, 8, 6972, NULL, NULL),
(520, '00001', '250121', '072718', 9867, '2021-01-25', '07:27:18', '2021-01-25 07:27:18', 19, 5, 5877, NULL, NULL),
(521, '00001', '250121', '072623', 315, '2021-01-25', '07:26:23', '2021-01-25 07:26:23', 20, 4, 5512, NULL, NULL),
(522, '00001', '250121', '072949', 502, '2021-01-25', '07:29:49', '2021-01-25 07:29:49', 18, 3, 5147, NULL, NULL),
(523, '00001', '250121', '073041', 2563, '2021-01-25', '07:30:41', '2021-01-25 07:30:41', 15, 9, 7337, NULL, NULL),
(524, '00001', '250121', '072640', 477, '2021-01-25', '07:26:40', '2021-01-25 07:26:40', 15, 1, 4417, NULL, NULL),
(525, '00001', '250121', '092853', 120, '2021-01-25', '09:28:53', '2021-01-25 09:28:53', 16, 7, 6607, NULL, NULL),
(526, '00001', '250121', '073012', 7844, '2021-01-25', '07:30:12', '2021-01-25 07:30:12', 21, 10, 7702, NULL, NULL),
(527, '00001', '250121', '072535', 212, '2021-01-25', '07:25:35', '2021-01-25 07:25:35', 17, 12, 8432, NULL, NULL),
(528, '00001', '250121', '073030', 567, '2021-01-25', '07:30:30', '2021-01-25 07:30:30', 21, 6, 6242, NULL, NULL),
(529, '00001', '250121', '152518', 2255, '2021-01-25', '15:25:18', '2021-01-25 15:25:18', 19, 11, 8067, NULL, NULL),
(530, '00001', '250121', '152644', 6952, '2021-01-25', '15:26:44', '2021-01-25 15:26:44', 23, 8, 6972, NULL, NULL),
(531, '00001', '250121', '153126', 245, '2021-01-25', '15:31:26', '2021-01-25 15:31:26', 16, 2, 4782, NULL, NULL),
(532, '00001', '250121', '153452', 9867, '2021-01-25', '15:34:52', '2021-01-25 15:34:52', 19, 5, 5877, NULL, NULL),
(533, '00001', '250121', '153021', 315, '2021-01-25', '15:30:21', '2021-01-25 15:30:21', 20, 4, 5512, NULL, NULL),
(534, '00001', '250121', '132729', 502, '2021-01-25', '13:27:29', '2021-01-25 13:27:29', 18, 3, 5147, NULL, NULL),
(535, '00001', '250121', '153233', 2563, '2021-01-25', '15:32:33', '2021-01-25 15:32:33', 15, 9, 7337, NULL, NULL),
(536, '00001', '250121', '153552', 477, '2021-01-25', '15:35:52', '2021-01-25 15:35:52', 15, 1, 4417, NULL, NULL),
(537, '00001', '250121', '152612', 120, '2021-01-25', '15:26:12', '2021-01-25 15:26:12', 16, 7, 6607, NULL, NULL),
(538, '00001', '250121', '152949', 7844, '2021-01-25', '15:29:49', '2021-01-25 15:29:49', 21, 10, 7702, NULL, NULL),
(539, '00001', '250121', '153049', 567, '2021-01-25', '15:30:49', '2021-01-25 15:30:49', 21, 6, 6242, NULL, NULL),
(540, '00001', '260121', '073108', 2255, '2021-01-26', '07:31:08', '2021-01-26 07:31:08', 19, 11, 8068, NULL, NULL),
(541, '00001', '260121', '073254', 6952, '2021-01-26', '07:32:54', '2021-01-26 07:32:54', 23, 8, 6973, NULL, NULL),
(542, '00001', '260121', '072512', 245, '2021-01-26', '07:25:12', '2021-01-26 07:25:12', 16, 2, 4783, NULL, NULL),
(543, '00001', '260121', '073143', 9867, '2021-01-26', '07:31:43', '2021-01-26 07:31:43', 19, 5, 5878, NULL, NULL),
(544, '00001', '260121', '072943', 315, '2021-01-26', '07:29:43', '2021-01-26 07:29:43', 20, 4, 5513, NULL, NULL),
(545, '00001', '260121', '073425', 502, '2021-01-26', '07:34:25', '2021-01-26 07:34:25', 18, 3, 5148, NULL, NULL),
(546, '00001', '260121', '093424', 2563, '2021-01-26', '09:34:24', '2021-01-26 09:34:24', 15, 9, 7338, NULL, NULL),
(547, '00001', '260121', '072707', 477, '2021-01-26', '07:27:07', '2021-01-26 07:27:07', 15, 1, 4418, NULL, NULL),
(548, '00001', '260121', '072556', 120, '2021-01-26', '07:25:56', '2021-01-26 07:25:56', 16, 7, 6608, NULL, NULL),
(549, '00001', '260121', '073549', 212, '2021-01-26', '07:35:49', '2021-01-26 07:35:49', 17, 12, 8433, NULL, NULL),
(550, '00001', '260121', '072847', 567, '2021-01-26', '07:28:47', '2021-01-26 07:28:47', 21, 6, 6243, NULL, NULL),
(551, '00001', '260121', '153029', 2255, '2021-01-26', '15:30:29', '2021-01-26 15:30:29', 19, 11, 8068, NULL, NULL),
(552, '00001', '260121', '153130', 6952, '2021-01-26', '15:31:30', '2021-01-26 15:31:30', 23, 8, 6973, NULL, NULL),
(553, '00001', '260121', '133109', 245, '2021-01-26', '13:31:09', '2021-01-26 13:31:09', 16, 2, 4783, NULL, NULL),
(554, '00001', '260121', '152509', 9867, '2021-01-26', '15:25:09', '2021-01-26 15:25:09', 19, 5, 5878, NULL, NULL),
(555, '00001', '260121', '152722', 315, '2021-01-26', '15:27:22', '2021-01-26 15:27:22', 20, 4, 5513, NULL, NULL),
(556, '00001', '260121', '153222', 502, '2021-01-26', '15:32:22', '2021-01-26 15:32:22', 18, 3, 5148, NULL, NULL),
(557, '00001', '260121', '153222', 2563, '2021-01-26', '15:32:22', '2021-01-26 15:32:22', 15, 9, 7338, NULL, NULL),
(558, '00001', '260121', '153320', 477, '2021-01-26', '15:33:20', '2021-01-26 15:33:20', 15, 1, 4418, NULL, NULL),
(559, '00001', '260121', '153108', 120, '2021-01-26', '15:31:08', '2021-01-26 15:31:08', 16, 7, 6608, NULL, NULL),
(560, '00001', '260121', '152954', 7844, '2021-01-26', '15:29:54', '2021-01-26 15:29:54', 21, 10, 7703, NULL, NULL),
(561, '00001', '260121', '153258', 212, '2021-01-26', '15:32:58', '2021-01-26 15:32:58', 17, 12, 8433, NULL, NULL),
(562, '00001', '260121', '152504', 567, '2021-01-26', '15:25:04', '2021-01-26 15:25:04', 21, 6, 6243, NULL, NULL),
(563, '00001', '270121', '072715', 2255, '2021-01-27', '07:27:15', '2021-01-27 07:27:15', 19, 11, 8069, NULL, NULL),
(564, '00001', '270121', '072811', 245, '2021-01-27', '07:28:11', '2021-01-27 07:28:11', 16, 2, 4784, NULL, NULL),
(565, '00001', '270121', '073521', 9867, '2021-01-27', '07:35:21', '2021-01-27 07:35:21', 19, 5, 5879, NULL, NULL),
(566, '00001', '270121', '073522', 315, '2021-01-27', '07:35:22', '2021-01-27 07:35:22', 20, 4, 5514, NULL, NULL),
(567, '00001', '270121', '072820', 502, '2021-01-27', '07:28:20', '2021-01-27 07:28:20', 18, 3, 5149, NULL, NULL),
(568, '00001', '270121', '073223', 2563, '2021-01-27', '07:32:23', '2021-01-27 07:32:23', 15, 9, 7339, NULL, NULL),
(569, '00001', '270121', '073015', 477, '2021-01-27', '07:30:15', '2021-01-27 07:30:15', 15, 1, 4419, NULL, NULL),
(570, '00001', '270121', '072945', 120, '2021-01-27', '07:29:45', '2021-01-27 07:29:45', 16, 7, 6609, NULL, NULL),
(571, '00001', '270121', '073518', 7844, '2021-01-27', '07:35:18', '2021-01-27 07:35:18', 21, 10, 7704, NULL, NULL),
(572, '00001', '270121', '072910', 212, '2021-01-27', '07:29:10', '2021-01-27 07:29:10', 17, 12, 8434, NULL, NULL),
(573, '00001', '270121', '073242', 567, '2021-01-27', '07:32:42', '2021-01-27 07:32:42', 21, 6, 6244, NULL, NULL),
(574, '00001', '270121', '093119', 477, '2021-01-27', '09:31:19', '2021-01-27 09:31:19', 15, 1, 4419, NULL, NULL),
(575, '00001', '270121', '100345', 477, '2021-01-27', '10:03:45', '2021-01-27 10:03:45', 15, 1, 4419, NULL, NULL),
(576, '00001', '270121', '152608', 2255, '2021-01-27', '15:26:08', '2021-01-27 15:26:08', 19, 11, 8069, NULL, NULL),
(577, '00001', '270121', '152929', 245, '2021-01-27', '15:29:29', '2021-01-27 15:29:29', 16, 2, 4784, NULL, NULL),
(578, '00001', '270121', '152834', 9867, '2021-01-27', '15:28:34', '2021-01-27 15:28:34', 19, 5, 5879, NULL, NULL),
(579, '00001', '270121', '153530', 315, '2021-01-27', '15:35:30', '2021-01-27 15:35:30', 20, 4, 5514, NULL, NULL),
(580, '00001', '270121', '153348', 502, '2021-01-27', '15:33:48', '2021-01-27 15:33:48', 18, 3, 5149, NULL, NULL),
(581, '00001', '270121', '152957', 2563, '2021-01-27', '15:29:57', '2021-01-27 15:29:57', 15, 9, 7339, NULL, NULL),
(582, '00001', '270121', '152532', 477, '2021-01-27', '15:25:32', '2021-01-27 15:25:32', 15, 1, 4419, NULL, NULL),
(583, '00001', '270121', '153425', 7844, '2021-01-27', '15:34:25', '2021-01-27 15:34:25', 21, 10, 7704, NULL, NULL),
(584, '00001', '270121', '153214', 212, '2021-01-27', '15:32:14', '2021-01-27 15:32:14', 17, 12, 8434, NULL, NULL),
(585, '00001', '270121', '153428', 567, '2021-01-27', '15:34:28', '2021-01-27 15:34:28', 21, 6, 6244, NULL, NULL),
(586, '00001', '280121', '072858', 6952, '2021-01-28', '07:28:58', '2021-01-28 07:28:58', 23, 8, 6975, NULL, NULL),
(587, '00001', '280121', '073137', 245, '2021-01-28', '07:31:37', '2021-01-28 07:31:37', 16, 2, 4785, NULL, NULL),
(588, '00001', '280121', '072810', 9867, '2021-01-28', '07:28:10', '2021-01-28 07:28:10', 19, 5, 5880, NULL, NULL),
(589, '00001', '280121', '072607', 502, '2021-01-28', '07:26:07', '2021-01-28 07:26:07', 18, 3, 5150, NULL, NULL),
(590, '00001', '280121', '073155', 2563, '2021-01-28', '07:31:55', '2021-01-28 07:31:55', 15, 9, 7340, NULL, NULL),
(591, '00001', '280121', '072517', 477, '2021-01-28', '07:25:17', '2021-01-28 07:25:17', 15, 1, 4420, NULL, NULL),
(592, '00001', '280121', '072741', 120, '2021-01-28', '07:27:41', '2021-01-28 07:27:41', 16, 7, 6610, NULL, NULL),
(593, '00001', '280121', '073555', 7844, '2021-01-28', '07:35:55', '2021-01-28 07:35:55', 21, 10, 7705, NULL, NULL),
(594, '00001', '280121', '073218', 212, '2021-01-28', '07:32:18', '2021-01-28 07:32:18', 17, 12, 8435, NULL, NULL),
(595, '00001', '280121', '072621', 567, '2021-01-28', '07:26:21', '2021-01-28 07:26:21', 21, 6, 6245, NULL, NULL),
(596, '00001', '280121', '092545', 212, '2021-01-28', '09:25:45', '2021-01-28 09:25:45', 17, 12, 8435, NULL, NULL),
(597, '00001', '280121', '113024', 212, '2021-01-28', '11:30:24', '2021-01-28 11:30:24', 17, 12, 8435, NULL, NULL),
(598, '00001', '280121', '153150', 2255, '2021-01-28', '15:31:50', '2021-01-28 15:31:50', 19, 11, 8070, NULL, NULL),
(599, '00001', '280121', '153549', 6952, '2021-01-28', '15:35:49', '2021-01-28 15:35:49', 23, 8, 6975, NULL, NULL),
(600, '00001', '280121', '152929', 245, '2021-01-28', '15:29:29', '2021-01-28 15:29:29', 16, 2, 4785, NULL, NULL),
(601, '00001', '280121', '153527', 9867, '2021-01-28', '15:35:27', '2021-01-28 15:35:27', 19, 5, 5880, NULL, NULL),
(602, '00001', '280121', '153210', 502, '2021-01-28', '15:32:10', '2021-01-28 15:32:10', 18, 3, 5150, NULL, NULL),
(603, '00001', '280121', '153248', 2563, '2021-01-28', '15:32:48', '2021-01-28 15:32:48', 15, 9, 7340, NULL, NULL),
(604, '00001', '280121', '153112', 477, '2021-01-28', '15:31:12', '2021-01-28 15:31:12', 15, 1, 4420, NULL, NULL),
(605, '00001', '280121', '153431', 120, '2021-01-28', '15:34:31', '2021-01-28 15:34:31', 16, 7, 6610, NULL, NULL),
(606, '00001', '280121', '152536', 7844, '2021-01-28', '15:25:36', '2021-01-28 15:25:36', 21, 10, 7705, NULL, NULL),
(607, '00001', '280121', '152901', 212, '2021-01-28', '15:29:01', '2021-01-28 15:29:01', 17, 12, 8435, NULL, NULL),
(608, '00001', '280121', '152804', 567, '2021-01-28', '15:28:04', '2021-01-28 15:28:04', 21, 6, 6245, NULL, NULL),
(609, '00001', '290121', '072948', 2255, '2021-01-29', '07:29:48', '2021-01-29 07:29:48', 19, 11, 8071, NULL, NULL),
(610, '00001', '290121', '073508', 6952, '2021-01-29', '07:35:08', '2021-01-29 07:35:08', 23, 8, 6976, NULL, NULL),
(611, '00001', '290121', '073228', 245, '2021-01-29', '07:32:28', '2021-01-29 07:32:28', 16, 2, 4786, NULL, NULL),
(612, '00001', '290121', '072556', 9867, '2021-01-29', '07:25:56', '2021-01-29 07:25:56', 19, 5, 5881, NULL, NULL),
(613, '00001', '290121', '073358', 315, '2021-01-29', '07:33:58', '2021-01-29 07:33:58', 20, 4, 5516, NULL, NULL),
(614, '00001', '290121', '073416', 502, '2021-01-29', '07:34:16', '2021-01-29 07:34:16', 18, 3, 5151, NULL, NULL),
(615, '00001', '290121', '072932', 2563, '2021-01-29', '07:29:32', '2021-01-29 07:29:32', 15, 9, 7341, NULL, NULL),
(616, '00001', '290121', '092728', 477, '2021-01-29', '09:27:28', '2021-01-29 09:27:28', 15, 1, 4421, NULL, NULL),
(617, '00001', '290121', '073007', 120, '2021-01-29', '07:30:07', '2021-01-29 07:30:07', 16, 7, 6611, NULL, NULL),
(618, '00001', '290121', '072607', 7844, '2021-01-29', '07:26:07', '2021-01-29 07:26:07', 21, 10, 7706, NULL, NULL),
(619, '00001', '290121', '073421', 212, '2021-01-29', '07:34:21', '2021-01-29 07:34:21', 17, 12, 8436, NULL, NULL),
(620, '00001', '290121', '072521', 567, '2021-01-29', '07:25:21', '2021-01-29 07:25:21', 21, 6, 6246, NULL, NULL),
(621, '00001', '290121', '153033', 2255, '2021-01-29', '15:30:33', '2021-01-29 15:30:33', 19, 11, 8071, NULL, NULL),
(622, '00001', '290121', '153431', 6952, '2021-01-29', '15:34:31', '2021-01-29 15:34:31', 23, 8, 6976, NULL, NULL),
(623, '00001', '290121', '152733', 245, '2021-01-29', '15:27:33', '2021-01-29 15:27:33', 16, 2, 4786, NULL, NULL),
(624, '00001', '290121', '153103', 9867, '2021-01-29', '15:31:03', '2021-01-29 15:31:03', 19, 5, 5881, NULL, NULL),
(625, '00001', '290121', '153225', 315, '2021-01-29', '15:32:25', '2021-01-29 15:32:25', 20, 4, 5516, NULL, NULL),
(626, '00001', '290121', '152613', 502, '2021-01-29', '15:26:13', '2021-01-29 15:26:13', 18, 3, 5151, NULL, NULL),
(627, '00001', '290121', '133052', 2563, '2021-01-29', '13:30:52', '2021-01-29 13:30:52', 15, 9, 7341, NULL, NULL),
(628, '00001', '290121', '153035', 477, '2021-01-29', '15:30:35', '2021-01-29 15:30:35', 15, 1, 4421, NULL, NULL),
(629, '00001', '290121', '152923', 120, '2021-01-29', '15:29:23', '2021-01-29 15:29:23', 16, 7, 6611, NULL, NULL),
(630, '00001', '290121', '153321', 7844, '2021-01-29', '15:33:21', '2021-01-29 15:33:21', 21, 10, 7706, NULL, NULL),
(631, '00001', '290121', '153037', 212, '2021-01-29', '15:30:37', '2021-01-29 15:30:37', 17, 12, 8436, NULL, NULL),
(632, '00001', '290121', '153343', 567, '2021-01-29', '15:33:43', '2021-01-29 15:33:43', 21, 6, 6246, NULL, NULL),
(633, '00001', '010720', '073519', 245, '2020-07-01', '07:35:19', '2020-07-01 07:35:19', 16, 2, 549, NULL, NULL),
(634, '00001', '010720', '073156', 315, '2020-07-01', '07:31:56', '2020-07-01 07:31:56', 20, 4, 1281, NULL, NULL),
(635, '00001', '010720', '072735', 502, '2020-07-01', '07:27:35', '2020-07-01 07:27:35', 18, 3, 915, NULL, NULL),
(636, '00001', '010720', '153826', 245, '2020-07-01', '15:38:26', '2020-07-01 15:38:26', 16, 2, 549, NULL, NULL),
(637, '00001', '010720', '153213', 315, '2020-07-01', '15:32:13', '2020-07-01 15:32:13', 20, 4, 1281, NULL, NULL),
(638, '00001', '010720', '152957', 502, '2020-07-01', '15:29:57', '2020-07-01 15:29:57', 18, 3, 915, NULL, NULL),
(639, '00001', '020720', '103519', 245, '2020-07-02', '10:35:19', '2020-07-02 10:35:19', 16, 2, 550, NULL, NULL),
(640, '00001', '020720', '073156', 315, '2020-07-02', '07:31:56', '2020-07-02 07:31:56', 20, 4, 1282, NULL, NULL),
(641, '00001', '020720', '072735', 502, '2020-07-02', '07:27:35', '2020-07-02 07:27:35', 18, 3, 916, NULL, NULL),
(642, '00001', '020720', '153826', 245, '2020-07-02', '15:38:26', '2020-07-02 15:38:26', 16, 2, 550, NULL, NULL),
(643, '00001', '020720', '153213', 315, '2020-07-02', '15:32:13', '2020-07-02 15:32:13', 20, 4, 1282, NULL, NULL),
(644, '00001', '020720', '152957', 502, '2020-07-02', '15:29:57', '2020-07-02 15:29:57', 18, 3, 916, NULL, NULL),
(645, '00001', '030720', '072943', 245, '2020-07-03', '07:29:43', '2020-07-03 07:29:43', 16, 2, 551, NULL, NULL),
(646, '00001', '030720', '072956', 315, '2020-07-03', '07:29:56', '2020-07-03 07:29:56', 20, 4, 1283, NULL, NULL),
(647, '00001', '030720', '072835', 502, '2020-07-03', '07:28:35', '2020-07-03 07:28:35', 18, 3, 917, NULL, NULL),
(648, '00001', '030720', '153422', 245, '2020-07-03', '15:34:22', '2020-07-03 15:34:22', 16, 2, 551, NULL, NULL),
(649, '00001', '030720', '123019', 315, '2020-07-03', '12:30:19', '2020-07-03 12:30:19', 20, 4, 1283, NULL, NULL),
(650, '00001', '030720', '153257', 502, '2020-07-03', '15:32:57', '2020-07-03 15:32:57', 18, 3, 917, NULL, NULL),
(651, '00001', '060720', '073156', 315, '2020-07-06', '07:31:56', '2020-07-06 07:31:56', 20, 4, 1286, NULL, NULL),
(652, '00001', '060720', '072835', 502, '2020-07-06', '07:28:35', '2020-07-06 07:28:35', 18, 3, 920, NULL, NULL),
(653, '00001', '060720', '153322', 245, '2020-07-06', '15:33:22', '2020-07-06 15:33:22', 16, 2, 554, NULL, NULL),
(654, '00001', '060720', '152919', 315, '2020-07-06', '15:29:19', '2020-07-06 15:29:19', 20, 4, 1286, NULL, NULL),
(655, '00001', '060720', '153057', 502, '2020-07-06', '15:30:57', '2020-07-06 15:30:57', 18, 3, 920, NULL, NULL),
(656, '00001', '070720', '073119', 245, '2020-07-07', '07:31:19', '2020-07-07 07:31:19', 16, 2, 555, NULL, NULL),
(657, '00001', '070720', '073056', 315, '2020-07-07', '07:30:56', '2020-07-07 07:30:56', 20, 4, 1287, NULL, NULL),
(658, '00001', '070720', '072935', 502, '2020-07-07', '07:29:35', '2020-07-07 07:29:35', 18, 3, 921, NULL, NULL),
(659, '00001', '070720', '153122', 245, '2020-07-07', '15:31:22', '2020-07-07 15:31:22', 16, 2, 555, NULL, NULL),
(660, '00001', '070720', '153019', 315, '2020-07-07', '15:30:19', '2020-07-07 15:30:19', 20, 4, 1287, NULL, NULL),
(661, '00001', '080720', '073119', 245, '2020-07-08', '07:31:19', '2020-07-08 07:31:19', 16, 2, 556, NULL, NULL),
(662, '00001', '080720', '073056', 315, '2020-07-08', '07:30:56', '2020-07-08 07:30:56', 20, 4, 1288, NULL, NULL),
(663, '00001', '080720', '153122', 245, '2020-07-08', '15:31:22', '2020-07-08 15:31:22', 16, 2, 556, NULL, NULL),
(664, '00001', '080720', '153019', 315, '2020-07-08', '15:30:19', '2020-07-08 15:30:19', 20, 4, 1288, NULL, NULL),
(665, '00001', '090720', '073119', 245, '2020-07-09', '07:31:19', '2020-07-09 07:31:19', 16, 2, 557, NULL, NULL),
(666, '00001', '090720', '073056', 315, '2020-07-09', '07:30:56', '2020-07-09 07:30:56', 20, 4, 1289, NULL, NULL),
(667, '00001', '090720', '072935', 502, '2020-07-09', '07:29:35', '2020-07-09 07:29:35', 18, 3, 923, NULL, NULL),
(668, '00001', '090720', '103025', 315, '2020-07-09', '10:30:25', '2020-07-09 10:30:25', 20, 4, 1289, NULL, NULL),
(669, '00001', '090720', '130124', 315, '2020-07-09', '13:01:24', '2020-07-09 13:01:24', 20, 4, 1289, NULL, NULL),
(670, '00001', '090720', '153122', 245, '2020-07-09', '15:31:22', '2020-07-09 15:31:22', 16, 2, 557, NULL, NULL),
(671, '00001', '090720', '153019', 315, '2020-07-09', '15:30:19', '2020-07-09 15:30:19', 20, 4, 1289, NULL, NULL),
(672, '00001', '100720', '073119', 245, '2020-07-10', '07:31:19', '2020-07-10 07:31:19', 16, 2, 558, NULL, NULL),
(673, '00001', '100720', '073056', 315, '2020-07-10', '07:30:56', '2020-07-10 07:30:56', 20, 4, 1290, NULL, NULL),
(674, '00001', '100720', '072935', 502, '2020-07-10', '07:29:35', '2020-07-10 07:29:35', 18, 3, 924, NULL, NULL),
(675, '00001', '100720', '090019', 245, '2020-07-10', '09:00:19', '2020-07-10 09:00:19', 16, 2, 558, NULL, NULL),
(676, '00001', '100720', '110145', 245, '2020-07-10', '11:01:45', '2020-07-10 11:01:45', 16, 2, 558, NULL, NULL),
(677, '00001', '100720', '153122', 245, '2020-07-10', '15:31:22', '2020-07-10 15:31:22', 16, 2, 558, NULL, NULL),
(678, '00001', '100720', '153019', 315, '2020-07-10', '15:30:19', '2020-07-10 15:30:19', 20, 4, 1290, NULL, NULL),
(679, '00001', '100720', '152957', 502, '2020-07-10', '15:29:57', '2020-07-10 15:29:57', 18, 3, 924, NULL, NULL),
(680, '00001', '130720', '073019', 245, '2020-07-13', '07:30:19', '2020-07-13 07:30:19', 16, 2, 561, NULL, NULL),
(681, '00001', '130720', '072735', 502, '2020-07-13', '07:27:35', '2020-07-13 07:27:35', 18, 3, 927, NULL, NULL),
(682, '00001', '130720', '153226', 245, '2020-07-13', '15:32:26', '2020-07-13 15:32:26', 16, 2, 561, NULL, NULL),
(683, '00001', '130720', '152957', 502, '2020-07-13', '15:29:57', '2020-07-13 15:29:57', 18, 3, 927, NULL, NULL),
(684, '00001', '140720', '073119', 245, '2020-07-14', '07:31:19', '2020-07-14 07:31:19', 16, 2, 562, NULL, NULL),
(685, '00001', '140720', '073156', 315, '2020-07-14', '07:31:56', '2020-07-14 07:31:56', 20, 4, 1294, NULL, NULL),
(686, '00001', '140720', '153226', 245, '2020-07-14', '15:32:26', '2020-07-14 15:32:26', 16, 2, 562, NULL, NULL),
(687, '00001', '140720', '153213', 315, '2020-07-14', '15:32:13', '2020-07-14 15:32:13', 20, 4, 1294, NULL, NULL),
(688, '00001', '150720', '073219', 245, '2020-07-15', '07:32:19', '2020-07-15 07:32:19', 16, 2, 563, NULL, NULL),
(689, '00001', '150720', '120056', 315, '2020-07-15', '12:00:56', '2020-07-15 12:00:56', 20, 4, 1295, NULL, NULL),
(690, '00001', '150720', '072735', 502, '2020-07-15', '07:27:35', '2020-07-15 07:27:35', 18, 3, 929, NULL, NULL),
(691, '00001', '150720', '153326', 245, '2020-07-15', '15:33:26', '2020-07-15 15:33:26', 16, 2, 563, NULL, NULL),
(692, '00001', '150720', '153213', 315, '2020-07-15', '15:32:13', '2020-07-15 15:32:13', 20, 4, 1295, NULL, NULL),
(693, '00001', '150720', '152957', 502, '2020-07-15', '15:29:57', '2020-07-15 15:29:57', 18, 3, 929, NULL, NULL),
(694, '00001', '160720', '073019', 245, '2020-07-16', '07:30:19', '2020-07-16 07:30:19', 16, 2, 564, NULL, NULL),
(695, '00001', '160720', '073156', 315, '2020-07-16', '07:31:56', '2020-07-16 07:31:56', 20, 4, 1296, NULL, NULL),
(696, '00001', '160720', '093035', 502, '2020-07-16', '09:30:35', '2020-07-16 09:30:35', 18, 3, 930, NULL, NULL),
(697, '00001', '160720', '153026', 245, '2020-07-16', '15:30:26', '2020-07-16 15:30:26', 16, 2, 564, NULL, NULL),
(698, '00001', '160720', '153213', 315, '2020-07-16', '15:32:13', '2020-07-16 15:32:13', 20, 4, 1296, NULL, NULL),
(699, '00001', '160720', '152957', 502, '2020-07-16', '15:29:57', '2020-07-16 15:29:57', 18, 3, 930, NULL, NULL),
(700, '00001', '170720', '073019', 245, '2020-07-17', '07:30:19', '2020-07-17 07:30:19', 16, 2, 565, NULL, NULL),
(701, '00001', '170720', '073156', 315, '2020-07-17', '07:31:56', '2020-07-17 07:31:56', 20, 4, 1297, NULL, NULL),
(702, '00001', '170720', '072535', 502, '2020-07-17', '07:25:35', '2020-07-17 07:25:35', 18, 3, 931, NULL, NULL),
(703, '00001', '170720', '083033', 502, '2020-07-17', '08:30:33', '2020-07-17 08:30:33', 18, 3, 931, NULL, NULL),
(704, '00001', '170720', '120131', 502, '2020-07-17', '12:01:31', '2020-07-17 12:01:31', 18, 3, 931, NULL, NULL),
(705, '00001', '170720', '153426', 245, '2020-07-17', '15:34:26', '2020-07-17 15:34:26', 16, 2, 565, NULL, NULL),
(706, '00001', '170720', '153213', 315, '2020-07-17', '15:32:13', '2020-07-17 15:32:13', 20, 4, 1297, NULL, NULL),
(707, '00001', '170720', '152957', 502, '2020-07-17', '15:29:57', '2020-07-17 15:29:57', 18, 3, 931, NULL, NULL),
(708, '00001', '200720', '073156', 315, '2020-07-20', '07:31:56', '2020-07-20 07:31:56', 20, 4, 1300, NULL, NULL),
(709, '00001', '200720', '073035', 502, '2020-07-20', '07:30:35', '2020-07-20 07:30:35', 18, 3, 934, NULL, NULL),
(710, '00001', '200720', '153213', 315, '2020-07-20', '15:32:13', '2020-07-20 15:32:13', 20, 4, 1300, NULL, NULL),
(711, '00001', '200720', '152957', 502, '2020-07-20', '15:29:57', '2020-07-20 15:29:57', 18, 3, 934, NULL, NULL),
(712, '00001', '210720', '073019', 245, '2020-07-21', '07:30:19', '2020-07-21 07:30:19', 16, 2, 569, NULL, NULL),
(713, '00001', '210720', '073156', 315, '2020-07-21', '07:31:56', '2020-07-21 07:31:56', 20, 4, 1301, NULL, NULL),
(714, '00001', '210720', '073335', 502, '2020-07-21', '07:33:35', '2020-07-21 07:33:35', 18, 3, 935, NULL, NULL),
(715, '00001', '210720', '153226', 245, '2020-07-21', '15:32:26', '2020-07-21 15:32:26', 16, 2, 569, NULL, NULL),
(716, '00001', '210720', '153213', 315, '2020-07-21', '15:32:13', '2020-07-21 15:32:13', 20, 4, 1301, NULL, NULL),
(717, '00001', '210720', '123157', 502, '2020-07-21', '12:31:57', '2020-07-21 12:31:57', 18, 3, 935, NULL, NULL),
(718, '00001', '220720', '073019', 245, '2020-07-22', '07:30:19', '2020-07-22 07:30:19', 16, 2, 570, NULL, NULL),
(719, '00001', '220720', '073156', 315, '2020-07-22', '07:31:56', '2020-07-22 07:31:56', 20, 4, 1302, NULL, NULL),
(720, '00001', '220720', '073043', 502, '2020-07-22', '07:30:43', '2020-07-22 07:30:43', 18, 3, 936, NULL, NULL),
(721, '00001', '220720', '090024', 502, '2020-07-22', '09:00:24', '2020-07-22 09:00:24', 18, 3, 936, NULL, NULL),
(722, '00001', '220720', '130141', 502, '2020-07-22', '13:01:41', '2020-07-22 13:01:41', 18, 3, 936, NULL, NULL),
(723, '00001', '220720', '153226', 245, '2020-07-22', '15:32:26', '2020-07-22 15:32:26', 16, 2, 570, NULL, NULL),
(724, '00001', '220720', '153213', 315, '2020-07-22', '15:32:13', '2020-07-22 15:32:13', 20, 4, 1302, NULL, NULL),
(725, '00001', '220720', '153157', 502, '2020-07-22', '15:31:57', '2020-07-22 15:31:57', 18, 3, 936, NULL, NULL),
(726, '00001', '230720', '072956', 315, '2020-07-23', '07:29:56', '2020-07-23 07:29:56', 20, 4, 1303, NULL, NULL),
(727, '00001', '230720', '073215', 502, '2020-07-23', '07:32:15', '2020-07-23 07:32:15', 18, 3, 937, NULL, NULL),
(728, '00001', '230720', '153027', 315, '2020-07-23', '15:30:27', '2020-07-23 15:30:27', 20, 4, 1303, NULL, NULL),
(729, '00001', '230720', '153221', 502, '2020-07-23', '15:32:21', '2020-07-23 15:32:21', 18, 3, 937, NULL, NULL),
(730, '00001', '240720', '073019', 245, '2020-07-24', '07:30:19', '2020-07-24 07:30:19', 16, 2, 572, NULL, NULL),
(731, '00001', '240720', '110238', 315, '2020-07-24', '11:02:38', '2020-07-24 11:02:38', 20, 4, 1304, NULL, NULL),
(732, '00001', '240720', '073335', 502, '2020-07-24', '07:33:35', '2020-07-24 07:33:35', 18, 3, 938, NULL, NULL),
(733, '00001', '240720', '153226', 245, '2020-07-24', '15:32:26', '2020-07-24 15:32:26', 16, 2, 572, NULL, NULL),
(734, '00001', '240720', '153213', 315, '2020-07-24', '15:32:13', '2020-07-24 15:32:13', 20, 4, 1304, NULL, NULL),
(735, '00001', '240720', '153119', 502, '2020-07-24', '15:31:19', '2020-07-24 15:31:19', 18, 3, 938, NULL, NULL),
(736, '00001', '270720', '073019', 245, '2020-07-27', '07:30:19', '2020-07-27 07:30:19', 16, 2, 575, NULL, NULL),
(737, '00001', '270720', '072834', 315, '2020-07-27', '07:28:34', '2020-07-27 07:28:34', 20, 4, 1307, NULL, NULL),
(738, '00001', '270720', '153226', 245, '2020-07-27', '15:32:26', '2020-07-27 15:32:26', 16, 2, 575, NULL, NULL),
(739, '00001', '270720', '153213', 315, '2020-07-27', '15:32:13', '2020-07-27 15:32:13', 20, 4, 1307, NULL, NULL),
(740, '00001', '270720', '153119', 502, '2020-07-27', '15:31:19', '2020-07-27 15:31:19', 18, 3, 941, NULL, NULL),
(741, '00001', '280720', '073019', 245, '2020-07-28', '07:30:19', '2020-07-28 07:30:19', 16, 2, 576, NULL, NULL),
(742, '00001', '280720', '072931', 315, '2020-07-28', '07:29:31', '2020-07-28 07:29:31', 20, 4, 1308, NULL, NULL),
(743, '00001', '280720', '073335', 502, '2020-07-28', '07:33:35', '2020-07-28 07:33:35', 18, 3, 942, NULL, NULL),
(744, '00001', '280720', '153226', 245, '2020-07-28', '15:32:26', '2020-07-28 15:32:26', 16, 2, 576, NULL, NULL),
(745, '00001', '280720', '153119', 502, '2020-07-28', '15:31:19', '2020-07-28 15:31:19', 18, 3, 942, NULL, NULL),
(746, '00001', '290720', '073019', 245, '2020-07-29', '07:30:19', '2020-07-29 07:30:19', 16, 2, 577, NULL, NULL),
(747, '00001', '290720', '072943', 315, '2020-07-29', '07:29:43', '2020-07-29 07:29:43', 20, 4, 1309, NULL, NULL),
(748, '00001', '290720', '073335', 502, '2020-07-29', '07:33:35', '2020-07-29 07:33:35', 18, 3, 943, NULL, NULL),
(749, '00001', '290720', '083245', 245, '2020-07-29', '08:32:45', '2020-07-29 08:32:45', 16, 2, 577, NULL, NULL),
(750, '00001', '290720', '103040', 245, '2020-07-29', '10:30:40', '2020-07-29 10:30:40', 16, 2, 577, NULL, NULL),
(751, '00001', '290720', '153226', 245, '2020-07-29', '15:32:26', '2020-07-29 15:32:26', 16, 2, 577, NULL, NULL),
(752, '00001', '290720', '153213', 315, '2020-07-29', '15:32:13', '2020-07-29 15:32:13', 20, 4, 1309, NULL, NULL),
(753, '00001', '290720', '153119', 502, '2020-07-29', '15:31:19', '2020-07-29 15:31:19', 18, 3, 943, NULL, NULL),
(754, '00001', '300720', '073019', 245, '2020-07-30', '07:30:19', '2020-07-30 07:30:19', 16, 2, 578, NULL, NULL),
(755, '00001', '300720', '073335', 502, '2020-07-30', '07:33:35', '2020-07-30 07:33:35', 18, 3, 944, NULL, NULL),
(756, '00001', '300720', '153226', 245, '2020-07-30', '15:32:26', '2020-07-30 15:32:26', 16, 2, 578, NULL, NULL),
(757, '00001', '300720', '153213', 315, '2020-07-30', '15:32:13', '2020-07-30 15:32:13', 20, 4, 1310, NULL, NULL),
(758, '00001', '300720', '153119', 502, '2020-07-30', '15:31:19', '2020-07-30 15:31:19', 18, 3, 944, NULL, NULL),
(759, '00001', '310720', '073019', 245, '2020-07-31', '07:30:19', '2020-07-31 07:30:19', 16, 2, 579, NULL, NULL),
(760, '00001', '310720', '072615', 315, '2020-07-31', '07:26:15', '2020-07-31 07:26:15', 20, 4, 1311, NULL, NULL),
(761, '00001', '310720', '073335', 502, '2020-07-31', '07:33:35', '2020-07-31 07:33:35', 18, 3, 945, NULL, NULL),
(762, '00001', '310720', '153226', 245, '2020-07-31', '15:32:26', '2020-07-31 15:32:26', 16, 2, 579, NULL, NULL),
(763, '00001', '310720', '153213', 315, '2020-07-31', '15:32:13', '2020-07-31 15:32:13', 20, 4, 1311, NULL, NULL),
(764, '00001', '030820', '072947', 245, '2020-08-03', '07:29:47', '2020-08-03 07:29:47', 16, 2, 582, NULL, NULL),
(765, '00001', '030820', '103014', 315, '2020-08-03', '10:30:14', '2020-08-03 10:30:14', 20, 4, 1314, NULL, NULL),
(766, '00001', '030820', '073035', 502, '2020-08-03', '07:30:35', '2020-08-03 07:30:35', 18, 3, 948, NULL, NULL),
(767, '00001', '030820', '153018', 245, '2020-08-03', '15:30:18', '2020-08-03 15:30:18', 16, 2, 582, NULL, NULL),
(768, '00001', '030820', '153105', 315, '2020-08-03', '15:31:05', '2020-08-03 15:31:05', 20, 4, 1314, NULL, NULL),
(769, '00001', '030820', '120043', 502, '2020-08-03', '12:00:43', '2020-08-03 12:00:43', 18, 3, 948, NULL, NULL),
(770, '00001', '040820', '072837', 245, '2020-08-04', '07:28:37', '2020-08-04 07:28:37', 16, 2, 583, NULL, NULL),
(771, '00001', '040820', '073034', 315, '2020-08-04', '07:30:34', '2020-08-04 07:30:34', 20, 4, 1315, NULL, NULL),
(772, '00001', '040820', '153018', 245, '2020-08-04', '15:30:18', '2020-08-04 15:30:18', 16, 2, 583, NULL, NULL),
(773, '00001', '040820', '153105', 315, '2020-08-04', '15:31:05', '2020-08-04 15:31:05', 20, 4, 1315, NULL, NULL),
(774, '00001', '040820', '153143', 502, '2020-08-04', '15:31:43', '2020-08-04 15:31:43', 18, 3, 949, NULL, NULL),
(775, '00001', '050820', '073014', 315, '2020-08-05', '07:30:14', '2020-08-05 07:30:14', 20, 4, 1316, NULL, NULL),
(776, '00001', '050820', '073035', 502, '2020-08-05', '07:30:35', '2020-08-05 07:30:35', 18, 3, 950, NULL, NULL),
(777, '00001', '050820', '153018', 245, '2020-08-05', '15:30:18', '2020-08-05 15:30:18', 16, 2, 584, NULL, NULL),
(778, '00001', '050820', '153105', 315, '2020-08-05', '15:31:05', '2020-08-05 15:31:05', 20, 4, 1316, NULL, NULL),
(779, '00001', '050820', '153143', 502, '2020-08-05', '15:31:43', '2020-08-05 15:31:43', 18, 3, 950, NULL, NULL),
(780, '00001', '060820', '072947', 245, '2020-08-06', '07:29:47', '2020-08-06 07:29:47', 16, 2, 585, NULL, NULL),
(781, '00001', '060820', '073035', 502, '2020-08-06', '07:30:35', '2020-08-06 07:30:35', 18, 3, 951, NULL, NULL),
(782, '00001', '060820', '153018', 245, '2020-08-06', '15:30:18', '2020-08-06 15:30:18', 16, 2, 585, NULL, NULL),
(783, '00001', '060820', '153105', 315, '2020-08-06', '15:31:05', '2020-08-06 15:31:05', 20, 4, 1317, NULL, NULL),
(784, '00001', '060820', '153143', 502, '2020-08-06', '15:31:43', '2020-08-06 15:31:43', 18, 3, 951, NULL, NULL),
(785, '00001', '070820', '072927', 245, '2020-08-07', '07:29:27', '2020-08-07 07:29:27', 16, 2, 586, NULL, NULL),
(786, '00001', '070820', '072940', 315, '2020-08-07', '07:29:40', '2020-08-07 07:29:40', 20, 4, 1318, NULL, NULL),
(787, '00001', '070820', '072908', 502, '2020-08-07', '07:29:08', '2020-08-07 07:29:08', 18, 3, 952, NULL, NULL),
(788, '00001', '070820', '153018', 245, '2020-08-07', '15:30:18', '2020-08-07 15:30:18', 16, 2, 586, NULL, NULL),
(789, '00001', '070820', '153105', 315, '2020-08-07', '15:31:05', '2020-08-07 15:31:05', 20, 4, 1318, NULL, NULL),
(790, '00001', '100820', '072842', 245, '2020-08-10', '07:28:42', '2020-08-10 07:28:42', 16, 2, 589, NULL, NULL),
(791, '00001', '100820', '073051', 315, '2020-08-10', '07:30:51', '2020-08-10 07:30:51', 20, 4, 1321, NULL, NULL),
(792, '00001', '100820', '093055', 502, '2020-08-10', '09:30:55', '2020-08-10 09:30:55', 18, 3, 955, NULL, NULL),
(793, '00001', '100820', '133024', 245, '2020-08-10', '13:30:24', '2020-08-10 13:30:24', 16, 2, 589, NULL, NULL),
(794, '00001', '100820', '153145', 315, '2020-08-10', '15:31:45', '2020-08-10 15:31:45', 20, 4, 1321, NULL, NULL),
(795, '00001', '100820', '153112', 502, '2020-08-10', '15:31:12', '2020-08-10 15:31:12', 18, 3, 955, NULL, NULL),
(796, '00001', '110820', '072847', 245, '2020-08-11', '07:28:47', '2020-08-11 07:28:47', 16, 2, 590, NULL, NULL),
(797, '00001', '110820', '073008', 315, '2020-08-11', '07:30:08', '2020-08-11 07:30:08', 20, 4, 1322, NULL, NULL),
(798, '00001', '110820', '073033', 502, '2020-08-11', '07:30:33', '2020-08-11 07:30:33', 18, 3, 956, NULL, NULL),
(799, '00001', '110820', '152927', 315, '2020-08-11', '15:29:27', '2020-08-11 15:29:27', 20, 4, 1322, NULL, NULL),
(800, '00001', '110820', '153125', 502, '2020-08-11', '15:31:25', '2020-08-11 15:31:25', 18, 3, 956, NULL, NULL),
(801, '00001', '120820', '073030', 245, '2020-08-12', '07:30:30', '2020-08-12 07:30:30', 16, 2, 591, NULL, NULL),
(802, '00001', '120820', '072956', 315, '2020-08-12', '07:29:56', '2020-08-12 07:29:56', 20, 4, 1323, NULL, NULL),
(803, '00001', '120820', '073020', 502, '2020-08-12', '07:30:20', '2020-08-12 07:30:20', 18, 3, 957, NULL, NULL),
(804, '00001', '120820', '153008', 245, '2020-08-12', '15:30:08', '2020-08-12 15:30:08', 16, 2, 591, NULL, NULL),
(805, '00001', '120820', '152934', 502, '2020-08-12', '15:29:34', '2020-08-12 15:29:34', 18, 3, 957, NULL, NULL),
(806, '00001', '130820', '072921', 245, '2020-08-13', '07:29:21', '2020-08-13 07:29:21', 16, 2, 592, NULL, NULL),
(807, '00001', '130820', '072915', 315, '2020-08-13', '07:29:15', '2020-08-13 07:29:15', 20, 4, 1324, NULL, NULL),
(808, '00001', '130820', '153048', 245, '2020-08-13', '15:30:48', '2020-08-13 15:30:48', 16, 2, 592, NULL, NULL),
(809, '00001', '130820', '152859', 315, '2020-08-13', '15:28:59', '2020-08-13 15:28:59', 20, 4, 1324, NULL, NULL),
(810, '00001', '140820', '073030', 245, '2020-08-14', '07:30:30', '2020-08-14 07:30:30', 16, 2, 593, NULL, NULL),
(811, '00001', '140820', '073115', 502, '2020-08-14', '07:31:15', '2020-08-14 07:31:15', 18, 3, 959, NULL, NULL),
(812, '00001', '140820', '152900', 245, '2020-08-14', '15:29:00', '2020-08-14 15:29:00', 16, 2, 593, NULL, NULL),
(813, '00001', '140820', '153052', 502, '2020-08-14', '15:30:52', '2020-08-14 15:30:52', 18, 3, 959, NULL, NULL),
(814, '00001', '170820', '073008', 245, '2020-08-17', '07:30:08', '2020-08-17 07:30:08', 16, 2, 596, NULL, NULL),
(815, '00001', '170820', '073047', 315, '2020-08-17', '07:30:47', '2020-08-17 07:30:47', 20, 4, 1328, NULL, NULL),
(816, '00001', '170820', '073020', 502, '2020-08-17', '07:30:20', '2020-08-17 07:30:20', 18, 3, 962, NULL, NULL),
(817, '00001', '170820', '153029', 245, '2020-08-17', '15:30:29', '2020-08-17 15:30:29', 16, 2, 596, NULL, NULL),
(818, '00001', '170820', '152831', 315, '2020-08-17', '15:28:31', '2020-08-17 15:28:31', 20, 4, 1328, NULL, NULL),
(819, '00001', '170820', '153046', 502, '2020-08-17', '15:30:46', '2020-08-17 15:30:46', 18, 3, 962, NULL, NULL),
(820, '00001', '180820', '073047', 315, '2020-08-18', '07:30:47', '2020-08-18 07:30:47', 20, 4, 1329, NULL, NULL),
(821, '00001', '180820', '073020', 502, '2020-08-18', '07:30:20', '2020-08-18 07:30:20', 18, 3, 963, NULL, NULL),
(822, '00001', '180820', '152831', 315, '2020-08-18', '15:28:31', '2020-08-18 15:28:31', 20, 4, 1329, NULL, NULL),
(823, '00001', '180820', '153046', 502, '2020-08-18', '15:30:46', '2020-08-18 15:30:46', 18, 3, 963, NULL, NULL),
(824, '00001', '190820', '072926', 245, '2020-08-19', '07:29:26', '2020-08-19 07:29:26', 16, 2, 598, NULL, NULL),
(825, '00001', '190820', '073118', 315, '2020-08-19', '07:31:18', '2020-08-19 07:31:18', 20, 4, 1330, NULL, NULL),
(826, '00001', '190820', '152947', 245, '2020-08-19', '15:29:47', '2020-08-19 15:29:47', 16, 2, 598, NULL, NULL),
(827, '00001', '190820', '152952', 315, '2020-08-19', '15:29:52', '2020-08-19 15:29:52', 20, 4, 1330, NULL, NULL),
(828, '00001', '200820', '073051', 245, '2020-08-20', '07:30:51', '2020-08-20 07:30:51', 16, 2, 599, NULL, NULL),
(829, '00001', '200820', '072952', 315, '2020-08-20', '07:29:52', '2020-08-20 07:29:52', 20, 4, 1331, NULL, NULL),
(830, '00001', '200820', '073046', 502, '2020-08-20', '07:30:46', '2020-08-20 07:30:46', 18, 3, 965, NULL, NULL),
(831, '00001', '200820', '100035', 315, '2020-08-20', '10:00:35', '2020-08-20 10:00:35', 20, 4, 1331, NULL, NULL),
(832, '00001', '200820', '130316', 315, '2020-08-20', '13:03:16', '2020-08-20 13:03:16', 20, 4, 1331, NULL, NULL),
(833, '00001', '200820', '152852', 245, '2020-08-20', '15:28:52', '2020-08-20 15:28:52', 16, 2, 599, NULL, NULL),
(834, '00001', '200820', '152836', 315, '2020-08-20', '15:28:36', '2020-08-20 15:28:36', 20, 4, 1331, NULL, NULL),
(835, '00001', '200820', '153043', 502, '2020-08-20', '15:30:43', '2020-08-20 15:30:43', 18, 3, 965, NULL, NULL),
(836, '00001', '210820', '072929', 245, '2020-08-21', '07:29:29', '2020-08-21 07:29:29', 16, 2, 600, NULL, NULL),
(837, '00001', '210820', '072841', 315, '2020-08-21', '07:28:41', '2020-08-21 07:28:41', 20, 4, 1332, NULL, NULL),
(838, '00001', '210820', '073059', 502, '2020-08-21', '07:30:59', '2020-08-21 07:30:59', 18, 3, 966, NULL, NULL),
(839, '00001', '210820', '090126', 315, '2020-08-21', '09:01:26', '2020-08-21 09:01:26', 20, 4, 1332, NULL, NULL),
(840, '00001', '210820', '110210', 315, '2020-08-21', '11:02:10', '2020-08-21 11:02:10', 20, 4, 1332, NULL, NULL),
(841, '00001', '210820', '152940', 245, '2020-08-21', '15:29:40', '2020-08-21 15:29:40', 16, 2, 600, NULL, NULL),
(842, '00001', '210820', '152953', 315, '2020-08-21', '15:29:53', '2020-08-21 15:29:53', 20, 4, 1332, NULL, NULL),
(843, '00001', '210820', '152958', 502, '2020-08-21', '15:29:58', '2020-08-21 15:29:58', 18, 3, 966, NULL, NULL),
(844, '00001', '240820', '073033', 245, '2020-08-24', '07:30:33', '2020-08-24 07:30:33', 16, 2, 603, NULL, NULL),
(845, '00001', '240820', '072930', 315, '2020-08-24', '07:29:30', '2020-08-24 07:29:30', 20, 4, 1335, NULL, NULL),
(846, '00001', '240820', '072849', 502, '2020-08-24', '07:28:49', '2020-08-24 07:28:49', 18, 3, 969, NULL, NULL),
(847, '00001', '240820', '153034', 245, '2020-08-24', '15:30:34', '2020-08-24 15:30:34', 16, 2, 603, NULL, NULL),
(848, '00001', '240820', '152932', 315, '2020-08-24', '15:29:32', '2020-08-24 15:29:32', 20, 4, 1335, NULL, NULL),
(849, '00001', '240820', '153018', 502, '2020-08-24', '15:30:18', '2020-08-24 15:30:18', 18, 3, 969, NULL, NULL),
(850, '00001', '250820', '073130', 245, '2020-08-25', '07:31:30', '2020-08-25 07:31:30', 16, 2, 604, NULL, NULL),
(851, '00001', '250820', '073117', 315, '2020-08-25', '07:31:17', '2020-08-25 07:31:17', 20, 4, 1336, NULL, NULL),
(852, '00001', '250820', '073038', 502, '2020-08-25', '07:30:38', '2020-08-25 07:30:38', 18, 3, 970, NULL, NULL),
(853, '00001', '250820', '103005', 245, '2020-08-25', '10:30:05', '2020-08-25 10:30:05', 16, 2, 604, NULL, NULL),
(854, '00001', '250820', '133217', 245, '2020-08-25', '13:32:17', '2020-08-25 13:32:17', 16, 2, 604, NULL, NULL),
(855, '00001', '250820', '153122', 245, '2020-08-25', '15:31:22', '2020-08-25 15:31:22', 16, 2, 604, NULL, NULL),
(856, '00001', '250820', '153043', 315, '2020-08-25', '15:30:43', '2020-08-25 15:30:43', 20, 4, 1336, NULL, NULL),
(857, '00001', '250820', '153127', 502, '2020-08-25', '15:31:27', '2020-08-25 15:31:27', 18, 3, 970, NULL, NULL),
(858, '00001', '260820', '073005', 245, '2020-08-26', '07:30:05', '2020-08-26 07:30:05', 16, 2, 605, NULL, NULL),
(859, '00001', '260820', '073058', 315, '2020-08-26', '07:30:58', '2020-08-26 07:30:58', 20, 4, 1337, NULL, NULL),
(860, '00001', '260820', '072831', 502, '2020-08-26', '07:28:31', '2020-08-26 07:28:31', 18, 3, 971, NULL, NULL),
(861, '00001', '260820', '080127', 502, '2020-08-26', '08:01:27', '2020-08-26 08:01:27', 18, 3, 971, NULL, NULL),
(862, '00001', '260820', '100256', 502, '2020-08-26', '10:02:56', '2020-08-26 10:02:56', 18, 3, 971, NULL, NULL),
(863, '00001', '260820', '152939', 245, '2020-08-26', '15:29:39', '2020-08-26 15:29:39', 16, 2, 605, NULL, NULL),
(864, '00001', '260820', '152910', 315, '2020-08-26', '15:29:10', '2020-08-26 15:29:10', 20, 4, 1337, NULL, NULL),
(865, '00001', '260820', '152833', 502, '2020-08-26', '15:28:33', '2020-08-26 15:28:33', 18, 3, 971, NULL, NULL),
(866, '00001', '270820', '072937', 315, '2020-08-27', '07:29:37', '2020-08-27 07:29:37', 20, 4, 1338, NULL, NULL),
(867, '00001', '270820', '073040', 502, '2020-08-27', '07:30:40', '2020-08-27 07:30:40', 18, 3, 972, NULL, NULL),
(868, '00001', '270820', '152908', 245, '2020-08-27', '15:29:08', '2020-08-27 15:29:08', 16, 2, 606, NULL, NULL),
(869, '00001', '270820', '152941', 315, '2020-08-27', '15:29:41', '2020-08-27 15:29:41', 20, 4, 1338, NULL, NULL),
(870, '00001', '280820', '073057', 245, '2020-08-28', '07:30:57', '2020-08-28 07:30:57', 16, 2, 607, NULL, NULL),
(871, '00001', '280820', '073119', 502, '2020-08-28', '07:31:19', '2020-08-28 07:31:19', 18, 3, 973, NULL, NULL),
(872, '00001', '280820', '153128', 245, '2020-08-28', '15:31:28', '2020-08-28 15:31:28', 16, 2, 607, NULL, NULL),
(873, '00001', '280820', '152924', 502, '2020-08-28', '15:29:24', '2020-08-28 15:29:24', 18, 3, 973, NULL, NULL),
(874, '00001', '310820', '072834', 245, '2020-08-31', '07:28:34', '2020-08-31 07:28:34', 16, 2, 610, NULL, NULL),
(875, '00001', '310820', '072902', 502, '2020-08-31', '07:29:02', '2020-08-31 07:29:02', 18, 3, 976, NULL, NULL),
(876, '00001', '310820', '153028', 245, '2020-08-31', '15:30:28', '2020-08-31 15:30:28', 16, 2, 610, NULL, NULL),
(877, '00001', '310820', '153058', 502, '2020-08-31', '15:30:58', '2020-08-31 15:30:58', 18, 3, 976, NULL, NULL),
(878, '00001', '011220', '072725', 2255, '2020-12-01', '07:27:25', '2020-12-01 07:27:25', 19, 11, 3996, NULL, NULL),
(879, '00001', '011220', '073516', 6952, '2020-12-01', '07:35:16', '2020-12-01 07:35:16', 23, 8, 2898, NULL, NULL);
INSERT INTO `mar_marcacion` (`id_marcacion`, `distintivo`, `formato_fecha`, `formato_hora`, `pin_empleado`, `fecha`, `hora`, `fecha_hora`, `oficina_id`, `empleado_id`, `emp_calendario_id`, `created_at`, `updated_at`) VALUES
(880, '00001', '011220', '073534', 245, '2020-12-01', '07:35:34', '2020-12-01 07:35:34', 16, 2, 702, NULL, NULL),
(881, '00001', '011220', '073143', 9867, '2020-12-01', '07:31:43', '2020-12-01 07:31:43', 19, 5, 1800, NULL, NULL),
(882, '00001', '011220', '072514', 315, '2020-12-01', '07:25:14', '2020-12-01 07:25:14', 20, 4, 1434, NULL, NULL),
(883, '00001', '011220', '072952', 502, '2020-12-01', '07:29:52', '2020-12-01 07:29:52', 18, 3, 1068, NULL, NULL),
(884, '00001', '011220', '073101', 2563, '2020-12-01', '07:31:01', '2020-12-01 07:31:01', 15, 9, 3264, NULL, NULL),
(885, '00001', '011220', '073131', 477, '2020-12-01', '07:31:31', '2020-12-01 07:31:31', 15, 1, 336, NULL, NULL),
(886, '00001', '011220', '073027', 120, '2020-12-01', '07:30:27', '2020-12-01 07:30:27', 16, 7, 2532, NULL, NULL),
(887, '00001', '011220', '073349', 7844, '2020-12-01', '07:33:49', '2020-12-01 07:33:49', 21, 10, 3630, NULL, NULL),
(888, '00001', '011220', '073023', 212, '2020-12-01', '07:30:23', '2020-12-01 07:30:23', 17, 12, 4362, NULL, NULL),
(889, '00001', '011220', '072835', 567, '2020-12-01', '07:28:35', '2020-12-01 07:28:35', 21, 6, 2166, NULL, NULL),
(890, '00001', '011220', '153551', 2255, '2020-12-01', '15:35:51', '2020-12-01 15:35:51', 19, 11, 3996, NULL, NULL),
(891, '00001', '011220', '153550', 6952, '2020-12-01', '15:35:50', '2020-12-01 15:35:50', 23, 8, 2898, NULL, NULL),
(892, '00001', '011220', '153116', 245, '2020-12-01', '15:31:16', '2020-12-01 15:31:16', 16, 2, 702, NULL, NULL),
(893, '00001', '011220', '152544', 9867, '2020-12-01', '15:25:44', '2020-12-01 15:25:44', 19, 5, 1800, NULL, NULL),
(894, '00001', '011220', '153342', 315, '2020-12-01', '15:33:42', '2020-12-01 15:33:42', 20, 4, 1434, NULL, NULL),
(895, '00001', '011220', '153324', 502, '2020-12-01', '15:33:24', '2020-12-01 15:33:24', 18, 3, 1068, NULL, NULL),
(896, '00001', '011220', '152819', 2563, '2020-12-01', '15:28:19', '2020-12-01 15:28:19', 15, 9, 3264, NULL, NULL),
(897, '00001', '011220', '152655', 477, '2020-12-01', '15:26:55', '2020-12-01 15:26:55', 15, 1, 336, NULL, NULL),
(898, '00001', '011220', '153008', 120, '2020-12-01', '15:30:08', '2020-12-01 15:30:08', 16, 7, 2532, NULL, NULL),
(899, '00001', '011220', '152759', 7844, '2020-12-01', '15:27:59', '2020-12-01 15:27:59', 21, 10, 3630, NULL, NULL),
(900, '00001', '011220', '153456', 212, '2020-12-01', '15:34:56', '2020-12-01 15:34:56', 17, 12, 4362, NULL, NULL),
(901, '00001', '011220', '152935', 567, '2020-12-01', '15:29:35', '2020-12-01 15:29:35', 21, 6, 2166, NULL, NULL),
(902, '00001', '021220', '073226', 2255, '2020-12-02', '07:32:26', '2020-12-02 07:32:26', 19, 11, 3997, NULL, NULL),
(903, '00001', '021220', '073513', 6952, '2020-12-02', '07:35:13', '2020-12-02 07:35:13', 23, 8, 2899, NULL, NULL),
(904, '00001', '021220', '073359', 245, '2020-12-02', '07:33:59', '2020-12-02 07:33:59', 16, 2, 703, NULL, NULL),
(905, '00001', '021220', '073404', 9867, '2020-12-02', '07:34:04', '2020-12-02 07:34:04', 19, 5, 1801, NULL, NULL),
(906, '00001', '021220', '072829', 315, '2020-12-02', '07:28:29', '2020-12-02 07:28:29', 20, 4, 1435, NULL, NULL),
(907, '00001', '021220', '072805', 502, '2020-12-02', '07:28:05', '2020-12-02 07:28:05', 18, 3, 1069, NULL, NULL),
(908, '00001', '021220', '073229', 2563, '2020-12-02', '07:32:29', '2020-12-02 07:32:29', 15, 9, 3265, NULL, NULL),
(909, '00001', '021220', '073128', 477, '2020-12-02', '07:31:28', '2020-12-02 07:31:28', 15, 1, 337, NULL, NULL),
(910, '00001', '021220', '072705', 120, '2020-12-02', '07:27:05', '2020-12-02 07:27:05', 16, 7, 2533, NULL, NULL),
(911, '00001', '021220', '073408', 7844, '2020-12-02', '07:34:08', '2020-12-02 07:34:08', 21, 10, 3631, NULL, NULL),
(912, '00001', '021220', '072817', 212, '2020-12-02', '07:28:17', '2020-12-02 07:28:17', 17, 12, 4363, NULL, NULL),
(913, '00001', '021220', '072534', 567, '2020-12-02', '07:25:34', '2020-12-02 07:25:34', 21, 6, 2167, NULL, NULL),
(914, '00001', '021220', '152503', 2255, '2020-12-02', '15:25:03', '2020-12-02 15:25:03', 19, 11, 3997, NULL, NULL),
(915, '00001', '021220', '152833', 6952, '2020-12-02', '15:28:33', '2020-12-02 15:28:33', 23, 8, 2899, NULL, NULL),
(916, '00001', '021220', '153223', 245, '2020-12-02', '15:32:23', '2020-12-02 15:32:23', 16, 2, 703, NULL, NULL),
(917, '00001', '021220', '153246', 9867, '2020-12-02', '15:32:46', '2020-12-02 15:32:46', 19, 5, 1801, NULL, NULL),
(918, '00001', '021220', '152803', 315, '2020-12-02', '15:28:03', '2020-12-02 15:28:03', 20, 4, 1435, NULL, NULL),
(919, '00001', '021220', '153009', 502, '2020-12-02', '15:30:09', '2020-12-02 15:30:09', 18, 3, 1069, NULL, NULL),
(920, '00001', '021220', '153531', 2563, '2020-12-02', '15:35:31', '2020-12-02 15:35:31', 15, 9, 3265, NULL, NULL),
(921, '00001', '021220', '153021', 477, '2020-12-02', '15:30:21', '2020-12-02 15:30:21', 15, 1, 337, NULL, NULL),
(922, '00001', '021220', '152508', 120, '2020-12-02', '15:25:08', '2020-12-02 15:25:08', 16, 7, 2533, NULL, NULL),
(923, '00001', '021220', '153322', 7844, '2020-12-02', '15:33:22', '2020-12-02 15:33:22', 21, 10, 3631, NULL, NULL),
(924, '00001', '021220', '152611', 212, '2020-12-02', '15:26:11', '2020-12-02 15:26:11', 17, 12, 4363, NULL, NULL),
(925, '00001', '021220', '153133', 567, '2020-12-02', '15:31:33', '2020-12-02 15:31:33', 21, 6, 2167, NULL, NULL),
(926, '00001', '031220', '073424', 6952, '2020-12-03', '07:34:24', '2020-12-03 07:34:24', 23, 8, 2900, NULL, NULL),
(927, '00001', '031220', '073349', 245, '2020-12-03', '07:33:49', '2020-12-03 07:33:49', 16, 2, 704, NULL, NULL),
(928, '00001', '031220', '072550', 9867, '2020-12-03', '07:25:50', '2020-12-03 07:25:50', 19, 5, 1802, NULL, NULL),
(929, '00001', '031220', '073146', 315, '2020-12-03', '07:31:46', '2020-12-03 07:31:46', 20, 4, 1436, NULL, NULL),
(930, '00001', '031220', '073413', 502, '2020-12-03', '07:34:13', '2020-12-03 07:34:13', 18, 3, 1070, NULL, NULL),
(931, '00001', '031220', '072700', 477, '2020-12-03', '07:27:00', '2020-12-03 07:27:00', 15, 1, 338, NULL, NULL),
(932, '00001', '031220', '072847', 120, '2020-12-03', '07:28:47', '2020-12-03 07:28:47', 16, 7, 2534, NULL, NULL),
(933, '00001', '031220', '073356', 7844, '2020-12-03', '07:33:56', '2020-12-03 07:33:56', 21, 10, 3632, NULL, NULL),
(934, '00001', '031220', '072556', 212, '2020-12-03', '07:25:56', '2020-12-03 07:25:56', 17, 12, 4364, NULL, NULL),
(935, '00001', '031220', '073259', 567, '2020-12-03', '07:32:59', '2020-12-03 07:32:59', 21, 6, 2168, NULL, NULL),
(936, '00001', '031220', '152759', 2255, '2020-12-03', '15:27:59', '2020-12-03 15:27:59', 19, 11, 3998, NULL, NULL),
(937, '00001', '031220', '153300', 6952, '2020-12-03', '15:33:00', '2020-12-03 15:33:00', 23, 8, 2900, NULL, NULL),
(938, '00001', '031220', '153523', 245, '2020-12-03', '15:35:23', '2020-12-03 15:35:23', 16, 2, 704, NULL, NULL),
(939, '00001', '031220', '153449', 9867, '2020-12-03', '15:34:49', '2020-12-03 15:34:49', 19, 5, 1802, NULL, NULL),
(940, '00001', '031220', '152840', 315, '2020-12-03', '15:28:40', '2020-12-03 15:28:40', 20, 4, 1436, NULL, NULL),
(941, '00001', '031220', '153252', 502, '2020-12-03', '15:32:52', '2020-12-03 15:32:52', 18, 3, 1070, NULL, NULL),
(942, '00001', '031220', '152609', 2563, '2020-12-03', '15:26:09', '2020-12-03 15:26:09', 15, 9, 3266, NULL, NULL),
(943, '00001', '031220', '153047', 477, '2020-12-03', '15:30:47', '2020-12-03 15:30:47', 15, 1, 338, NULL, NULL),
(944, '00001', '031220', '153026', 120, '2020-12-03', '15:30:26', '2020-12-03 15:30:26', 16, 7, 2534, NULL, NULL),
(945, '00001', '031220', '153052', 7844, '2020-12-03', '15:30:52', '2020-12-03 15:30:52', 21, 10, 3632, NULL, NULL),
(946, '00001', '041220', '072523', 2255, '2020-12-04', '07:25:23', '2020-12-04 07:25:23', 19, 11, 3999, NULL, NULL),
(947, '00001', '041220', '073259', 6952, '2020-12-04', '07:32:59', '2020-12-04 07:32:59', 23, 8, 2901, NULL, NULL),
(948, '00001', '041220', '073437', 245, '2020-12-04', '07:34:37', '2020-12-04 07:34:37', 16, 2, 705, NULL, NULL),
(949, '00001', '041220', '072934', 9867, '2020-12-04', '07:29:34', '2020-12-04 07:29:34', 19, 5, 1803, NULL, NULL),
(950, '00001', '041220', '072513', 315, '2020-12-04', '07:25:13', '2020-12-04 07:25:13', 20, 4, 1437, NULL, NULL),
(951, '00001', '041220', '073447', 502, '2020-12-04', '07:34:47', '2020-12-04 07:34:47', 18, 3, 1071, NULL, NULL),
(952, '00001', '041220', '073050', 2563, '2020-12-04', '07:30:50', '2020-12-04 07:30:50', 15, 9, 3267, NULL, NULL),
(953, '00001', '041220', '072558', 477, '2020-12-04', '07:25:58', '2020-12-04 07:25:58', 15, 1, 339, NULL, NULL),
(954, '00001', '041220', '072659', 120, '2020-12-04', '07:26:59', '2020-12-04 07:26:59', 16, 7, 2535, NULL, NULL),
(955, '00001', '041220', '073301', 7844, '2020-12-04', '07:33:01', '2020-12-04 07:33:01', 21, 10, 3633, NULL, NULL),
(956, '00001', '041220', '073557', 212, '2020-12-04', '07:35:57', '2020-12-04 07:35:57', 17, 12, 4365, NULL, NULL),
(957, '00001', '041220', '072710', 567, '2020-12-04', '07:27:10', '2020-12-04 07:27:10', 21, 6, 2169, NULL, NULL),
(958, '00001', '041220', '153227', 245, '2020-12-04', '15:32:27', '2020-12-04 15:32:27', 16, 2, 705, NULL, NULL),
(959, '00001', '041220', '152544', 9867, '2020-12-04', '15:25:44', '2020-12-04 15:25:44', 19, 5, 1803, NULL, NULL),
(960, '00001', '041220', '152559', 315, '2020-12-04', '15:25:59', '2020-12-04 15:25:59', 20, 4, 1437, NULL, NULL),
(961, '00001', '041220', '152905', 502, '2020-12-04', '15:29:05', '2020-12-04 15:29:05', 18, 3, 1071, NULL, NULL),
(962, '00001', '041220', '153023', 2563, '2020-12-04', '15:30:23', '2020-12-04 15:30:23', 15, 9, 3267, NULL, NULL),
(963, '00001', '041220', '153138', 477, '2020-12-04', '15:31:38', '2020-12-04 15:31:38', 15, 1, 339, NULL, NULL),
(964, '00001', '041220', '153225', 120, '2020-12-04', '15:32:25', '2020-12-04 15:32:25', 16, 7, 2535, NULL, NULL),
(965, '00001', '041220', '152514', 7844, '2020-12-04', '15:25:14', '2020-12-04 15:25:14', 21, 10, 3633, NULL, NULL),
(966, '00001', '041220', '152915', 212, '2020-12-04', '15:29:15', '2020-12-04 15:29:15', 17, 12, 4365, NULL, NULL),
(967, '00001', '041220', '152800', 567, '2020-12-04', '15:28:00', '2020-12-04 15:28:00', 21, 6, 2169, NULL, NULL),
(968, '00001', '071220', '073325', 2255, '2020-12-07', '07:33:25', '2020-12-07 07:33:25', 19, 11, 4002, NULL, NULL),
(969, '00001', '071220', '073050', 6952, '2020-12-07', '07:30:50', '2020-12-07 07:30:50', 23, 8, 2904, NULL, NULL),
(970, '00001', '071220', '072653', 245, '2020-12-07', '07:26:53', '2020-12-07 07:26:53', 16, 2, 708, NULL, NULL),
(971, '00001', '071220', '073026', 9867, '2020-12-07', '07:30:26', '2020-12-07 07:30:26', 19, 5, 1806, NULL, NULL),
(972, '00001', '071220', '073205', 502, '2020-12-07', '07:32:05', '2020-12-07 07:32:05', 18, 3, 1074, NULL, NULL),
(973, '00001', '071220', '072850', 2563, '2020-12-07', '07:28:50', '2020-12-07 07:28:50', 15, 9, 3270, NULL, NULL),
(974, '00001', '071220', '073001', 477, '2020-12-07', '07:30:01', '2020-12-07 07:30:01', 15, 1, 342, NULL, NULL),
(975, '00001', '071220', '073011', 120, '2020-12-07', '07:30:11', '2020-12-07 07:30:11', 16, 7, 2538, NULL, NULL),
(976, '00001', '071220', '073422', 7844, '2020-12-07', '07:34:22', '2020-12-07 07:34:22', 21, 10, 3636, NULL, NULL),
(977, '00001', '071220', '073132', 212, '2020-12-07', '07:31:32', '2020-12-07 07:31:32', 17, 12, 4368, NULL, NULL),
(978, '00001', '071220', '073447', 567, '2020-12-07', '07:34:47', '2020-12-07 07:34:47', 21, 6, 2172, NULL, NULL),
(979, '00001', '071220', '153441', 2255, '2020-12-07', '15:34:41', '2020-12-07 15:34:41', 19, 11, 4002, NULL, NULL),
(980, '00001', '071220', '152615', 6952, '2020-12-07', '15:26:15', '2020-12-07 15:26:15', 23, 8, 2904, NULL, NULL),
(981, '00001', '071220', '152535', 245, '2020-12-07', '15:25:35', '2020-12-07 15:25:35', 16, 2, 708, NULL, NULL),
(982, '00001', '071220', '152911', 9867, '2020-12-07', '15:29:11', '2020-12-07 15:29:11', 19, 5, 1806, NULL, NULL),
(983, '00001', '071220', '152801', 502, '2020-12-07', '15:28:01', '2020-12-07 15:28:01', 18, 3, 1074, NULL, NULL),
(984, '00001', '071220', '152738', 2563, '2020-12-07', '15:27:38', '2020-12-07 15:27:38', 15, 9, 3270, NULL, NULL),
(985, '00001', '071220', '153330', 477, '2020-12-07', '15:33:30', '2020-12-07 15:33:30', 15, 1, 342, NULL, NULL),
(986, '00001', '071220', '153249', 120, '2020-12-07', '15:32:49', '2020-12-07 15:32:49', 16, 7, 2538, NULL, NULL),
(987, '00001', '071220', '153249', 7844, '2020-12-07', '15:32:49', '2020-12-07 15:32:49', 21, 10, 3636, NULL, NULL),
(988, '00001', '071220', '152710', 212, '2020-12-07', '15:27:10', '2020-12-07 15:27:10', 17, 12, 4368, NULL, NULL),
(989, '00001', '071220', '153553', 567, '2020-12-07', '15:35:53', '2020-12-07 15:35:53', 21, 6, 2172, NULL, NULL),
(990, '00001', '081220', '073514', 2255, '2020-12-08', '07:35:14', '2020-12-08 07:35:14', 19, 11, 4003, NULL, NULL),
(991, '00001', '081220', '073030', 6952, '2020-12-08', '07:30:30', '2020-12-08 07:30:30', 23, 8, 2905, NULL, NULL),
(992, '00001', '081220', '072505', 245, '2020-12-08', '07:25:05', '2020-12-08 07:25:05', 16, 2, 709, NULL, NULL),
(993, '00001', '081220', '072503', 9867, '2020-12-08', '07:25:03', '2020-12-08 07:25:03', 19, 5, 1807, NULL, NULL),
(994, '00001', '081220', '073105', 315, '2020-12-08', '07:31:05', '2020-12-08 07:31:05', 20, 4, 1441, NULL, NULL),
(995, '00001', '081220', '072830', 502, '2020-12-08', '07:28:30', '2020-12-08 07:28:30', 18, 3, 1075, NULL, NULL),
(996, '00001', '081220', '072558', 2563, '2020-12-08', '07:25:58', '2020-12-08 07:25:58', 15, 9, 3271, NULL, NULL),
(997, '00001', '081220', '072956', 477, '2020-12-08', '07:29:56', '2020-12-08 07:29:56', 15, 1, 343, NULL, NULL),
(998, '00001', '081220', '073308', 120, '2020-12-08', '07:33:08', '2020-12-08 07:33:08', 16, 7, 2539, NULL, NULL),
(999, '00001', '081220', '072636', 7844, '2020-12-08', '07:26:36', '2020-12-08 07:26:36', 21, 10, 3637, NULL, NULL),
(1000, '00001', '081220', '072733', 212, '2020-12-08', '07:27:33', '2020-12-08 07:27:33', 17, 12, 4369, NULL, NULL),
(1001, '00001', '081220', '073315', 567, '2020-12-08', '07:33:15', '2020-12-08 07:33:15', 21, 6, 2173, NULL, NULL),
(1002, '00001', '081220', '092819', 567, '2020-12-08', '09:28:19', '2020-12-08 09:28:19', 21, 6, 2173, NULL, NULL),
(1003, '00001', '081220', '113143', 567, '2020-12-08', '11:31:43', '2020-12-08 11:31:43', 21, 6, 2173, NULL, NULL),
(1004, '00001', '081220', '152818', 2255, '2020-12-08', '15:28:18', '2020-12-08 15:28:18', 19, 11, 4003, NULL, NULL),
(1005, '00001', '081220', '153336', 6952, '2020-12-08', '15:33:36', '2020-12-08 15:33:36', 23, 8, 2905, NULL, NULL),
(1006, '00001', '081220', '153158', 245, '2020-12-08', '15:31:58', '2020-12-08 15:31:58', 16, 2, 709, NULL, NULL),
(1007, '00001', '081220', '152756', 9867, '2020-12-08', '15:27:56', '2020-12-08 15:27:56', 19, 5, 1807, NULL, NULL),
(1008, '00001', '081220', '153401', 315, '2020-12-08', '15:34:01', '2020-12-08 15:34:01', 20, 4, 1441, NULL, NULL),
(1009, '00001', '081220', '153314', 502, '2020-12-08', '15:33:14', '2020-12-08 15:33:14', 18, 3, 1075, NULL, NULL),
(1010, '00001', '081220', '152659', 2563, '2020-12-08', '15:26:59', '2020-12-08 15:26:59', 15, 9, 3271, NULL, NULL),
(1011, '00001', '081220', '152807', 477, '2020-12-08', '15:28:07', '2020-12-08 15:28:07', 15, 1, 343, NULL, NULL),
(1012, '00001', '081220', '153015', 120, '2020-12-08', '15:30:15', '2020-12-08 15:30:15', 16, 7, 2539, NULL, NULL),
(1013, '00001', '081220', '152650', 7844, '2020-12-08', '15:26:50', '2020-12-08 15:26:50', 21, 10, 3637, NULL, NULL),
(1014, '00001', '081220', '153531', 212, '2020-12-08', '15:35:31', '2020-12-08 15:35:31', 17, 12, 4369, NULL, NULL),
(1015, '00001', '081220', '153303', 567, '2020-12-08', '15:33:03', '2020-12-08 15:33:03', 21, 6, 2173, NULL, NULL),
(1016, '00001', '091220', '072656', 2255, '2020-12-09', '07:26:56', '2020-12-09 07:26:56', 19, 11, 4004, NULL, NULL),
(1017, '00001', '091220', '072536', 6952, '2020-12-09', '07:25:36', '2020-12-09 07:25:36', 23, 8, 2906, NULL, NULL),
(1018, '00001', '091220', '072804', 245, '2020-12-09', '07:28:04', '2020-12-09 07:28:04', 16, 2, 710, NULL, NULL),
(1019, '00001', '091220', '073116', 9867, '2020-12-09', '07:31:16', '2020-12-09 07:31:16', 19, 5, 1808, NULL, NULL),
(1020, '00001', '091220', '072706', 315, '2020-12-09', '07:27:06', '2020-12-09 07:27:06', 20, 4, 1442, NULL, NULL),
(1021, '00001', '091220', '073435', 502, '2020-12-09', '07:34:35', '2020-12-09 07:34:35', 18, 3, 1076, NULL, NULL),
(1022, '00001', '091220', '073552', 2563, '2020-12-09', '07:35:52', '2020-12-09 07:35:52', 15, 9, 3272, NULL, NULL),
(1023, '00001', '091220', '073402', 120, '2020-12-09', '07:34:02', '2020-12-09 07:34:02', 16, 7, 2540, NULL, NULL),
(1024, '00001', '091220', '072923', 7844, '2020-12-09', '07:29:23', '2020-12-09 07:29:23', 21, 10, 3638, NULL, NULL),
(1025, '00001', '091220', '073436', 212, '2020-12-09', '07:34:36', '2020-12-09 07:34:36', 17, 12, 4370, NULL, NULL),
(1026, '00001', '091220', '073446', 567, '2020-12-09', '07:34:46', '2020-12-09 07:34:46', 21, 6, 2174, NULL, NULL),
(1027, '00001', '091220', '152918', 2255, '2020-12-09', '15:29:18', '2020-12-09 15:29:18', 19, 11, 4004, NULL, NULL),
(1028, '00001', '091220', '153249', 6952, '2020-12-09', '15:32:49', '2020-12-09 15:32:49', 23, 8, 2906, NULL, NULL),
(1029, '00001', '091220', '153421', 245, '2020-12-09', '15:34:21', '2020-12-09 15:34:21', 16, 2, 710, NULL, NULL),
(1030, '00001', '091220', '153340', 9867, '2020-12-09', '15:33:40', '2020-12-09 15:33:40', 19, 5, 1808, NULL, NULL),
(1031, '00001', '091220', '153415', 315, '2020-12-09', '15:34:15', '2020-12-09 15:34:15', 20, 4, 1442, NULL, NULL),
(1032, '00001', '091220', '152501', 502, '2020-12-09', '15:25:01', '2020-12-09 15:25:01', 18, 3, 1076, NULL, NULL),
(1033, '00001', '091220', '153550', 2563, '2020-12-09', '15:35:50', '2020-12-09 15:35:50', 15, 9, 3272, NULL, NULL),
(1034, '00001', '091220', '153136', 120, '2020-12-09', '15:31:36', '2020-12-09 15:31:36', 16, 7, 2540, NULL, NULL),
(1035, '00001', '091220', '152821', 7844, '2020-12-09', '15:28:21', '2020-12-09 15:28:21', 21, 10, 3638, NULL, NULL),
(1036, '00001', '091220', '153326', 212, '2020-12-09', '15:33:26', '2020-12-09 15:33:26', 17, 12, 4370, NULL, NULL),
(1037, '00001', '091220', '153154', 567, '2020-12-09', '15:31:54', '2020-12-09 15:31:54', 21, 6, 2174, NULL, NULL),
(1038, '00001', '101220', '072916', 2255, '2020-12-10', '07:29:16', '2020-12-10 07:29:16', 19, 11, 4005, NULL, NULL),
(1039, '00001', '101220', '072718', 6952, '2020-12-10', '07:27:18', '2020-12-10 07:27:18', 23, 8, 2907, NULL, NULL),
(1040, '00001', '101220', '072914', 245, '2020-12-10', '07:29:14', '2020-12-10 07:29:14', 16, 2, 711, NULL, NULL),
(1041, '00001', '101220', '072955', 9867, '2020-12-10', '07:29:55', '2020-12-10 07:29:55', 19, 5, 1809, NULL, NULL),
(1042, '00001', '101220', '073528', 315, '2020-12-10', '07:35:28', '2020-12-10 07:35:28', 20, 4, 1443, NULL, NULL),
(1043, '00001', '101220', '073536', 502, '2020-12-10', '07:35:36', '2020-12-10 07:35:36', 18, 3, 1077, NULL, NULL),
(1044, '00001', '101220', '072905', 2563, '2020-12-10', '07:29:05', '2020-12-10 07:29:05', 15, 9, 3273, NULL, NULL),
(1045, '00001', '101220', '073013', 477, '2020-12-10', '07:30:13', '2020-12-10 07:30:13', 15, 1, 345, NULL, NULL),
(1046, '00001', '101220', '073406', 120, '2020-12-10', '07:34:06', '2020-12-10 07:34:06', 16, 7, 2541, NULL, NULL),
(1047, '00001', '101220', '073556', 7844, '2020-12-10', '07:35:56', '2020-12-10 07:35:56', 21, 10, 3639, NULL, NULL),
(1048, '00001', '101220', '072503', 212, '2020-12-10', '07:25:03', '2020-12-10 07:25:03', 17, 12, 4371, NULL, NULL),
(1049, '00001', '101220', '072519', 567, '2020-12-10', '07:25:19', '2020-12-10 07:25:19', 21, 6, 2175, NULL, NULL),
(1050, '00001', '101220', '082925', 502, '2020-12-10', '08:29:25', '2020-12-10 08:29:25', 18, 3, 1077, NULL, NULL),
(1051, '00001', '101220', '110114', 502, '2020-12-10', '11:01:14', '2020-12-10 11:01:14', 18, 3, 1077, NULL, NULL),
(1052, '00001', '101220', '152743', 2255, '2020-12-10', '15:27:43', '2020-12-10 15:27:43', 19, 11, 4005, NULL, NULL),
(1053, '00001', '101220', '152520', 6952, '2020-12-10', '15:25:20', '2020-12-10 15:25:20', 23, 8, 2907, NULL, NULL),
(1054, '00001', '101220', '153437', 245, '2020-12-10', '15:34:37', '2020-12-10 15:34:37', 16, 2, 711, NULL, NULL),
(1055, '00001', '101220', '153141', 9867, '2020-12-10', '15:31:41', '2020-12-10 15:31:41', 19, 5, 1809, NULL, NULL),
(1056, '00001', '101220', '153143', 315, '2020-12-10', '15:31:43', '2020-12-10 15:31:43', 20, 4, 1443, NULL, NULL),
(1057, '00001', '101220', '153337', 502, '2020-12-10', '15:33:37', '2020-12-10 15:33:37', 18, 3, 1077, NULL, NULL),
(1058, '00001', '101220', '152653', 2563, '2020-12-10', '15:26:53', '2020-12-10 15:26:53', 15, 9, 3273, NULL, NULL),
(1059, '00001', '101220', '153241', 477, '2020-12-10', '15:32:41', '2020-12-10 15:32:41', 15, 1, 345, NULL, NULL),
(1060, '00001', '101220', '153433', 120, '2020-12-10', '15:34:33', '2020-12-10 15:34:33', 16, 7, 2541, NULL, NULL),
(1061, '00001', '101220', '153500', 7844, '2020-12-10', '15:35:00', '2020-12-10 15:35:00', 21, 10, 3639, NULL, NULL),
(1062, '00001', '101220', '153132', 212, '2020-12-10', '15:31:32', '2020-12-10 15:31:32', 17, 12, 4371, NULL, NULL),
(1063, '00001', '101220', '152929', 567, '2020-12-10', '15:29:29', '2020-12-10 15:29:29', 21, 6, 2175, NULL, NULL),
(1064, '00001', '111220', '072524', 2255, '2020-12-11', '07:25:24', '2020-12-11 07:25:24', 19, 11, 4006, NULL, NULL),
(1065, '00001', '111220', '072734', 6952, '2020-12-11', '07:27:34', '2020-12-11 07:27:34', 23, 8, 2908, NULL, NULL),
(1066, '00001', '111220', '073120', 245, '2020-12-11', '07:31:20', '2020-12-11 07:31:20', 16, 2, 712, NULL, NULL),
(1067, '00001', '111220', '073252', 9867, '2020-12-11', '07:32:52', '2020-12-11 07:32:52', 19, 5, 1810, NULL, NULL),
(1068, '00001', '111220', '072834', 315, '2020-12-11', '07:28:34', '2020-12-11 07:28:34', 20, 4, 1444, NULL, NULL),
(1069, '00001', '111220', '073528', 502, '2020-12-11', '07:35:28', '2020-12-11 07:35:28', 18, 3, 1078, NULL, NULL),
(1070, '00001', '111220', '072540', 2563, '2020-12-11', '07:25:40', '2020-12-11 07:25:40', 15, 9, 3274, NULL, NULL),
(1071, '00001', '111220', '072747', 477, '2020-12-11', '07:27:47', '2020-12-11 07:27:47', 15, 1, 346, NULL, NULL),
(1072, '00001', '111220', '072810', 120, '2020-12-11', '07:28:10', '2020-12-11 07:28:10', 16, 7, 2542, NULL, NULL),
(1073, '00001', '111220', '073445', 212, '2020-12-11', '07:34:45', '2020-12-11 07:34:45', 17, 12, 4372, NULL, NULL),
(1074, '00001', '111220', '073121', 567, '2020-12-11', '07:31:21', '2020-12-11 07:31:21', 21, 6, 2176, NULL, NULL),
(1075, '00001', '111220', '152759', 2255, '2020-12-11', '15:27:59', '2020-12-11 15:27:59', 19, 11, 4006, NULL, NULL),
(1076, '00001', '111220', '152610', 6952, '2020-12-11', '15:26:10', '2020-12-11 15:26:10', 23, 8, 2908, NULL, NULL),
(1077, '00001', '111220', '153018', 245, '2020-12-11', '15:30:18', '2020-12-11 15:30:18', 16, 2, 712, NULL, NULL),
(1078, '00001', '111220', '153255', 9867, '2020-12-11', '15:32:55', '2020-12-11 15:32:55', 19, 5, 1810, NULL, NULL),
(1079, '00001', '111220', '152611', 315, '2020-12-11', '15:26:11', '2020-12-11 15:26:11', 20, 4, 1444, NULL, NULL),
(1080, '00001', '111220', '153352', 502, '2020-12-11', '15:33:52', '2020-12-11 15:33:52', 18, 3, 1078, NULL, NULL),
(1081, '00001', '111220', '152538', 2563, '2020-12-11', '15:25:38', '2020-12-11 15:25:38', 15, 9, 3274, NULL, NULL),
(1082, '00001', '111220', '153041', 477, '2020-12-11', '15:30:41', '2020-12-11 15:30:41', 15, 1, 346, NULL, NULL),
(1083, '00001', '111220', '152546', 120, '2020-12-11', '15:25:46', '2020-12-11 15:25:46', 16, 7, 2542, NULL, NULL),
(1084, '00001', '111220', '152738', 212, '2020-12-11', '15:27:38', '2020-12-11 15:27:38', 17, 12, 4372, NULL, NULL),
(1085, '00001', '111220', '153230', 567, '2020-12-11', '15:32:30', '2020-12-11 15:32:30', 21, 6, 2176, NULL, NULL),
(1086, '00001', '141220', '072545', 2255, '2020-12-14', '07:25:45', '2020-12-14 07:25:45', 19, 11, 4009, NULL, NULL),
(1087, '00001', '141220', '072623', 6952, '2020-12-14', '07:26:23', '2020-12-14 07:26:23', 23, 8, 2911, NULL, NULL),
(1088, '00001', '141220', '073513', 245, '2020-12-14', '07:35:13', '2020-12-14 07:35:13', 16, 2, 715, NULL, NULL),
(1089, '00001', '141220', '073326', 315, '2020-12-14', '07:33:26', '2020-12-14 07:33:26', 20, 4, 1447, NULL, NULL),
(1090, '00001', '141220', '073434', 502, '2020-12-14', '07:34:34', '2020-12-14 07:34:34', 18, 3, 1081, NULL, NULL),
(1091, '00001', '141220', '073226', 2563, '2020-12-14', '07:32:26', '2020-12-14 07:32:26', 15, 9, 3277, NULL, NULL),
(1092, '00001', '141220', '073101', 477, '2020-12-14', '07:31:01', '2020-12-14 07:31:01', 15, 1, 349, NULL, NULL),
(1093, '00001', '141220', '073042', 120, '2020-12-14', '07:30:42', '2020-12-14 07:30:42', 16, 7, 2545, NULL, NULL),
(1094, '00001', '141220', '072943', 7844, '2020-12-14', '07:29:43', '2020-12-14 07:29:43', 21, 10, 3643, NULL, NULL),
(1095, '00001', '141220', '072510', 212, '2020-12-14', '07:25:10', '2020-12-14 07:25:10', 17, 12, 4375, NULL, NULL),
(1096, '00001', '141220', '102809', 567, '2020-12-14', '10:28:09', '2020-12-14 10:28:09', 21, 6, 2179, NULL, NULL),
(1097, '00001', '141220', '090224', 2563, '2020-12-14', '09:02:24', '2020-12-14 09:02:24', 15, 9, 3277, NULL, NULL),
(1098, '00001', '141220', '103217', 2563, '2020-12-14', '10:32:17', '2020-12-14 10:32:17', 15, 9, 3277, NULL, NULL),
(1099, '00001', '141220', '153211', 2255, '2020-12-14', '15:32:11', '2020-12-14 15:32:11', 19, 11, 4009, NULL, NULL),
(1100, '00001', '141220', '152807', 6952, '2020-12-14', '15:28:07', '2020-12-14 15:28:07', 23, 8, 2911, NULL, NULL),
(1101, '00001', '141220', '152555', 245, '2020-12-14', '15:25:55', '2020-12-14 15:25:55', 16, 2, 715, NULL, NULL),
(1102, '00001', '141220', '153513', 315, '2020-12-14', '15:35:13', '2020-12-14 15:35:13', 20, 4, 1447, NULL, NULL),
(1103, '00001', '141220', '153304', 502, '2020-12-14', '15:33:04', '2020-12-14 15:33:04', 18, 3, 1081, NULL, NULL),
(1104, '00001', '141220', '153041', 2563, '2020-12-14', '15:30:41', '2020-12-14 15:30:41', 15, 9, 3277, NULL, NULL),
(1105, '00001', '141220', '153225', 477, '2020-12-14', '15:32:25', '2020-12-14 15:32:25', 15, 1, 349, NULL, NULL),
(1106, '00001', '141220', '152743', 120, '2020-12-14', '15:27:43', '2020-12-14 15:27:43', 16, 7, 2545, NULL, NULL),
(1107, '00001', '141220', '152525', 7844, '2020-12-14', '15:25:25', '2020-12-14 15:25:25', 21, 10, 3643, NULL, NULL),
(1108, '00001', '141220', '153032', 212, '2020-12-14', '15:30:32', '2020-12-14 15:30:32', 17, 12, 4375, NULL, NULL),
(1109, '00001', '141220', '153132', 567, '2020-12-14', '15:31:32', '2020-12-14 15:31:32', 21, 6, 2179, NULL, NULL),
(1110, '00001', '151220', '072645', 2255, '2020-12-15', '07:26:45', '2020-12-15 07:26:45', 19, 11, 4010, NULL, NULL),
(1111, '00001', '151220', '072952', 6952, '2020-12-15', '07:29:52', '2020-12-15 07:29:52', 23, 8, 2912, NULL, NULL),
(1112, '00001', '151220', '073436', 245, '2020-12-15', '07:34:36', '2020-12-15 07:34:36', 16, 2, 716, NULL, NULL),
(1113, '00001', '151220', '072641', 9867, '2020-12-15', '07:26:41', '2020-12-15 07:26:41', 19, 5, 1814, NULL, NULL),
(1114, '00001', '151220', '073351', 315, '2020-12-15', '07:33:51', '2020-12-15 07:33:51', 20, 4, 1448, NULL, NULL),
(1115, '00001', '151220', '072540', 502, '2020-12-15', '07:25:40', '2020-12-15 07:25:40', 18, 3, 1082, NULL, NULL),
(1116, '00001', '151220', '072739', 2563, '2020-12-15', '07:27:39', '2020-12-15 07:27:39', 15, 9, 3278, NULL, NULL),
(1117, '00001', '151220', '073123', 477, '2020-12-15', '07:31:23', '2020-12-15 07:31:23', 15, 1, 350, NULL, NULL),
(1118, '00001', '151220', '072947', 120, '2020-12-15', '07:29:47', '2020-12-15 07:29:47', 16, 7, 2546, NULL, NULL),
(1119, '00001', '151220', '072545', 7844, '2020-12-15', '07:25:45', '2020-12-15 07:25:45', 21, 10, 3644, NULL, NULL),
(1120, '00001', '151220', '073511', 212, '2020-12-15', '07:35:11', '2020-12-15 07:35:11', 17, 12, 4376, NULL, NULL),
(1121, '00001', '151220', '073206', 567, '2020-12-15', '07:32:06', '2020-12-15 07:32:06', 21, 6, 2180, NULL, NULL),
(1122, '00001', '151220', '152608', 2255, '2020-12-15', '15:26:08', '2020-12-15 15:26:08', 19, 11, 4010, NULL, NULL),
(1123, '00001', '151220', '152702', 6952, '2020-12-15', '15:27:02', '2020-12-15 15:27:02', 23, 8, 2912, NULL, NULL),
(1124, '00001', '151220', '153411', 245, '2020-12-15', '15:34:11', '2020-12-15 15:34:11', 16, 2, 716, NULL, NULL),
(1125, '00001', '151220', '153112', 9867, '2020-12-15', '15:31:12', '2020-12-15 15:31:12', 19, 5, 1814, NULL, NULL),
(1126, '00001', '151220', '153349', 315, '2020-12-15', '15:33:49', '2020-12-15 15:33:49', 20, 4, 1448, NULL, NULL),
(1127, '00001', '151220', '153404', 502, '2020-12-15', '15:34:04', '2020-12-15 15:34:04', 18, 3, 1082, NULL, NULL),
(1128, '00001', '151220', '133152', 2563, '2020-12-15', '13:31:52', '2020-12-15 13:31:52', 15, 9, 3278, NULL, NULL),
(1129, '00001', '151220', '153450', 477, '2020-12-15', '15:34:50', '2020-12-15 15:34:50', 15, 1, 350, NULL, NULL),
(1130, '00001', '151220', '153510', 120, '2020-12-15', '15:35:10', '2020-12-15 15:35:10', 16, 7, 2546, NULL, NULL),
(1131, '00001', '151220', '152754', 7844, '2020-12-15', '15:27:54', '2020-12-15 15:27:54', 21, 10, 3644, NULL, NULL),
(1132, '00001', '151220', '140127', 212, '2020-12-15', '14:01:27', '2020-12-15 14:01:27', 17, 12, 4376, NULL, NULL),
(1133, '00001', '151220', '152756', 567, '2020-12-15', '15:27:56', '2020-12-15 15:27:56', 21, 6, 2180, NULL, NULL),
(1134, '00001', '161220', '073219', 2255, '2020-12-16', '07:32:19', '2020-12-16 07:32:19', 19, 11, 4011, NULL, NULL),
(1135, '00001', '161220', '073430', 6952, '2020-12-16', '07:34:30', '2020-12-16 07:34:30', 23, 8, 2913, NULL, NULL),
(1136, '00001', '161220', '073221', 245, '2020-12-16', '07:32:21', '2020-12-16 07:32:21', 16, 2, 717, NULL, NULL),
(1137, '00001', '161220', '073230', 9867, '2020-12-16', '07:32:30', '2020-12-16 07:32:30', 19, 5, 1815, NULL, NULL),
(1138, '00001', '161220', '072542', 315, '2020-12-16', '07:25:42', '2020-12-16 07:25:42', 20, 4, 1449, NULL, NULL),
(1139, '00001', '161220', '072947', 502, '2020-12-16', '07:29:47', '2020-12-16 07:29:47', 18, 3, 1083, NULL, NULL),
(1140, '00001', '161220', '073236', 2563, '2020-12-16', '07:32:36', '2020-12-16 07:32:36', 15, 9, 3279, NULL, NULL),
(1141, '00001', '161220', '072507', 477, '2020-12-16', '07:25:07', '2020-12-16 07:25:07', 15, 1, 351, NULL, NULL),
(1142, '00001', '161220', '073139', 120, '2020-12-16', '07:31:39', '2020-12-16 07:31:39', 16, 7, 2547, NULL, NULL),
(1143, '00001', '161220', '072632', 7844, '2020-12-16', '07:26:32', '2020-12-16 07:26:32', 21, 10, 3645, NULL, NULL),
(1144, '00001', '161220', '072906', 212, '2020-12-16', '07:29:06', '2020-12-16 07:29:06', 17, 12, 4377, NULL, NULL),
(1145, '00001', '161220', '072740', 567, '2020-12-16', '07:27:40', '2020-12-16 07:27:40', 21, 6, 2181, NULL, NULL),
(1146, '00001', '161220', '082627', 245, '2020-12-16', '08:26:27', '2020-12-16 08:26:27', 16, 2, 717, NULL, NULL),
(1147, '00001', '161220', '102116', 245, '2020-12-16', '10:21:16', '2020-12-16 10:21:16', 16, 2, 717, NULL, NULL),
(1148, '00001', '161220', '090256', 315, '2020-12-16', '09:02:56', '2020-12-16 09:02:56', 20, 4, 1449, NULL, NULL),
(1149, '00001', '161220', '113516', 315, '2020-12-16', '11:35:16', '2020-12-16 11:35:16', 20, 4, 1449, NULL, NULL),
(1150, '00001', '161220', '153551', 2255, '2020-12-16', '15:35:51', '2020-12-16 15:35:51', 19, 11, 4011, NULL, NULL),
(1151, '00001', '161220', '152602', 6952, '2020-12-16', '15:26:02', '2020-12-16 15:26:02', 23, 8, 2913, NULL, NULL),
(1152, '00001', '161220', '152627', 245, '2020-12-16', '15:26:27', '2020-12-16 15:26:27', 16, 2, 717, NULL, NULL),
(1153, '00001', '161220', '152511', 9867, '2020-12-16', '15:25:11', '2020-12-16 15:25:11', 19, 5, 1815, NULL, NULL),
(1154, '00001', '161220', '153536', 315, '2020-12-16', '15:35:36', '2020-12-16 15:35:36', 20, 4, 1449, NULL, NULL),
(1155, '00001', '161220', '152935', 502, '2020-12-16', '15:29:35', '2020-12-16 15:29:35', 18, 3, 1083, NULL, NULL),
(1156, '00001', '161220', '152846', 2563, '2020-12-16', '15:28:46', '2020-12-16 15:28:46', 15, 9, 3279, NULL, NULL),
(1157, '00001', '161220', '152727', 477, '2020-12-16', '15:27:27', '2020-12-16 15:27:27', 15, 1, 351, NULL, NULL),
(1158, '00001', '161220', '152530', 120, '2020-12-16', '15:25:30', '2020-12-16 15:25:30', 16, 7, 2547, NULL, NULL),
(1159, '00001', '161220', '152840', 7844, '2020-12-16', '15:28:40', '2020-12-16 15:28:40', 21, 10, 3645, NULL, NULL),
(1160, '00001', '161220', '152702', 212, '2020-12-16', '15:27:02', '2020-12-16 15:27:02', 17, 12, 4377, NULL, NULL),
(1161, '00001', '161220', '153408', 567, '2020-12-16', '15:34:08', '2020-12-16 15:34:08', 21, 6, 2181, NULL, NULL),
(1162, '00001', '171220', '073543', 2255, '2020-12-17', '07:35:43', '2020-12-17 07:35:43', 19, 11, 4012, NULL, NULL),
(1163, '00001', '171220', '073357', 6952, '2020-12-17', '07:33:57', '2020-12-17 07:33:57', 23, 8, 2914, NULL, NULL),
(1164, '00001', '171220', '072837', 245, '2020-12-17', '07:28:37', '2020-12-17 07:28:37', 16, 2, 718, NULL, NULL),
(1165, '00001', '171220', '073145', 9867, '2020-12-17', '07:31:45', '2020-12-17 07:31:45', 19, 5, 1816, NULL, NULL),
(1166, '00001', '171220', '072814', 315, '2020-12-17', '07:28:14', '2020-12-17 07:28:14', 20, 4, 1450, NULL, NULL),
(1167, '00001', '171220', '073039', 2563, '2020-12-17', '07:30:39', '2020-12-17 07:30:39', 15, 9, 3280, NULL, NULL),
(1168, '00001', '171220', '072639', 477, '2020-12-17', '07:26:39', '2020-12-17 07:26:39', 15, 1, 352, NULL, NULL),
(1169, '00001', '171220', '073346', 120, '2020-12-17', '07:33:46', '2020-12-17 07:33:46', 16, 7, 2548, NULL, NULL),
(1170, '00001', '171220', '072811', 7844, '2020-12-17', '07:28:11', '2020-12-17 07:28:11', 21, 10, 3646, NULL, NULL),
(1171, '00001', '171220', '073505', 212, '2020-12-17', '07:35:05', '2020-12-17 07:35:05', 17, 12, 4378, NULL, NULL),
(1172, '00001', '171220', '073135', 567, '2020-12-17', '07:31:35', '2020-12-17 07:31:35', 21, 6, 2182, NULL, NULL),
(1173, '00001', '171220', '153022', 2255, '2020-12-17', '15:30:22', '2020-12-17 15:30:22', 19, 11, 4012, NULL, NULL),
(1174, '00001', '171220', '153448', 6952, '2020-12-17', '15:34:48', '2020-12-17 15:34:48', 23, 8, 2914, NULL, NULL),
(1175, '00001', '171220', '153203', 245, '2020-12-17', '15:32:03', '2020-12-17 15:32:03', 16, 2, 718, NULL, NULL),
(1176, '00001', '171220', '153249', 9867, '2020-12-17', '15:32:49', '2020-12-17 15:32:49', 19, 5, 1816, NULL, NULL),
(1177, '00001', '171220', '152505', 315, '2020-12-17', '15:25:05', '2020-12-17 15:25:05', 20, 4, 1450, NULL, NULL),
(1178, '00001', '171220', '153015', 2563, '2020-12-17', '15:30:15', '2020-12-17 15:30:15', 15, 9, 3280, NULL, NULL),
(1179, '00001', '171220', '153404', 477, '2020-12-17', '15:34:04', '2020-12-17 15:34:04', 15, 1, 352, NULL, NULL),
(1180, '00001', '171220', '153506', 120, '2020-12-17', '15:35:06', '2020-12-17 15:35:06', 16, 7, 2548, NULL, NULL),
(1181, '00001', '171220', '153206', 7844, '2020-12-17', '15:32:06', '2020-12-17 15:32:06', 21, 10, 3646, NULL, NULL),
(1182, '00001', '171220', '152745', 212, '2020-12-17', '15:27:45', '2020-12-17 15:27:45', 17, 12, 4378, NULL, NULL),
(1183, '00001', '171220', '153338', 567, '2020-12-17', '15:33:38', '2020-12-17 15:33:38', 21, 6, 2182, NULL, NULL),
(1184, '00001', '181220', '072902', 2255, '2020-12-18', '07:29:02', '2020-12-18 07:29:02', 19, 11, 4013, NULL, NULL),
(1185, '00001', '181220', '073037', 9867, '2020-12-18', '07:30:37', '2020-12-18 07:30:37', 19, 5, 1817, NULL, NULL),
(1186, '00001', '181220', '072932', 315, '2020-12-18', '07:29:32', '2020-12-18 07:29:32', 20, 4, 1451, NULL, NULL),
(1187, '00001', '181220', '073442', 502, '2020-12-18', '07:34:42', '2020-12-18 07:34:42', 18, 3, 1085, NULL, NULL),
(1188, '00001', '181220', '073355', 2563, '2020-12-18', '07:33:55', '2020-12-18 07:33:55', 15, 9, 3281, NULL, NULL),
(1189, '00001', '181220', '073440', 477, '2020-12-18', '07:34:40', '2020-12-18 07:34:40', 15, 1, 353, NULL, NULL),
(1190, '00001', '181220', '072642', 120, '2020-12-18', '07:26:42', '2020-12-18 07:26:42', 16, 7, 2549, NULL, NULL),
(1191, '00001', '181220', '072620', 7844, '2020-12-18', '07:26:20', '2020-12-18 07:26:20', 21, 10, 3647, NULL, NULL),
(1192, '00001', '181220', '073017', 212, '2020-12-18', '07:30:17', '2020-12-18 07:30:17', 17, 12, 4379, NULL, NULL),
(1193, '00001', '181220', '072710', 567, '2020-12-18', '07:27:10', '2020-12-18 07:27:10', 21, 6, 2183, NULL, NULL),
(1194, '00001', '181220', '153540', 2255, '2020-12-18', '15:35:40', '2020-12-18 15:35:40', 19, 11, 4013, NULL, NULL),
(1195, '00001', '181220', '153014', 6952, '2020-12-18', '15:30:14', '2020-12-18 15:30:14', 23, 8, 2915, NULL, NULL),
(1196, '00001', '181220', '152631', 245, '2020-12-18', '15:26:31', '2020-12-18 15:26:31', 16, 2, 719, NULL, NULL),
(1197, '00001', '181220', '152906', 9867, '2020-12-18', '15:29:06', '2020-12-18 15:29:06', 19, 5, 1817, NULL, NULL),
(1198, '00001', '181220', '152744', 315, '2020-12-18', '15:27:44', '2020-12-18 15:27:44', 20, 4, 1451, NULL, NULL),
(1199, '00001', '181220', '152916', 502, '2020-12-18', '15:29:16', '2020-12-18 15:29:16', 18, 3, 1085, NULL, NULL),
(1200, '00001', '181220', '153401', 2563, '2020-12-18', '15:34:01', '2020-12-18 15:34:01', 15, 9, 3281, NULL, NULL),
(1201, '00001', '181220', '152629', 477, '2020-12-18', '15:26:29', '2020-12-18 15:26:29', 15, 1, 353, NULL, NULL),
(1202, '00001', '181220', '153029', 120, '2020-12-18', '15:30:29', '2020-12-18 15:30:29', 16, 7, 2549, NULL, NULL),
(1203, '00001', '181220', '153310', 567, '2020-12-18', '15:33:10', '2020-12-18 15:33:10', 21, 6, 2183, NULL, NULL),
(1204, '00001', '211220', '073235', 2255, '2020-12-21', '07:32:35', '2020-12-21 07:32:35', 19, 11, 4016, NULL, NULL),
(1205, '00001', '211220', '073525', 6952, '2020-12-21', '07:35:25', '2020-12-21 07:35:25', 23, 8, 2918, NULL, NULL),
(1206, '00001', '211220', '073353', 245, '2020-12-21', '07:33:53', '2020-12-21 07:33:53', 16, 2, 722, NULL, NULL),
(1207, '00001', '211220', '073213', 9867, '2020-12-21', '07:32:13', '2020-12-21 07:32:13', 19, 5, 1820, NULL, NULL),
(1208, '00001', '211220', '072819', 315, '2020-12-21', '07:28:19', '2020-12-21 07:28:19', 20, 4, 1454, NULL, NULL),
(1209, '00001', '211220', '072852', 502, '2020-12-21', '07:28:52', '2020-12-21 07:28:52', 18, 3, 1088, NULL, NULL),
(1210, '00001', '211220', '073404', 120, '2020-12-21', '07:34:04', '2020-12-21 07:34:04', 16, 7, 2552, NULL, NULL),
(1211, '00001', '211220', '072616', 7844, '2020-12-21', '07:26:16', '2020-12-21 07:26:16', 21, 10, 3650, NULL, NULL),
(1212, '00001', '211220', '072843', 212, '2020-12-21', '07:28:43', '2020-12-21 07:28:43', 17, 12, 4382, NULL, NULL),
(1213, '00001', '211220', '073259', 567, '2020-12-21', '07:32:59', '2020-12-21 07:32:59', 21, 6, 2186, NULL, NULL),
(1214, '00001', '211220', '090335', 502, '2020-12-21', '09:03:35', '2020-12-21 09:03:35', 18, 3, 1088, NULL, NULL),
(1215, '00001', '211220', '110425', 502, '2020-12-21', '11:04:25', '2020-12-21 11:04:25', 18, 3, 1088, NULL, NULL),
(1216, '00001', '211220', '153452', 2255, '2020-12-21', '15:34:52', '2020-12-21 15:34:52', 19, 11, 4016, NULL, NULL),
(1217, '00001', '211220', '152850', 6952, '2020-12-21', '15:28:50', '2020-12-21 15:28:50', 23, 8, 2918, NULL, NULL),
(1218, '00001', '211220', '153355', 245, '2020-12-21', '15:33:55', '2020-12-21 15:33:55', 16, 2, 722, NULL, NULL),
(1219, '00001', '211220', '153554', 9867, '2020-12-21', '15:35:54', '2020-12-21 15:35:54', 19, 5, 1820, NULL, NULL),
(1220, '00001', '211220', '152921', 315, '2020-12-21', '15:29:21', '2020-12-21 15:29:21', 20, 4, 1454, NULL, NULL),
(1221, '00001', '211220', '153415', 502, '2020-12-21', '15:34:15', '2020-12-21 15:34:15', 18, 3, 1088, NULL, NULL),
(1222, '00001', '211220', '152932', 2563, '2020-12-21', '15:29:32', '2020-12-21 15:29:32', 15, 9, 3284, NULL, NULL),
(1223, '00001', '211220', '152658', 477, '2020-12-21', '15:26:58', '2020-12-21 15:26:58', 15, 1, 356, NULL, NULL),
(1224, '00001', '211220', '152715', 120, '2020-12-21', '15:27:15', '2020-12-21 15:27:15', 16, 7, 2552, NULL, NULL),
(1225, '00001', '211220', '153112', 7844, '2020-12-21', '15:31:12', '2020-12-21 15:31:12', 21, 10, 3650, NULL, NULL),
(1226, '00001', '211220', '152740', 212, '2020-12-21', '15:27:40', '2020-12-21 15:27:40', 17, 12, 4382, NULL, NULL),
(1227, '00001', '221220', '072635', 2255, '2020-12-22', '07:26:35', '2020-12-22 07:26:35', 19, 11, 4017, NULL, NULL),
(1228, '00001', '221220', '072616', 6952, '2020-12-22', '07:26:16', '2020-12-22 07:26:16', 23, 8, 2919, NULL, NULL),
(1229, '00001', '221220', '073059', 245, '2020-12-22', '07:30:59', '2020-12-22 07:30:59', 16, 2, 723, NULL, NULL),
(1230, '00001', '221220', '072525', 9867, '2020-12-22', '07:25:25', '2020-12-22 07:25:25', 19, 5, 1821, NULL, NULL),
(1231, '00001', '221220', '073042', 502, '2020-12-22', '07:30:42', '2020-12-22 07:30:42', 18, 3, 1089, NULL, NULL),
(1232, '00001', '221220', '072749', 2563, '2020-12-22', '07:27:49', '2020-12-22 07:27:49', 15, 9, 3285, NULL, NULL),
(1233, '00001', '221220', '073539', 477, '2020-12-22', '07:35:39', '2020-12-22 07:35:39', 15, 1, 357, NULL, NULL),
(1234, '00001', '221220', '072533', 120, '2020-12-22', '07:25:33', '2020-12-22 07:25:33', 16, 7, 2553, NULL, NULL),
(1235, '00001', '221220', '073342', 7844, '2020-12-22', '07:33:42', '2020-12-22 07:33:42', 21, 10, 3651, NULL, NULL),
(1236, '00001', '221220', '073509', 212, '2020-12-22', '07:35:09', '2020-12-22 07:35:09', 17, 12, 4383, NULL, NULL),
(1237, '00001', '221220', '073311', 567, '2020-12-22', '07:33:11', '2020-12-22 07:33:11', 21, 6, 2187, NULL, NULL),
(1238, '00001', '221220', '152527', 2255, '2020-12-22', '15:25:27', '2020-12-22 15:25:27', 19, 11, 4017, NULL, NULL),
(1239, '00001', '221220', '153109', 6952, '2020-12-22', '15:31:09', '2020-12-22 15:31:09', 23, 8, 2919, NULL, NULL),
(1240, '00001', '221220', '152934', 245, '2020-12-22', '15:29:34', '2020-12-22 15:29:34', 16, 2, 723, NULL, NULL),
(1241, '00001', '221220', '152510', 9867, '2020-12-22', '15:25:10', '2020-12-22 15:25:10', 19, 5, 1821, NULL, NULL),
(1242, '00001', '221220', '152825', 502, '2020-12-22', '15:28:25', '2020-12-22 15:28:25', 18, 3, 1089, NULL, NULL),
(1243, '00001', '221220', '152801', 2563, '2020-12-22', '15:28:01', '2020-12-22 15:28:01', 15, 9, 3285, NULL, NULL),
(1244, '00001', '221220', '152822', 477, '2020-12-22', '15:28:22', '2020-12-22 15:28:22', 15, 1, 357, NULL, NULL),
(1245, '00001', '221220', '153430', 120, '2020-12-22', '15:34:30', '2020-12-22 15:34:30', 16, 7, 2553, NULL, NULL),
(1246, '00001', '221220', '152911', 7844, '2020-12-22', '15:29:11', '2020-12-22 15:29:11', 21, 10, 3651, NULL, NULL),
(1247, '00001', '221220', '153046', 212, '2020-12-22', '15:30:46', '2020-12-22 15:30:46', 17, 12, 4383, NULL, NULL),
(1248, '00001', '221220', '153213', 567, '2020-12-22', '15:32:13', '2020-12-22 15:32:13', 21, 6, 2187, NULL, NULL),
(1249, '00001', '231220', '073327', 2255, '2020-12-23', '07:33:27', '2020-12-23 07:33:27', 19, 11, 4018, NULL, NULL),
(1250, '00001', '231220', '073536', 6952, '2020-12-23', '07:35:36', '2020-12-23 07:35:36', 23, 8, 2920, NULL, NULL),
(1251, '00001', '231220', '073121', 245, '2020-12-23', '07:31:21', '2020-12-23 07:31:21', 16, 2, 724, NULL, NULL),
(1252, '00001', '231220', '072618', 9867, '2020-12-23', '07:26:18', '2020-12-23 07:26:18', 19, 5, 1822, NULL, NULL),
(1253, '00001', '231220', '093550', 315, '2020-12-23', '09:35:50', '2020-12-23 09:35:50', 20, 4, 1456, NULL, NULL),
(1254, '00001', '231220', '073046', 502, '2020-12-23', '07:30:46', '2020-12-23 07:30:46', 18, 3, 1090, NULL, NULL),
(1255, '00001', '231220', '072537', 2563, '2020-12-23', '07:25:37', '2020-12-23 07:25:37', 15, 9, 3286, NULL, NULL),
(1256, '00001', '231220', '072647', 477, '2020-12-23', '07:26:47', '2020-12-23 07:26:47', 15, 1, 358, NULL, NULL),
(1257, '00001', '231220', '103113', 120, '2020-12-23', '10:31:13', '2020-12-23 10:31:13', 16, 7, 2554, NULL, NULL),
(1258, '00001', '231220', '072517', 7844, '2020-12-23', '07:25:17', '2020-12-23 07:25:17', 21, 10, 3652, NULL, NULL),
(1259, '00001', '231220', '073443', 212, '2020-12-23', '07:34:43', '2020-12-23 07:34:43', 17, 12, 4384, NULL, NULL),
(1260, '00001', '231220', '072819', 567, '2020-12-23', '07:28:19', '2020-12-23 07:28:19', 21, 6, 2188, NULL, NULL),
(1261, '00001', '231220', '152635', 2255, '2020-12-23', '15:26:35', '2020-12-23 15:26:35', 19, 11, 4018, NULL, NULL),
(1262, '00001', '231220', '153453', 6952, '2020-12-23', '15:34:53', '2020-12-23 15:34:53', 23, 8, 2920, NULL, NULL),
(1263, '00001', '231220', '152549', 245, '2020-12-23', '15:25:49', '2020-12-23 15:25:49', 16, 2, 724, NULL, NULL),
(1264, '00001', '231220', '152532', 9867, '2020-12-23', '15:25:32', '2020-12-23 15:25:32', 19, 5, 1822, NULL, NULL),
(1265, '00001', '231220', '152501', 315, '2020-12-23', '15:25:01', '2020-12-23 15:25:01', 20, 4, 1456, NULL, NULL),
(1266, '00001', '231220', '152529', 502, '2020-12-23', '15:25:29', '2020-12-23 15:25:29', 18, 3, 1090, NULL, NULL),
(1267, '00001', '231220', '152815', 2563, '2020-12-23', '15:28:15', '2020-12-23 15:28:15', 15, 9, 3286, NULL, NULL),
(1268, '00001', '231220', '152609', 477, '2020-12-23', '15:26:09', '2020-12-23 15:26:09', 15, 1, 358, NULL, NULL),
(1269, '00001', '231220', '153119', 120, '2020-12-23', '15:31:19', '2020-12-23 15:31:19', 16, 7, 2554, NULL, NULL),
(1270, '00001', '231220', '153426', 7844, '2020-12-23', '15:34:26', '2020-12-23 15:34:26', 21, 10, 3652, NULL, NULL),
(1271, '00001', '231220', '152601', 212, '2020-12-23', '15:26:01', '2020-12-23 15:26:01', 17, 12, 4384, NULL, NULL),
(1272, '00001', '231220', '132927', 567, '2020-12-23', '13:29:27', '2020-12-23 13:29:27', 21, 6, 2188, NULL, NULL),
(1273, '00001', '281220', '093403', 2255, '2020-12-28', '09:34:03', '2020-12-28 09:34:03', 19, 11, 4023, NULL, NULL),
(1274, '00001', '281220', '073029', 6952, '2020-12-28', '07:30:29', '2020-12-28 07:30:29', 23, 8, 2925, NULL, NULL),
(1275, '00001', '281220', '073249', 245, '2020-12-28', '07:32:49', '2020-12-28 07:32:49', 16, 2, 729, NULL, NULL),
(1276, '00001', '281220', '073229', 9867, '2020-12-28', '07:32:29', '2020-12-28 07:32:29', 19, 5, 1827, NULL, NULL),
(1277, '00001', '281220', '073217', 315, '2020-12-28', '07:32:17', '2020-12-28 07:32:17', 20, 4, 1461, NULL, NULL),
(1278, '00001', '281220', '072752', 502, '2020-12-28', '07:27:52', '2020-12-28 07:27:52', 18, 3, 1095, NULL, NULL),
(1279, '00001', '281220', '073146', 2563, '2020-12-28', '07:31:46', '2020-12-28 07:31:46', 15, 9, 3291, NULL, NULL),
(1280, '00001', '281220', '072810', 477, '2020-12-28', '07:28:10', '2020-12-28 07:28:10', 15, 1, 363, NULL, NULL),
(1281, '00001', '281220', '072633', 120, '2020-12-28', '07:26:33', '2020-12-28 07:26:33', 16, 7, 2559, NULL, NULL),
(1282, '00001', '281220', '073512', 212, '2020-12-28', '07:35:12', '2020-12-28 07:35:12', 17, 12, 4389, NULL, NULL),
(1283, '00001', '281220', '072944', 567, '2020-12-28', '07:29:44', '2020-12-28 07:29:44', 21, 6, 2193, NULL, NULL),
(1284, '00001', '281220', '153051', 2255, '2020-12-28', '15:30:51', '2020-12-28 15:30:51', 19, 11, 4023, NULL, NULL),
(1285, '00001', '281220', '153059', 6952, '2020-12-28', '15:30:59', '2020-12-28 15:30:59', 23, 8, 2925, NULL, NULL),
(1286, '00001', '281220', '153428', 245, '2020-12-28', '15:34:28', '2020-12-28 15:34:28', 16, 2, 729, NULL, NULL),
(1287, '00001', '281220', '152517', 9867, '2020-12-28', '15:25:17', '2020-12-28 15:25:17', 19, 5, 1827, NULL, NULL),
(1288, '00001', '281220', '152810', 315, '2020-12-28', '15:28:10', '2020-12-28 15:28:10', 20, 4, 1461, NULL, NULL),
(1289, '00001', '281220', '152803', 502, '2020-12-28', '15:28:03', '2020-12-28 15:28:03', 18, 3, 1095, NULL, NULL),
(1290, '00001', '281220', '153007', 2563, '2020-12-28', '15:30:07', '2020-12-28 15:30:07', 15, 9, 3291, NULL, NULL),
(1291, '00001', '281220', '153206', 477, '2020-12-28', '15:32:06', '2020-12-28 15:32:06', 15, 1, 363, NULL, NULL),
(1292, '00001', '281220', '152959', 120, '2020-12-28', '15:29:59', '2020-12-28 15:29:59', 16, 7, 2559, NULL, NULL),
(1293, '00001', '281220', '153447', 212, '2020-12-28', '15:34:47', '2020-12-28 15:34:47', 17, 12, 4389, NULL, NULL),
(1294, '00001', '281220', '153549', 567, '2020-12-28', '15:35:49', '2020-12-28 15:35:49', 21, 6, 2193, NULL, NULL),
(1295, '00001', '291220', '073428', 6952, '2020-12-29', '07:34:28', '2020-12-29 07:34:28', 23, 8, 2926, NULL, NULL),
(1296, '00001', '291220', '073527', 245, '2020-12-29', '07:35:27', '2020-12-29 07:35:27', 16, 2, 730, NULL, NULL),
(1297, '00001', '291220', '072600', 9867, '2020-12-29', '07:26:00', '2020-12-29 07:26:00', 19, 5, 1828, NULL, NULL),
(1298, '00001', '291220', '073418', 315, '2020-12-29', '07:34:18', '2020-12-29 07:34:18', 20, 4, 1462, NULL, NULL),
(1299, '00001', '291220', '073441', 502, '2020-12-29', '07:34:41', '2020-12-29 07:34:41', 18, 3, 1096, NULL, NULL),
(1300, '00001', '291220', '072838', 2563, '2020-12-29', '07:28:38', '2020-12-29 07:28:38', 15, 9, 3292, NULL, NULL),
(1301, '00001', '291220', '073033', 477, '2020-12-29', '07:30:33', '2020-12-29 07:30:33', 15, 1, 364, NULL, NULL),
(1302, '00001', '291220', '073157', 120, '2020-12-29', '07:31:57', '2020-12-29 07:31:57', 16, 7, 2560, NULL, NULL),
(1303, '00001', '291220', '072851', 212, '2020-12-29', '07:28:51', '2020-12-29 07:28:51', 17, 12, 4390, NULL, NULL),
(1304, '00001', '291220', '073327', 567, '2020-12-29', '07:33:27', '2020-12-29 07:33:27', 21, 6, 2194, NULL, NULL),
(1305, '00001', '291220', '083418', 2563, '2020-12-29', '08:34:18', '2020-12-29 08:34:18', 15, 9, 3292, NULL, NULL),
(1306, '00001', '291220', '100225', 2563, '2020-12-29', '10:02:25', '2020-12-29 10:02:25', 15, 9, 3292, NULL, NULL),
(1307, '00001', '291220', '153017', 6952, '2020-12-29', '15:30:17', '2020-12-29 15:30:17', 23, 8, 2926, NULL, NULL),
(1308, '00001', '291220', '153554', 245, '2020-12-29', '15:35:54', '2020-12-29 15:35:54', 16, 2, 730, NULL, NULL),
(1309, '00001', '291220', '153030', 9867, '2020-12-29', '15:30:30', '2020-12-29 15:30:30', 19, 5, 1828, NULL, NULL),
(1310, '00001', '291220', '152757', 315, '2020-12-29', '15:27:57', '2020-12-29 15:27:57', 20, 4, 1462, NULL, NULL),
(1311, '00001', '291220', '152945', 502, '2020-12-29', '15:29:45', '2020-12-29 15:29:45', 18, 3, 1096, NULL, NULL),
(1312, '00001', '291220', '152731', 2563, '2020-12-29', '15:27:31', '2020-12-29 15:27:31', 15, 9, 3292, NULL, NULL),
(1313, '00001', '291220', '153548', 477, '2020-12-29', '15:35:48', '2020-12-29 15:35:48', 15, 1, 364, NULL, NULL),
(1314, '00001', '291220', '152836', 120, '2020-12-29', '15:28:36', '2020-12-29 15:28:36', 16, 7, 2560, NULL, NULL);
INSERT INTO `mar_marcacion` (`id_marcacion`, `distintivo`, `formato_fecha`, `formato_hora`, `pin_empleado`, `fecha`, `hora`, `fecha_hora`, `oficina_id`, `empleado_id`, `emp_calendario_id`, `created_at`, `updated_at`) VALUES
(1315, '00001', '291220', '152629', 7844, '2020-12-29', '15:26:29', '2020-12-29 15:26:29', 21, 10, 3658, NULL, NULL),
(1316, '00001', '291220', '153214', 212, '2020-12-29', '15:32:14', '2020-12-29 15:32:14', 17, 12, 4390, NULL, NULL),
(1317, '00001', '291220', '153046', 567, '2020-12-29', '15:30:46', '2020-12-29 15:30:46', 21, 6, 2194, NULL, NULL),
(1318, '00001', '301220', '072602', 2255, '2020-12-30', '07:26:02', '2020-12-30 07:26:02', 19, 11, 4025, NULL, NULL),
(1319, '00001', '301220', '072721', 6952, '2020-12-30', '07:27:21', '2020-12-30 07:27:21', 23, 8, 2927, NULL, NULL),
(1320, '00001', '301220', '073322', 245, '2020-12-30', '07:33:22', '2020-12-30 07:33:22', 16, 2, 731, NULL, NULL),
(1321, '00001', '301220', '072956', 9867, '2020-12-30', '07:29:56', '2020-12-30 07:29:56', 19, 5, 1829, NULL, NULL),
(1322, '00001', '301220', '073110', 315, '2020-12-30', '07:31:10', '2020-12-30 07:31:10', 20, 4, 1463, NULL, NULL),
(1323, '00001', '301220', '073308', 502, '2020-12-30', '07:33:08', '2020-12-30 07:33:08', 18, 3, 1097, NULL, NULL),
(1324, '00001', '301220', '073030', 2563, '2020-12-30', '07:30:30', '2020-12-30 07:30:30', 15, 9, 3293, NULL, NULL),
(1325, '00001', '301220', '073021', 477, '2020-12-30', '07:30:21', '2020-12-30 07:30:21', 15, 1, 365, NULL, NULL),
(1326, '00001', '301220', '073336', 120, '2020-12-30', '07:33:36', '2020-12-30 07:33:36', 16, 7, 2561, NULL, NULL),
(1327, '00001', '301220', '073022', 7844, '2020-12-30', '07:30:22', '2020-12-30 07:30:22', 21, 10, 3659, NULL, NULL),
(1328, '00001', '301220', '072947', 212, '2020-12-30', '07:29:47', '2020-12-30 07:29:47', 17, 12, 4391, NULL, NULL),
(1329, '00001', '301220', '073117', 567, '2020-12-30', '07:31:17', '2020-12-30 07:31:17', 21, 6, 2195, NULL, NULL),
(1330, '00001', '301220', '152845', 2255, '2020-12-30', '15:28:45', '2020-12-30 15:28:45', 19, 11, 4025, NULL, NULL),
(1331, '00001', '301220', '152612', 6952, '2020-12-30', '15:26:12', '2020-12-30 15:26:12', 23, 8, 2927, NULL, NULL),
(1332, '00001', '301220', '152750', 245, '2020-12-30', '15:27:50', '2020-12-30 15:27:50', 16, 2, 731, NULL, NULL),
(1333, '00001', '301220', '153121', 9867, '2020-12-30', '15:31:21', '2020-12-30 15:31:21', 19, 5, 1829, NULL, NULL),
(1334, '00001', '301220', '152900', 315, '2020-12-30', '15:29:00', '2020-12-30 15:29:00', 20, 4, 1463, NULL, NULL),
(1335, '00001', '301220', '153226', 2563, '2020-12-30', '15:32:26', '2020-12-30 15:32:26', 15, 9, 3293, NULL, NULL),
(1336, '00001', '301220', '153405', 477, '2020-12-30', '15:34:05', '2020-12-30 15:34:05', 15, 1, 365, NULL, NULL),
(1337, '00001', '301220', '152703', 120, '2020-12-30', '15:27:03', '2020-12-30 15:27:03', 16, 7, 2561, NULL, NULL),
(1338, '00001', '301220', '152955', 212, '2020-12-30', '15:29:55', '2020-12-30 15:29:55', 17, 12, 4391, NULL, NULL),
(1339, '00001', '301220', '153040', 567, '2020-12-30', '15:30:40', '2020-12-30 15:30:40', 21, 6, 2195, NULL, NULL);

-- --------------------------------------------------------

--
-- Estructura de tabla para la tabla `mar_meses_horas`
--

CREATE TABLE `mar_meses_horas` (
  `id_meses_horas` bigint(20) UNSIGNED NOT NULL,
  `meses` int(11) NOT NULL,
  `horas` int(11) NOT NULL,
  `created_at` timestamp NULL DEFAULT NULL,
  `updated_at` timestamp NULL DEFAULT NULL
) ENGINE=InnoDB DEFAULT CHARSET=utf8 COLLATE=utf8_spanish2_ci;

--
-- Volcado de datos para la tabla `mar_meses_horas`
--

INSERT INTO `mar_meses_horas` (`id_meses_horas`, `meses`, `horas`, `created_at`, `updated_at`) VALUES
(1, 1, 124, NULL, NULL),
(2, 2, 116, NULL, NULL),
(3, 3, 124, NULL, NULL),
(4, 4, 120, NULL, NULL),
(5, 5, 124, NULL, NULL),
(6, 6, 120, NULL, NULL),
(7, 7, 124, NULL, NULL),
(8, 8, 124, NULL, NULL),
(9, 9, 120, NULL, NULL),
(10, 10, 124, NULL, NULL),
(11, 11, 120, NULL, NULL),
(12, 12, 124, NULL, NULL);

-- --------------------------------------------------------

--
-- Estructura de tabla para la tabla `mar_permiso`
--

CREATE TABLE `mar_permiso` (
  `id_permiso` bigint(20) UNSIGNED NOT NULL,
  `empleado_id` bigint(20) UNSIGNED NOT NULL,
  `tipo_permiso_id` bigint(20) UNSIGNED NOT NULL,
  `motivo_permiso` varchar(50) COLLATE utf8_spanish2_ci DEFAULT NULL,
  `horas_acumuladas` decimal(8,2) NOT NULL,
  `fecha_registro` date NOT NULL,
  `fecha_inicio` date NOT NULL,
  `fecha_fin` date NOT NULL,
  `hora_inicio` time NOT NULL,
  `hora_fin` time NOT NULL,
  `estado` tinyint(1) NOT NULL,
  `created_at` timestamp NULL DEFAULT NULL,
  `updated_at` timestamp NULL DEFAULT NULL
) ENGINE=InnoDB DEFAULT CHARSET=utf8 COLLATE=utf8_spanish2_ci;

--
-- Volcado de datos para la tabla `mar_permiso`
--

INSERT INTO `mar_permiso` (`id_permiso`, `empleado_id`, `tipo_permiso_id`, `motivo_permiso`, `horas_acumuladas`, `fecha_registro`, `fecha_inicio`, `fecha_fin`, `hora_inicio`, `hora_fin`, `estado`, `created_at`, `updated_at`) VALUES
(1, 1, 21, 'Personal', '24.00', '2021-02-03', '2021-01-12', '2021-01-14', '07:30:00', '15:30:00', 1, '2021-02-03 14:29:26', '2021-02-03 14:29:26'),
(2, 2, 21, 'Familiar', '8.00', '2021-02-03', '2021-01-05', '2021-01-05', '07:30:00', '15:30:00', 1, '2021-02-03 14:30:04', '2021-02-03 14:30:04'),
(3, 9, 21, 'Consulta', '5.00', '2021-02-03', '2021-01-18', '2021-01-18', '07:30:00', '12:30:00', 1, '2021-02-03 14:33:54', '2021-02-03 14:33:54'),
(4, 5, 21, 'Personal', '16.00', '2021-02-03', '2021-01-26', '2021-01-27', '07:30:00', '15:30:00', 1, '2021-02-03 14:34:56', '2021-02-03 14:34:56'),
(5, 5, 12, 'Permiso', '8.00', '2021-02-03', '2021-01-20', '2021-01-20', '07:30:00', '15:30:00', 1, '2021-02-03 14:35:40', '2021-02-03 14:35:40'),
(6, 5, 18, 'Permiso familiar', '8.00', '2021-02-03', '2021-01-06', '2021-01-06', '07:30:00', '15:30:00', 1, '2021-02-03 14:36:14', '2021-02-03 14:36:14'),
(7, 7, 21, 'Personal', '32.00', '2021-02-03', '2021-01-25', '2021-01-28', '07:30:00', '15:30:00', 1, '2021-02-03 14:37:04', '2021-02-03 14:37:04'),
(8, 7, 18, 'Permiso', '4.50', '2021-02-03', '2021-01-13', '2021-01-13', '07:30:00', '12:00:00', 1, '2021-02-03 14:37:34', '2021-02-03 14:37:34'),
(9, 10, 21, 'permiso', '2.50', '2021-02-03', '2021-01-26', '2021-01-26', '13:00:00', '15:30:00', 1, '2021-02-03 14:38:23', '2021-02-03 14:38:23'),
(10, 11, 21, 'Permiso', '8.00', '2021-02-03', '2021-01-12', '2021-01-12', '07:30:00', '15:30:00', 1, '2021-02-03 14:39:00', '2021-02-03 14:39:00'),
(11, 3, 21, 'Permiso', '8.00', '2021-02-03', '2021-02-01', '2021-02-01', '07:30:00', '15:30:00', 1, '2021-02-03 14:47:28', '2021-02-03 14:47:28'),
(12, 12, 21, 'Permiso', '8.00', '2021-02-03', '2021-02-02', '2021-02-02', '07:30:00', '15:30:00', 1, '2021-02-03 14:49:27', '2021-02-03 14:49:27'),
(13, 12, 21, 'Permiso', '5.00', '2021-02-03', '2021-01-20', '2021-01-20', '07:30:00', '12:30:00', 1, '2021-02-03 14:49:55', '2021-02-03 14:49:55'),
(14, 12, 21, 'Persmiso', '1.50', '2021-02-03', '2021-01-19', '2021-01-19', '07:30:00', '09:00:00', 1, '2021-02-03 14:50:33', '2021-02-03 14:50:33'),
(15, 3, 18, 'Permiso', '2.00', '2021-02-03', '2021-01-04', '2021-01-04', '13:30:00', '15:30:00', 1, '2021-02-03 23:28:08', '2021-02-03 23:36:16');

-- --------------------------------------------------------

--
-- Estructura de tabla para la tabla `mar_permiso_detalle`
--

CREATE TABLE `mar_permiso_detalle` (
  `id_permiso_detalle` bigint(20) UNSIGNED NOT NULL,
  `permiso_id` bigint(20) UNSIGNED NOT NULL,
  `fecha_permiso` date NOT NULL,
  `hora_inicio` time NOT NULL,
  `hora_fin` time NOT NULL,
  `horas_acumuladas` decimal(8,4) NOT NULL,
  `emp_calendario_id` bigint(20) UNSIGNED NOT NULL,
  `created_at` timestamp NULL DEFAULT NULL,
  `updated_at` timestamp NULL DEFAULT NULL
) ENGINE=InnoDB DEFAULT CHARSET=utf8 COLLATE=utf8_spanish2_ci;

--
-- Volcado de datos para la tabla `mar_permiso_detalle`
--

INSERT INTO `mar_permiso_detalle` (`id_permiso_detalle`, `permiso_id`, `fecha_permiso`, `hora_inicio`, `hora_fin`, `horas_acumuladas`, `emp_calendario_id`, `created_at`, `updated_at`) VALUES
(1, 1, '2021-01-12', '07:30:00', '15:30:00', '8.0000', 4404, '2021-02-03 14:29:26', '2021-02-03 14:29:26'),
(2, 1, '2021-01-13', '07:30:00', '15:30:00', '8.0000', 4405, '2021-02-03 14:29:26', '2021-02-03 14:29:26'),
(3, 1, '2021-01-14', '07:30:00', '15:30:00', '8.0000', 4406, '2021-02-03 14:29:26', '2021-02-03 14:29:26'),
(4, 2, '2021-01-05', '07:30:00', '15:30:00', '8.0000', 4762, '2021-02-03 14:30:04', '2021-02-03 14:30:04'),
(5, 3, '2021-01-18', '07:30:00', '12:30:00', '5.0000', 7330, '2021-02-03 14:33:54', '2021-02-03 14:33:54'),
(6, 4, '2021-01-26', '07:30:00', '15:30:00', '8.0000', 5878, '2021-02-03 14:34:56', '2021-02-03 14:34:56'),
(7, 4, '2021-01-27', '07:30:00', '15:30:00', '8.0000', 5879, '2021-02-03 14:34:56', '2021-02-03 14:34:56'),
(8, 5, '2021-01-20', '07:30:00', '15:30:00', '8.0000', 5872, '2021-02-03 14:35:40', '2021-02-03 14:35:40'),
(9, 6, '2021-01-06', '07:30:00', '15:30:00', '8.0000', 5858, '2021-02-03 14:36:14', '2021-02-03 14:36:14'),
(10, 7, '2021-01-25', '07:30:00', '15:30:00', '8.0000', 6607, '2021-02-03 14:37:04', '2021-02-03 14:37:04'),
(11, 7, '2021-01-26', '07:30:00', '15:30:00', '8.0000', 6608, '2021-02-03 14:37:04', '2021-02-03 14:37:04'),
(12, 7, '2021-01-27', '07:30:00', '15:30:00', '8.0000', 6609, '2021-02-03 14:37:04', '2021-02-03 14:37:04'),
(13, 7, '2021-01-28', '07:30:00', '15:30:00', '8.0000', 6610, '2021-02-03 14:37:04', '2021-02-03 14:37:04'),
(14, 8, '2021-01-13', '07:30:00', '12:00:00', '4.5000', 6595, '2021-02-03 14:37:34', '2021-02-03 14:37:34'),
(15, 9, '2021-01-26', '13:00:00', '15:30:00', '2.5000', 7703, '2021-02-03 14:38:23', '2021-02-03 14:38:23'),
(16, 10, '2021-01-12', '07:30:00', '15:30:00', '8.0000', 8054, '2021-02-03 14:39:00', '2021-02-03 14:39:00'),
(17, 11, '2021-02-01', '07:30:00', '15:30:00', '8.0000', 5154, '2021-02-03 14:47:28', '2021-02-03 14:47:28'),
(18, 12, '2021-02-02', '07:30:00', '15:30:00', '8.0000', 8440, '2021-02-03 14:49:27', '2021-02-03 14:49:27'),
(19, 13, '2021-01-20', '07:30:00', '12:30:00', '5.0000', 8427, '2021-02-03 14:49:55', '2021-02-03 14:49:55'),
(20, 14, '2021-01-19', '07:30:00', '09:00:00', '1.5000', 8426, '2021-02-03 14:50:33', '2021-02-03 14:50:33'),
(21, 15, '2021-01-04', '13:30:00', '15:30:00', '2.0000', 5126, '2021-02-03 23:28:08', '2021-02-03 23:28:08');

-- --------------------------------------------------------

--
-- Estructura de tabla para la tabla `mar_tipo_permiso`
--

CREATE TABLE `mar_tipo_permiso` (
  `id_tipo_permiso` bigint(20) UNSIGNED NOT NULL,
  `codigo_permiso` varchar(4) COLLATE utf8_spanish2_ci NOT NULL,
  `descripcion` varchar(500) COLLATE utf8_spanish2_ci NOT NULL,
  `numero_horas` decimal(8,2) NOT NULL,
  `estado` tinyint(1) NOT NULL,
  `created_at` timestamp NULL DEFAULT NULL,
  `updated_at` timestamp NULL DEFAULT NULL
) ENGINE=InnoDB DEFAULT CHARSET=utf8 COLLATE=utf8_spanish2_ci;

--
-- Volcado de datos para la tabla `mar_tipo_permiso`
--

INSERT INTO `mar_tipo_permiso` (`id_tipo_permiso`, `codigo_permiso`, `descripcion`, `numero_horas`, `estado`, `created_at`, `updated_at`) VALUES
(8, '10', 'Licencia por Maternidad', '896.00', 1, NULL, '2021-02-01 22:10:59'),
(9, '62', 'LICENCIA POR PATERNIDAD', '24.00', 1, NULL, '2021-02-01 21:56:44'),
(11, '12', 'Licencia por Enfermedad sin Goce de Sueldo', '1440.00', 1, '2020-10-27 16:20:25', '2021-02-01 22:11:48'),
(12, '20', 'Permisos Personales con Goce de Sueldo', '60.00', 1, '2020-10-27 17:12:18', '2021-02-01 21:56:09'),
(13, '03', 'LICENCIA POR ENFERMEDAD (1 año y menos de 4)', '480.00', 1, '2020-11-21 16:12:15', '2021-02-01 21:48:41'),
(14, '01', 'Permisos o Licencias por Enfermedad 100%', '960.00', 1, '2021-02-01 21:47:46', '2021-02-01 21:47:46'),
(15, '02', 'Permisos o Licencias por Enfermedad (4 años y menos de 6)', '720.00', 1, '2021-02-01 21:51:38', '2021-02-01 21:51:38'),
(16, '04', 'Permisos o Licencias por Enfermedad (menos 1 año) Hombre', '248.00', 1, '2021-02-01 21:52:56', '2021-02-01 21:52:56'),
(17, '05', 'Permisos o Licencias por Enfermedad (menos 1 año) Mujer', '320.00', 1, '2021-02-01 21:53:32', '2021-02-01 21:53:32'),
(18, '22', 'Permisos o Licencias Familiares', '160.00', 1, '2021-02-01 21:57:16', '2021-02-01 21:57:16'),
(19, '23', 'Permisos Oficiales', '2920.00', 1, '2021-02-01 21:57:41', '2021-02-01 21:57:41'),
(20, '25', 'Permisos Sindicales', '2920.00', 1, '2021-02-01 21:58:10', '2021-02-01 21:58:10'),
(21, '27', 'Permisos Personales sin Goce de Sueldo', '480.00', 1, '2021-02-01 22:08:36', '2021-02-01 22:08:36'),
(22, '28', 'Permisos por Contraer Matrimonio', '40.00', 1, '2021-02-01 22:09:02', '2021-02-01 22:09:02'),
(23, '24', 'Permisos por Estudios Universitarios', '1.00', 1, '2021-02-01 22:09:36', '2021-02-01 22:09:36'),
(24, '61', 'Permiso por Lactancia Materna', '1.00', 1, '2021-02-01 22:10:27', '2021-02-01 22:10:27');

-- --------------------------------------------------------

--
-- Estructura de tabla para la tabla `migrations`
--

CREATE TABLE `migrations` (
  `id` int(10) UNSIGNED NOT NULL,
  `migration` varchar(255) COLLATE utf8_spanish2_ci NOT NULL,
  `batch` int(11) NOT NULL
) ENGINE=InnoDB DEFAULT CHARSET=utf8 COLLATE=utf8_spanish2_ci;

--
-- Volcado de datos para la tabla `migrations`
--

INSERT INTO `migrations` (`id`, `migration`, `batch`) VALUES
(1, '2014_10_12_000000_create_users_table', 1),
(2, '2014_10_12_100000_create_password_resets_table', 1),
(3, '2020_07_10_061100_create_permission_tables', 1),
(4, '2020_07_22_233953_crear_tabla_banco', 1),
(5, '2020_07_22_234110_crear_tabla_cargo', 1),
(6, '2020_07_22_234219_crear_tabla_cargo_hacienda', 1),
(7, '2020_07_22_234239_crear_tabla_cargo_mp', 1),
(8, '2020_07_22_234300_crear_tabla_cargo_departamento', 1),
(9, '2020_07_22_234536_crear_tabla_estado_civil', 1),
(10, '2020_07_22_234652_crear_tabla_municipio', 1),
(11, '2020_07_22_234718_crear_tabla_nivel_academico', 1),
(12, '2020_07_22_234749_crear_tabla_oficina', 1),
(13, '2020_07_22_234856_crear_tabla_tipo_plaza', 1),
(14, '2020_07_22_235055_crear_tabla_unidad_administrativa', 1),
(15, '2020_07_23_004408_agregar_llave_foranea_tabla_oficina', 1),
(16, '2020_07_23_042936_crear_tabla_empleado', 1),
(17, '2020_07_23_052509_crear_tabla_historial', 1),
(18, '2020_07_24_063952_agregar_tabla_estado_nivel_academico', 1),
(19, '2020_07_24_075852_agregar_tabla_unidad_administrativa', 1),
(20, '2020_07_24_075930_agregar_tabla_oficina', 1),
(21, '2020_07_25_012515_agregar_tabla_tipo_plaza', 1),
(22, '2020_07_28_014633_agregar_tabla_empleado_tipo_documento', 1),
(23, '2020_07_28_052935_agregar_tabla_empleado_correo', 1),
(24, '2020_07_29_061752_agregar_tabla_usuario_foranea', 1),
(25, '2020_07_31_034411_agregar_tabla_documento', 1),
(26, '2020_08_01_061244_agregar_nombre_documento', 1),
(27, '2020_08_01_150134_agregar_tabla_documentos', 1),
(28, '2020_08_02_202225_agregar_tabla_historial_correo', 1),
(29, '2020_08_04_053210_agregar_columna_telefono_oficina', 1),
(30, '2020_08_28_024451_agregar_fecha_traslado', 1),
(31, '2020_09_08_011951_create_asueto_table', 1),
(32, '2020_09_13_044108_agregar_tabla_marcaciones', 1),
(33, '2020_09_13_233956_agregar_tabla_historial_marcaciones', 1),
(34, '2020_09_20_212248_add_table_mar_calendario', 1),
(35, '2020_09_24_033656_modificar_tabla_marcacion', 1),
(36, '2020_09_25_044631_modificar_tabla_marcacion_oficina', 1),
(37, '2020_09_25_053640_modificar_agregar_relacion_empleado', 1),
(38, '2020_10_04_061330_agregar_columna_fecha_hora', 1),
(39, '2020_10_10_070547_crear_table_calendario_marc', 1),
(40, '2020_10_22_012852_create_tipo_permiso_table', 1),
(41, '2020_10_22_013759_create_mar_permiso_table', 1),
(42, '2020_10_22_025143_agregar_columna_motivo_permiso', 1),
(43, '2020_10_27_053734_agregar_estado_tipopermiso', 1),
(44, '2020_10_30_004014_crear_tabla_centro', 1),
(45, '2020_10_30_014012_agregar_columna_estado', 1),
(46, '2020_10_30_014902_agregar_colunma_centro_oficina', 1),
(47, '2020_10_30_032926_agregar_colunma_abreviatura', 1),
(48, '2020_10_31_010703_add_table_horas_extras', 1),
(49, '2020_11_02_035759_crear_tabla_meses_horas', 1),
(50, '2020_11_02_040236_agregar_columnas', 1),
(51, '2020_11_02_210210_agregar_columna_id_calendario', 1),
(52, '2020_11_08_032906_agregar_columna_calendario_asueto', 1),
(53, '2020_11_14_212814_add_tabla_detalle_permiso', 1),
(54, '2020_11_15_000737_agregar_columna_hora_permiso', 1),
(55, '2020_11_24_014510_agregar_tabla_actividad', 1),
(56, '2020_11_24_014542_agregar_tabla_lugar_mision', 1),
(57, '2020_11_24_014642_agregar_tabla_forma_pago', 1),
(58, '2020_11_24_014816_agregar_tabla_tipo_programacion', 1),
(59, '2020_11_24_014905_agregar_tabla_tipo_viatico', 1),
(60, '2020_11_27_040612_modificar_tabla_lugar_mision', 1),
(61, '2020_11_27_041325_agregar_tabla_programacion', 1),
(62, '2020_11_27_041556_agregar_tabla_programacion_detalle', 1),
(63, '2020_11_30_012543_agregar_tabla_pivote_usuario_oficina', 1),
(64, '2020_12_08_025652_agregar_tabla_viatico', 1),
(65, '2020_12_08_030441_agregar_columna_centro', 1),
(66, '2020_12_08_030749_agregar_columna_foranea_programacion', 1),
(67, '2020_12_08_031802_agregar_columna_fechas', 1),
(68, '2020_12_08_032814_agregar_columna_pago_viatico', 1),
(69, '2020_12_08_032833_agregar_columna_pago_viaticos', 1),
(70, '2020_12_10_032653_agregar_columna_centro_activo', 1),
(71, '2020_12_15_021534_agregar_columna_empleado_guardado', 1),
(72, '2020_12_15_023114_agregar_columna_historial_guardado', 1),
(73, '2020_12_19_164252_agregar_tabla_periodo_pago', 1),
(74, '2020_12_19_172236_agregar_columna_fecha_liquidar', 1),
(75, '2020_12_19_173733_agregar_columna_numero_mes', 1),
(76, '2020_12_20_050534_agregar_usuario_programacion', 1),
(77, '2020_12_20_235032_agregar_columna_fecha_cheque', 1),
(78, '2020_12_23_023622_agregar_columna_asueto_finsemana', 1),
(79, '2020_12_23_032251_agregar_columna_fecha_registro', 1),
(80, '2020_12_23_032702_agregar_columnas_remesa', 1),
(81, '2021_01_12_031248_agregar_columna_fecha_viatico', 2),
(82, '2021_03_16_015033_agregar_columna_estado_historial', 3);

-- --------------------------------------------------------

--
-- Estructura de tabla para la tabla `model_has_permissions`
--

CREATE TABLE `model_has_permissions` (
  `permission_id` bigint(20) UNSIGNED NOT NULL,
  `model_type` varchar(255) COLLATE utf8_spanish2_ci NOT NULL,
  `model_id` bigint(20) UNSIGNED NOT NULL
) ENGINE=InnoDB DEFAULT CHARSET=utf8 COLLATE=utf8_spanish2_ci;

-- --------------------------------------------------------

--
-- Estructura de tabla para la tabla `model_has_roles`
--

CREATE TABLE `model_has_roles` (
  `role_id` bigint(20) UNSIGNED NOT NULL,
  `model_type` varchar(255) COLLATE utf8_spanish2_ci NOT NULL,
  `model_id` bigint(20) UNSIGNED NOT NULL
) ENGINE=InnoDB DEFAULT CHARSET=utf8 COLLATE=utf8_spanish2_ci;

--
-- Volcado de datos para la tabla `model_has_roles`
--

INSERT INTO `model_has_roles` (`role_id`, `model_type`, `model_id`) VALUES
(1, 'App\\Modelos\\Administracion\\Usuario', 1),
(1, 'App\\Modelos\\Administracion\\Usuario', 15),
(3, 'App\\Modelos\\Administracion\\Usuario', 1),
(7, 'App\\Modelos\\Administracion\\Usuario', 2),
(10, 'App\\Modelos\\Administracion\\Usuario', 3),
(12, 'App\\Modelos\\Administracion\\Usuario', 4),
(15, 'App\\Modelos\\Administracion\\Usuario', 5),
(15, 'App\\Modelos\\Administracion\\Usuario', 6),
(15, 'App\\Modelos\\Administracion\\Usuario', 7),
(15, 'App\\Modelos\\Administracion\\Usuario', 8),
(15, 'App\\Modelos\\Administracion\\Usuario', 9),
(16, 'App\\Modelos\\Administracion\\Usuario', 12),
(17, 'App\\Modelos\\Administracion\\Usuario', 11),
(18, 'App\\Modelos\\Administracion\\Usuario', 10),
(18, 'App\\Modelos\\Administracion\\Usuario', 14),
(21, 'App\\Modelos\\Administracion\\Usuario', 13),
(22, 'App\\Modelos\\Administracion\\Usuario', 1),
(23, 'App\\Modelos\\Administracion\\Usuario', 1),
(25, 'App\\Modelos\\Administracion\\Usuario', 1),
(26, 'App\\Modelos\\Administracion\\Usuario', 1),
(27, 'App\\Modelos\\Administracion\\Usuario', 1);

-- --------------------------------------------------------

--
-- Estructura de tabla para la tabla `password_resets`
--

CREATE TABLE `password_resets` (
  `email` varchar(255) COLLATE utf8_spanish2_ci NOT NULL,
  `token` varchar(255) COLLATE utf8_spanish2_ci NOT NULL,
  `created_at` timestamp NULL DEFAULT NULL
) ENGINE=InnoDB DEFAULT CHARSET=utf8 COLLATE=utf8_spanish2_ci;

-- --------------------------------------------------------

--
-- Estructura Stand-in para la vista `permiso_sin_goce_sueldo_vw`
-- (Véase abajo para la vista actual)
--
CREATE TABLE `permiso_sin_goce_sueldo_vw` (
`mes` int(2)
,`anio` int(4)
,`fecha_permiso` date
,`id_empleado` bigint(20) unsigned
,`codigo_empleado` char(7)
,`nombre` varchar(80)
,`apellido` varchar(80)
,`salario_actual` decimal(8,2)
,`tipo_plaza` varchar(50)
,`horas_acumuladas` decimal(8,4)
,`id_permiso` bigint(20) unsigned
,`codigo_permiso` varchar(4)
);

-- --------------------------------------------------------

--
-- Estructura de tabla para la tabla `permissions`
--

CREATE TABLE `permissions` (
  `id` bigint(20) UNSIGNED NOT NULL,
  `name` varchar(255) COLLATE utf8_spanish2_ci NOT NULL,
  `guard_name` varchar(255) COLLATE utf8_spanish2_ci NOT NULL,
  `created_at` timestamp NULL DEFAULT NULL,
  `updated_at` timestamp NULL DEFAULT NULL
) ENGINE=InnoDB DEFAULT CHARSET=utf8 COLLATE=utf8_spanish2_ci;

--
-- Volcado de datos para la tabla `permissions`
--

INSERT INTO `permissions` (`id`, `name`, `guard_name`, `created_at`, `updated_at`) VALUES
(1, 'crear.permisos', 'web', '2020-07-29 17:38:22', '2020-07-29 17:38:22'),
(2, 'editar.permisos', 'web', '2020-07-29 17:38:35', '2020-07-29 17:38:35'),
(3, 'consultar.permisos', 'web', '2020-07-29 17:39:04', '2020-07-29 17:39:04'),
(4, 'eliminar.permisos', 'web', '2020-07-29 17:39:19', '2020-07-29 17:39:19'),
(5, 'crear.roles', 'web', '2020-07-29 17:40:27', '2020-07-29 17:40:27'),
(6, 'editar.roles', 'web', '2020-07-29 17:40:38', '2020-07-29 17:40:38'),
(7, 'consultar.roles', 'web', '2020-07-29 17:41:22', '2020-07-29 17:41:22'),
(8, 'eliminar.roles', 'web', '2020-07-29 17:41:33', '2020-07-29 17:41:33'),
(9, 'crear.usuarios', 'web', '2020-07-29 17:41:43', '2020-07-29 17:41:43'),
(10, 'editar.usuarios', 'web', '2020-07-29 17:43:02', '2020-07-29 17:43:02'),
(11, 'consultar.usuarios', 'web', '2020-07-29 17:43:12', '2020-07-29 17:43:12'),
(12, 'eliminar.usuarios', 'web', '2020-07-29 17:44:28', '2020-07-29 17:44:28'),
(53, 'resetear.password', 'web', '2020-07-29 17:59:20', '2020-07-29 17:59:20'),
(54, 'crear.empleados', 'web', '2020-07-29 18:46:42', '2020-07-29 18:46:42'),
(55, 'editar.empleados', 'web', '2020-07-29 18:46:49', '2020-07-29 18:46:49'),
(56, 'consultar.empleados', 'web', '2020-07-29 18:46:54', '2020-07-29 18:46:54'),
(57, 'eliminar.empleados', 'web', '2020-07-29 18:47:04', '2020-07-29 18:47:04'),
(58, 'habilitar.empleados', 'web', '2020-07-29 18:47:11', '2020-07-29 18:47:11'),
(61, 'habilitar.usuarios', 'web', '2020-08-11 12:37:18', '2020-08-11 12:37:18'),
(62, 'crear.traslados', 'web', '2020-08-11 12:37:43', '2020-08-11 12:37:43'),
(63, 'consultar.traslados', 'web', '2020-08-11 12:37:54', '2020-08-11 12:37:54'),
(64, 'consultar.reportes', 'web', '2020-08-11 12:38:15', '2020-08-11 12:38:15'),
(65, 'agregar.documentos', 'web', '2020-08-11 12:40:46', '2020-08-11 12:40:46'),
(66, 'reemplazar.documentos', 'web', '2020-08-11 12:40:58', '2020-08-11 12:40:58'),
(67, 'consultar.documentos', 'web', '2020-08-11 12:48:55', '2020-08-11 12:48:55'),
(69, 'eliminar.documentos', 'web', '2020-08-17 19:27:25', '2020-08-17 19:27:25'),
(70, 'crear.catalogos', 'web', '2020-08-17 22:10:40', '2020-08-17 22:10:40'),
(71, 'editar.catalogos', 'web', '2020-08-17 22:11:07', '2020-08-17 22:11:07'),
(72, 'consultar.catalogos', 'web', '2020-08-17 22:11:23', '2020-08-17 22:11:23'),
(73, 'eliminar.catalogos', 'web', '2020-08-17 22:11:41', '2020-08-17 22:11:41'),
(74, 'habilitar.catalogos', 'web', '2020-08-17 22:11:58', '2020-08-17 22:13:34'),
(76, 'crear.asuetos', 'web', '2020-11-10 15:42:33', '2020-11-10 15:42:33'),
(77, 'editar.asuetos', 'web', '2020-11-10 15:42:41', '2020-11-10 15:42:41'),
(78, 'cargar.asuetos', 'web', '2020-11-10 15:42:52', '2020-11-10 15:42:52'),
(79, 'consultar.asuetos', 'web', '2020-11-10 15:43:02', '2020-11-10 15:43:02'),
(80, 'eliminar.asuetos', 'web', '2020-11-10 15:43:19', '2020-11-10 15:43:19'),
(81, 'listar.historial', 'web', '2020-11-10 15:43:30', '2020-11-10 15:43:30'),
(87, 'crear.permisos.empleado', 'web', '2020-11-10 15:44:42', '2020-11-10 15:44:42'),
(88, 'editar.permisos.empleado', 'web', '2020-11-10 15:44:49', '2020-11-10 15:44:49'),
(89, 'consultar.permisos.empleado', 'web', '2020-11-10 15:44:58', '2020-11-10 15:44:58'),
(90, 'eliminar.permisos.empleado', 'web', '2020-11-10 15:45:25', '2020-11-10 15:45:25'),
(91, 'habilitar.permisos.empleado', 'web', '2020-11-10 15:45:46', '2020-11-10 15:45:46'),
(92, 'buscar.permisos.empleado', 'web', '2020-11-10 15:46:02', '2020-11-10 15:46:02'),
(93, 'crear.horas.extras', 'web', '2020-11-10 15:46:47', '2020-11-10 15:46:47'),
(94, 'editar.horas.extras', 'web', '2020-11-10 15:46:54', '2020-11-10 15:46:54'),
(95, 'eliminar.horas.extras', 'web', '2020-11-10 15:47:03', '2020-11-10 15:47:03'),
(96, 'consultar.horas.extras', 'web', '2020-11-10 15:47:11', '2020-11-10 15:47:11'),
(97, 'reporte.horas.extras', 'web', '2020-11-10 15:47:19', '2020-11-10 15:47:19'),
(98, 'consultar.marcaciones', 'web', '2020-11-10 15:48:06', '2020-11-10 15:48:06'),
(99, 'reporte.marcaciones', 'web', '2020-11-10 15:48:19', '2020-11-10 15:48:19'),
(100, 'crear.viaticos', 'web', '2020-11-30 12:42:54', '2020-11-30 12:42:54'),
(102, 'editar.liquidacion', 'web', '2020-12-21 15:14:18', '2021-01-19 09:18:13'),
(104, 'reporte.liquidacion', 'web', '2020-12-21 15:14:45', '2021-01-19 09:18:26'),
(105, 'asignar.centro', 'web', '2020-12-22 14:28:44', '2020-12-22 14:28:44'),
(106, 'programar.centro', 'web', '2020-12-22 14:28:58', '2020-12-22 14:28:58'),
(107, 'activar.centro', 'web', '2020-12-22 14:29:10', '2020-12-22 14:29:10'),
(108, 'desactivar.centro', 'web', '2020-12-22 14:29:25', '2020-12-22 14:29:25'),
(109, 'crear.liquidacion', 'web', '2020-12-22 14:30:58', '2020-12-22 14:30:58'),
(110, 'consultar.liquidacion', 'web', '2020-12-22 14:31:16', '2020-12-22 14:31:16'),
(111, 'buscar.liquidacion', 'web', '2020-12-22 14:31:29', '2020-12-22 14:31:29'),
(112, 'eliminar.periodo', 'web', '2020-12-22 14:31:52', '2020-12-22 14:31:52'),
(113, 'habilitar.periodo', 'web', '2020-12-22 14:32:03', '2020-12-22 14:32:03'),
(114, 'crear.periodo', 'web', '2020-12-22 14:32:12', '2020-12-22 14:32:12'),
(115, 'consultar.periodo', 'web', '2020-12-22 14:32:21', '2020-12-22 14:32:21'),
(116, 'editar.programacion', 'web', '2020-12-22 14:32:51', '2020-12-22 14:32:51'),
(117, 'eliminar.programacion', 'web', '2020-12-22 14:33:02', '2020-12-22 14:33:02'),
(118, 'habilitar.programacion', 'web', '2020-12-22 14:33:16', '2020-12-22 14:33:16'),
(119, 'crear.programacion', 'web', '2020-12-22 14:33:27', '2020-12-22 14:33:27'),
(120, 'consultar.programacion', 'web', '2020-12-22 14:33:38', '2020-12-22 14:33:38'),
(121, 'generar.cco', 'web', '2020-12-22 14:33:50', '2020-12-22 14:33:50'),
(122, 'buscar.programacion', 'web', '2020-12-22 14:33:59', '2020-12-22 14:33:59'),
(123, 'buscar.informe', 'web', '2020-12-22 14:34:50', '2020-12-22 14:34:50'),
(124, 'listar.informe', 'web', '2020-12-22 14:35:00', '2020-12-22 14:35:00'),
(125, 'habilitar.viatico', 'web', '2020-12-22 14:35:09', '2020-12-22 14:35:09'),
(126, 'crear.viatico', 'web', '2020-12-22 14:35:24', '2020-12-22 14:35:24'),
(127, 'consultar.viatico', 'web', '2020-12-22 14:35:34', '2020-12-22 14:35:34'),
(128, 'reporte.permiso.empleado', 'web', '2021-02-21 09:53:33', '2021-02-21 09:53:33');

-- --------------------------------------------------------

--
-- Estructura Stand-in para la vista `reporte_unidad_vw`
-- (Véase abajo para la vista actual)
--
CREATE TABLE `reporte_unidad_vw` (
`nombre` varchar(80)
,`apellido` varchar(80)
,`unidad_administrativa` varchar(255)
,`cargo_mp` varchar(100)
);

-- --------------------------------------------------------

--
-- Estructura de tabla para la tabla `roles`
--

CREATE TABLE `roles` (
  `id` bigint(20) UNSIGNED NOT NULL,
  `name` varchar(255) COLLATE utf8_spanish2_ci NOT NULL,
  `guard_name` varchar(255) COLLATE utf8_spanish2_ci NOT NULL,
  `created_at` timestamp NULL DEFAULT NULL,
  `updated_at` timestamp NULL DEFAULT NULL
) ENGINE=InnoDB DEFAULT CHARSET=utf8 COLLATE=utf8_spanish2_ci;

--
-- Volcado de datos para la tabla `roles`
--

INSERT INTO `roles` (`id`, `name`, `guard_name`, `created_at`, `updated_at`) VALUES
(1, 'Administrador', 'web', '2020-07-29 23:57:21', '2020-07-29 23:57:21'),
(2, 'Gestor de Usuarios', 'web', '2020-07-29 23:57:52', '2020-07-29 23:57:52'),
(3, 'Gestor de Empleados', 'web', '2020-07-29 23:59:02', '2020-07-29 23:59:02'),
(4, 'Gestor de Claves', 'web', '2020-07-29 23:59:36', '2020-07-29 23:59:36'),
(5, 'Consultor de Empleados', 'web', '2020-08-11 18:39:28', '2020-08-11 18:39:28'),
(6, 'Generar Reporte Empleados', 'web', '2020-08-11 18:39:51', '2020-08-11 18:39:51'),
(7, 'Gestor de Marcaciones', 'web', '2020-11-10 15:51:12', '2020-11-10 15:51:12'),
(8, 'Consultar de Marcaciones', 'web', '2020-11-10 15:51:55', '2020-11-10 15:51:55'),
(9, 'Generar Reporte Marcaciones', 'web', '2020-11-10 15:52:45', '2020-11-10 15:52:45'),
(10, 'Gestor de Permisos', 'web', '2020-11-10 15:54:28', '2021-02-21 09:58:29'),
(11, 'Consultor de Permisos', 'web', '2020-11-10 15:55:55', '2020-11-10 15:55:55'),
(12, 'Gestor de Horas Extras', 'web', '2020-11-10 15:56:44', '2020-11-10 15:56:44'),
(13, 'Consultor de Horas Extras', 'web', '2020-11-10 15:57:31', '2020-11-10 15:57:31'),
(14, 'Generar Reporte Horas Extras', 'web', '2020-11-10 15:58:05', '2020-11-10 15:58:05'),
(15, 'Secretaria', 'web', '2020-11-30 12:44:34', '2020-11-30 12:44:34'),
(16, 'Gestor de Caja Chica', 'web', '2020-12-21 15:15:35', '2020-12-21 15:15:35'),
(17, 'Gestor de Fondo Circulante', 'web', '2020-12-21 15:16:22', '2020-12-21 15:16:22'),
(18, 'Gestor de Recursos Humanos', 'web', '2020-12-21 15:18:07', '2020-12-21 15:18:07'),
(21, 'Administrador Regional', 'web', '2020-12-29 11:01:14', '2021-01-13 08:52:34'),
(22, 'Administrador Marcaciones', 'web', '2021-02-21 09:25:29', '2021-02-21 09:25:29'),
(23, 'Administrador Permisos', 'web', '2021-02-21 09:34:09', '2021-02-21 09:34:09'),
(24, 'Generador Reporte Permisos', 'web', '2021-02-21 09:54:52', '2021-02-21 09:58:11'),
(25, 'Administrador Horas Extras', 'web', '2021-02-21 09:59:55', '2021-02-21 09:59:55'),
(26, 'Administrador Viáticos', 'web', '2021-02-21 10:03:17', '2021-02-21 10:03:17'),
(27, 'Administrador Liquidaciones', 'web', '2021-02-21 10:07:08', '2021-02-21 10:07:08');

-- --------------------------------------------------------

--
-- Estructura de tabla para la tabla `role_has_permissions`
--

CREATE TABLE `role_has_permissions` (
  `permission_id` bigint(20) UNSIGNED NOT NULL,
  `role_id` bigint(20) UNSIGNED NOT NULL
) ENGINE=InnoDB DEFAULT CHARSET=utf8 COLLATE=utf8_spanish2_ci;

--
-- Volcado de datos para la tabla `role_has_permissions`
--

INSERT INTO `role_has_permissions` (`permission_id`, `role_id`) VALUES
(1, 1),
(2, 1),
(3, 1),
(4, 1),
(5, 1),
(6, 1),
(7, 1),
(8, 1),
(9, 1),
(9, 2),
(10, 1),
(10, 2),
(11, 1),
(11, 2),
(11, 4),
(12, 1),
(12, 2),
(53, 1),
(53, 4),
(54, 3),
(55, 3),
(56, 3),
(56, 5),
(56, 6),
(57, 3),
(58, 3),
(62, 3),
(63, 3),
(64, 3),
(64, 6),
(65, 3),
(66, 3),
(67, 3),
(69, 3),
(70, 1),
(71, 1),
(72, 1),
(73, 1),
(74, 1),
(76, 22),
(77, 22),
(78, 22),
(79, 22),
(80, 22),
(81, 7),
(81, 8),
(81, 9),
(81, 22),
(87, 10),
(87, 23),
(88, 10),
(88, 23),
(89, 10),
(89, 11),
(89, 23),
(89, 24),
(90, 10),
(90, 23),
(91, 10),
(91, 23),
(92, 10),
(92, 11),
(92, 23),
(93, 12),
(93, 25),
(94, 12),
(94, 25),
(95, 12),
(95, 25),
(96, 12),
(96, 13),
(96, 14),
(96, 25),
(97, 12),
(97, 14),
(97, 25),
(98, 7),
(98, 8),
(98, 22),
(99, 7),
(99, 9),
(99, 22),
(100, 26),
(102, 16),
(102, 17),
(102, 27),
(104, 16),
(104, 17),
(104, 27),
(105, 18),
(105, 21),
(105, 26),
(106, 18),
(106, 21),
(106, 26),
(107, 18),
(107, 21),
(107, 26),
(108, 18),
(108, 21),
(108, 26),
(109, 16),
(109, 17),
(109, 27),
(110, 16),
(110, 17),
(110, 27),
(111, 16),
(111, 17),
(111, 27),
(112, 16),
(112, 17),
(112, 27),
(113, 16),
(113, 17),
(113, 27),
(114, 16),
(114, 17),
(114, 27),
(115, 16),
(115, 17),
(115, 27),
(116, 18),
(116, 21),
(116, 26),
(117, 18),
(117, 21),
(117, 26),
(118, 18),
(118, 21),
(118, 26),
(119, 15),
(119, 18),
(119, 21),
(119, 26),
(120, 15),
(120, 18),
(120, 21),
(120, 26),
(121, 15),
(121, 18),
(121, 21),
(121, 26),
(122, 15),
(122, 18),
(122, 21),
(122, 26),
(123, 18),
(123, 21),
(123, 26),
(124, 18),
(124, 21),
(124, 26),
(125, 18),
(125, 21),
(125, 26),
(126, 18),
(126, 21),
(126, 26),
(127, 18),
(127, 21),
(127, 26),
(128, 10),
(128, 23),
(128, 24);

-- --------------------------------------------------------

--
-- Estructura Stand-in para la vista `traslado_vw`
-- (Véase abajo para la vista actual)
--
CREATE TABLE `traslado_vw` (
`codigo_empleado` char(7)
,`nombre` varchar(80)
,`apellido` varchar(80)
,`unidad` varchar(255)
,`oficina` varchar(100)
,`fecha_traslado` date
,`fecha_ingreso` date
,`cargo_mp` varchar(100)
,`cargo_hacienda` varchar(100)
,`cargo_nominal` varchar(100)
,`cargo_funcional` varchar(100)
);

-- --------------------------------------------------------

--
-- Estructura Stand-in para la vista `unidades_vw`
-- (Véase abajo para la vista actual)
--
CREATE TABLE `unidades_vw` (
`unidad_administrativa` varchar(255)
);

-- --------------------------------------------------------

--
-- Estructura de tabla para la tabla `via_actividad`
--

CREATE TABLE `via_actividad` (
  `id_actividad` bigint(20) UNSIGNED NOT NULL,
  `actividad` varchar(255) COLLATE utf8_spanish2_ci NOT NULL,
  `estado` tinyint(1) NOT NULL,
  `created_at` timestamp NULL DEFAULT NULL,
  `updated_at` timestamp NULL DEFAULT NULL
) ENGINE=InnoDB DEFAULT CHARSET=utf8 COLLATE=utf8_spanish2_ci;

--
-- Volcado de datos para la tabla `via_actividad`
--

INSERT INTO `via_actividad` (`id_actividad`, `actividad`, `estado`, `created_at`, `updated_at`) VALUES
(1, 'Actvidad Uno', 1, '2020-12-03 14:26:29', '2020-12-03 14:26:29');

-- --------------------------------------------------------

--
-- Estructura de tabla para la tabla `via_forma_pago`
--

CREATE TABLE `via_forma_pago` (
  `id_forma_pago` bigint(20) UNSIGNED NOT NULL,
  `forma_pago` varchar(255) COLLATE utf8_spanish2_ci NOT NULL,
  `estado` tinyint(1) NOT NULL,
  `created_at` timestamp NULL DEFAULT NULL,
  `updated_at` timestamp NULL DEFAULT NULL
) ENGINE=InnoDB DEFAULT CHARSET=utf8 COLLATE=utf8_spanish2_ci;

--
-- Volcado de datos para la tabla `via_forma_pago`
--

INSERT INTO `via_forma_pago` (`id_forma_pago`, `forma_pago`, `estado`, `created_at`, `updated_at`) VALUES
(1, 'Efectivo', 1, '2020-12-15 15:59:45', '2020-12-15 15:59:45'),
(2, 'Abono a Cuenta', 1, '2020-12-15 15:59:52', '2020-12-15 15:59:52');

-- --------------------------------------------------------

--
-- Estructura de tabla para la tabla `via_lugar_mision`
--

CREATE TABLE `via_lugar_mision` (
  `id_lugar_mision` bigint(20) UNSIGNED NOT NULL,
  `lugar_mision` varchar(255) COLLATE utf8_spanish2_ci NOT NULL,
  `departamento_id` bigint(20) UNSIGNED NOT NULL,
  `kilometros` decimal(8,2) NOT NULL,
  `estado` tinyint(1) NOT NULL,
  `created_at` timestamp NULL DEFAULT NULL,
  `updated_at` timestamp NULL DEFAULT NULL
) ENGINE=InnoDB DEFAULT CHARSET=utf8 COLLATE=utf8_spanish2_ci;

--
-- Volcado de datos para la tabla `via_lugar_mision`
--

INSERT INTO `via_lugar_mision` (`id_lugar_mision`, `lugar_mision`, `departamento_id`, `kilometros`, `estado`, `created_at`, `updated_at`) VALUES
(1, 'Lugar Uno', 3, '34.00', 1, '2020-12-03 14:26:56', '2020-12-03 14:26:56');

-- --------------------------------------------------------

--
-- Estructura de tabla para la tabla `via_periodo`
--

CREATE TABLE `via_periodo` (
  `id_periodo` bigint(20) UNSIGNED NOT NULL,
  `centro_id` bigint(20) UNSIGNED NOT NULL,
  `mes` varchar(255) COLLATE utf8_spanish2_ci NOT NULL,
  `numero_mes` int(11) NOT NULL,
  `anio` int(11) NOT NULL,
  `estado` tinyint(1) NOT NULL,
  `created_at` timestamp NULL DEFAULT NULL,
  `updated_at` timestamp NULL DEFAULT NULL
) ENGINE=InnoDB DEFAULT CHARSET=utf8 COLLATE=utf8_spanish2_ci;

--
-- Volcado de datos para la tabla `via_periodo`
--

INSERT INTO `via_periodo` (`id_periodo`, `centro_id`, `mes`, `numero_mes`, `anio`, `estado`, `created_at`, `updated_at`) VALUES
(1, 1, 'Diciembre', 12, 2020, 1, '2020-12-20 07:00:17', '2020-12-20 07:00:17'),
(2, 1, 'Noviembre', 11, 2020, 1, '2020-12-20 07:03:23', '2020-12-20 07:03:23'),
(3, 2, 'Diciembre', 12, 2020, 1, '2020-12-21 17:59:02', '2020-12-21 17:59:02'),
(4, 3, 'Diciembre', 12, 2020, 1, '2020-12-21 17:59:02', '2020-12-21 17:59:02'),
(5, 4, 'Diciembre', 12, 2020, 1, '2020-12-21 17:59:02', '2020-12-21 17:59:02'),
(6, 5, 'Diciembre', 12, 2020, 1, '2020-12-21 17:59:02', '2020-12-21 17:59:02'),
(7, 6, 'Diciembre', 12, 2020, 1, '2020-12-21 17:59:02', '2020-12-21 17:59:02');

-- --------------------------------------------------------

--
-- Estructura de tabla para la tabla `via_programacion`
--

CREATE TABLE `via_programacion` (
  `id_programacion` bigint(20) UNSIGNED NOT NULL,
  `empleado_id` bigint(20) UNSIGNED NOT NULL,
  `oficina_id` bigint(20) UNSIGNED NOT NULL,
  `usuario_id` bigint(20) UNSIGNED NOT NULL,
  `lugar_mision_id` bigint(20) UNSIGNED NOT NULL,
  `actividad_id` bigint(20) UNSIGNED NOT NULL,
  `tipo_viatico_id` bigint(20) UNSIGNED NOT NULL,
  `fecha_registro` date NOT NULL,
  `viatico_id` bigint(20) UNSIGNED DEFAULT NULL,
  `fecha_desde` date NOT NULL,
  `fecha_hasta` date NOT NULL,
  `pago_viatico` double(8,2) NOT NULL,
  `impreso` tinyint(1) NOT NULL,
  `estado` tinyint(1) NOT NULL,
  `created_at` timestamp NULL DEFAULT NULL,
  `updated_at` timestamp NULL DEFAULT NULL
) ENGINE=InnoDB DEFAULT CHARSET=utf8 COLLATE=utf8_spanish2_ci;

--
-- Volcado de datos para la tabla `via_programacion`
--

INSERT INTO `via_programacion` (`id_programacion`, `empleado_id`, `oficina_id`, `usuario_id`, `lugar_mision_id`, `actividad_id`, `tipo_viatico_id`, `fecha_registro`, `viatico_id`, `fecha_desde`, `fecha_hasta`, `pago_viatico`, `impreso`, `estado`, `created_at`, `updated_at`) VALUES
(1, 3, 18, 1, 1, 1, 1, '2021-02-03', 3, '2021-02-01', '2021-02-05', 40.00, 1, 3, '2021-02-03 23:44:49', '2021-02-04 02:01:14'),
(2, 1, 15, 1, 1, 1, 1, '2021-02-03', 6, '2021-02-01', '2021-02-05', 40.00, 1, 3, '2021-02-03 23:45:22', '2021-02-21 08:53:38'),
(3, 5, 19, 1, 1, 1, 1, '2021-02-03', 6, '2021-02-01', '2021-02-05', 32.00, 1, 3, '2021-02-03 23:45:39', '2021-02-21 10:36:54'),
(4, 3, 18, 1, 1, 1, 1, '2021-02-20', 9, '2021-02-15', '2021-02-17', 24.00, 1, 3, '2021-02-21 08:56:10', '2021-02-21 08:58:25'),
(5, 9, 15, 1, 1, 1, 2, '2021-02-20', 8, '2021-02-15', '2021-02-19', 40.00, 1, 3, '2021-02-21 08:56:41', '2021-02-21 10:33:47'),
(6, 10, 21, 1, 1, 1, 1, '2021-02-20', 10, '2021-02-19', '2021-02-19', 8.00, 1, 3, '2021-02-21 09:06:18', '2021-02-21 09:08:46'),
(7, 6, 21, 1, 1, 1, 1, '2021-02-20', 10, '2021-02-19', '2021-02-19', 8.00, 1, 3, '2021-02-21 09:06:32', '2021-02-21 09:08:45'),
(8, 11, 19, 1, 1, 1, 1, '2021-02-20', 12, '2021-02-17', '2021-02-19', 24.00, 1, 3, '2021-02-21 09:06:52', '2021-02-21 09:09:26'),
(9, 1, 15, 1, 1, 1, 1, '2021-02-20', 11, '2021-02-17', '2021-02-19', 24.00, 1, 3, '2021-02-21 09:07:20', '2021-02-21 09:09:26'),
(10, 1, 15, 1, 1, 1, 2, '2021-02-20', 13, '2021-02-22', '2021-02-25', 38.00, 1, 3, '2021-02-21 09:10:09', '2021-02-21 09:11:10');

-- --------------------------------------------------------

--
-- Estructura de tabla para la tabla `via_programacion_detalle`
--

CREATE TABLE `via_programacion_detalle` (
  `id_programacion_detalle` bigint(20) UNSIGNED NOT NULL,
  `programacion_id` bigint(20) UNSIGNED NOT NULL,
  `fecha_programacion` date NOT NULL,
  `pago_viatico` double(8,2) NOT NULL,
  `estado` int(11) NOT NULL,
  `created_at` timestamp NULL DEFAULT NULL,
  `updated_at` timestamp NULL DEFAULT NULL
) ENGINE=InnoDB DEFAULT CHARSET=utf8 COLLATE=utf8_spanish2_ci;

--
-- Volcado de datos para la tabla `via_programacion_detalle`
--

INSERT INTO `via_programacion_detalle` (`id_programacion_detalle`, `programacion_id`, `fecha_programacion`, `pago_viatico`, `estado`, `created_at`, `updated_at`) VALUES
(1, 1, '2021-02-01', 8.00, 1, '2021-02-03 23:44:49', '2021-02-03 23:44:49'),
(2, 1, '2021-02-02', 8.00, 1, '2021-02-03 23:44:50', '2021-02-03 23:44:50'),
(3, 1, '2021-02-03', 8.00, 1, '2021-02-03 23:44:50', '2021-02-03 23:44:50'),
(4, 1, '2021-02-04', 8.00, 1, '2021-02-03 23:44:51', '2021-02-03 23:44:51'),
(5, 1, '2021-02-05', 8.00, 1, '2021-02-03 23:44:51', '2021-02-04 02:01:14'),
(6, 2, '2021-02-01', 8.00, 1, '2021-02-03 23:45:23', '2021-02-03 23:45:23'),
(7, 2, '2021-02-02', 8.00, 1, '2021-02-03 23:45:24', '2021-02-03 23:45:24'),
(8, 2, '2021-02-03', 8.00, 1, '2021-02-03 23:45:24', '2021-02-03 23:45:24'),
(9, 2, '2021-02-04', 8.00, 1, '2021-02-03 23:45:24', '2021-02-03 23:45:24'),
(10, 2, '2021-02-05', 8.00, 1, '2021-02-03 23:45:24', '2021-02-03 23:45:24'),
(11, 3, '2021-02-01', 8.00, 1, '2021-02-03 23:45:39', '2021-02-03 23:45:39'),
(12, 3, '2021-02-02', 8.00, 1, '2021-02-03 23:45:40', '2021-02-03 23:45:40'),
(13, 3, '2021-02-03', 8.00, 1, '2021-02-03 23:45:40', '2021-02-03 23:45:40'),
(14, 3, '2021-02-04', 8.00, 1, '2021-02-03 23:45:40', '2021-02-03 23:45:40'),
(15, 3, '2021-02-05', 8.00, 0, '2021-02-03 23:45:40', '2021-02-21 10:36:54'),
(16, 4, '2021-02-15', 8.00, 1, '2021-02-21 08:56:10', '2021-02-21 08:56:10'),
(17, 4, '2021-02-16', 8.00, 1, '2021-02-21 08:56:10', '2021-02-21 08:56:10'),
(18, 4, '2021-02-17', 8.00, 1, '2021-02-21 08:56:11', '2021-02-21 08:56:11'),
(19, 5, '2021-02-15', 10.00, 1, '2021-02-21 08:56:41', '2021-02-21 08:56:41'),
(20, 5, '2021-02-16', 10.00, 1, '2021-02-21 08:56:42', '2021-02-21 08:56:42'),
(21, 5, '2021-02-17', 10.00, 1, '2021-02-21 08:56:43', '2021-02-21 08:56:43'),
(22, 5, '2021-02-18', 10.00, 1, '2021-02-21 08:56:43', '2021-02-21 08:56:43'),
(23, 5, '2021-02-19', 8.00, 0, '2021-02-21 08:56:44', '2021-02-21 10:33:47'),
(24, 6, '2021-02-19', 8.00, 1, '2021-02-21 09:06:18', '2021-02-21 09:06:18'),
(25, 7, '2021-02-19', 8.00, 1, '2021-02-21 09:06:32', '2021-02-21 09:06:32'),
(26, 8, '2021-02-17', 8.00, 1, '2021-02-21 09:06:52', '2021-02-21 09:06:52'),
(27, 8, '2021-02-18', 8.00, 1, '2021-02-21 09:06:53', '2021-02-21 09:06:53'),
(28, 8, '2021-02-19', 8.00, 1, '2021-02-21 09:06:54', '2021-02-21 09:06:54'),
(29, 9, '2021-02-17', 8.00, 1, '2021-02-21 09:07:20', '2021-02-21 09:07:20'),
(30, 9, '2021-02-18', 8.00, 1, '2021-02-21 09:07:21', '2021-02-21 09:07:21'),
(31, 9, '2021-02-19', 8.00, 1, '2021-02-21 09:07:21', '2021-02-21 09:07:21'),
(32, 10, '2021-02-22', 10.00, 1, '2021-02-21 09:10:09', '2021-02-21 09:10:09'),
(33, 10, '2021-02-23', 10.00, 1, '2021-02-21 09:10:09', '2021-02-21 09:10:09'),
(34, 10, '2021-02-24', 10.00, 1, '2021-02-21 09:10:09', '2021-02-21 09:10:09'),
(35, 10, '2021-02-25', 8.00, 1, '2021-02-21 09:10:09', '2021-02-21 09:10:09');

-- --------------------------------------------------------

--
-- Estructura de tabla para la tabla `via_tipo_programacion`
--

CREATE TABLE `via_tipo_programacion` (
  `id_tipo_programacion` bigint(20) UNSIGNED NOT NULL,
  `tipo_programacion` varchar(255) COLLATE utf8_spanish2_ci NOT NULL,
  `estado` tinyint(1) NOT NULL,
  `created_at` timestamp NULL DEFAULT NULL,
  `updated_at` timestamp NULL DEFAULT NULL
) ENGINE=InnoDB DEFAULT CHARSET=utf8 COLLATE=utf8_spanish2_ci;

--
-- Volcado de datos para la tabla `via_tipo_programacion`
--

INSERT INTO `via_tipo_programacion` (`id_tipo_programacion`, `tipo_programacion`, `estado`, `created_at`, `updated_at`) VALUES
(1, 'Programado', 1, '2020-12-03 14:26:04', '2020-12-03 14:26:04'),
(2, 'Realizado', 1, '2020-12-15 15:58:41', '2020-12-15 15:58:41'),
(3, 'Anticipado', 1, '2020-12-15 15:58:48', '2020-12-15 15:58:48');

-- --------------------------------------------------------

--
-- Estructura de tabla para la tabla `via_tipo_viatico`
--

CREATE TABLE `via_tipo_viatico` (
  `id_tipo_viatico` bigint(20) UNSIGNED NOT NULL,
  `tipo_viatico` varchar(255) COLLATE utf8_spanish2_ci NOT NULL,
  `codigo` char(1) COLLATE utf8_spanish2_ci NOT NULL,
  `valor` int(11) NOT NULL,
  `estado` tinyint(1) NOT NULL,
  `created_at` timestamp NULL DEFAULT NULL,
  `updated_at` timestamp NULL DEFAULT NULL
) ENGINE=InnoDB DEFAULT CHARSET=utf8 COLLATE=utf8_spanish2_ci;

--
-- Volcado de datos para la tabla `via_tipo_viatico`
--

INSERT INTO `via_tipo_viatico` (`id_tipo_viatico`, `tipo_viatico`, `codigo`, `valor`, `estado`, `created_at`, `updated_at`) VALUES
(1, 'Diario', 'D', 8, 1, '2020-12-03 14:27:16', '2020-12-09 05:19:48'),
(2, 'Corrido', 'C', 10, 1, '2020-12-03 14:27:27', '2020-12-09 05:19:41'),
(3, 'Complemento', 'R', 2, 0, '2020-12-09 05:20:10', '2020-12-09 05:20:19'),
(4, 'Devolucion', 'V', 2, 0, '2020-12-09 05:20:35', '2020-12-09 05:20:40'),
(5, 'Emergencia Covid 19', 'E', 150, 0, '2020-12-09 05:21:00', '2020-12-09 05:21:04');

-- --------------------------------------------------------

--
-- Estructura de tabla para la tabla `via_viatico`
--

CREATE TABLE `via_viatico` (
  `id_viatico` bigint(20) UNSIGNED NOT NULL,
  `referencia` varchar(255) COLLATE utf8_spanish2_ci NOT NULL,
  `fecha_inicio` date NOT NULL,
  `fecha_final` date NOT NULL,
  `referencia_ufi` varchar(255) COLLATE utf8_spanish2_ci DEFAULT NULL,
  `fecha` date NOT NULL,
  `centro_id` bigint(20) UNSIGNED NOT NULL,
  `cheque` varchar(255) COLLATE utf8_spanish2_ci DEFAULT NULL,
  `fecha_cheque` date DEFAULT NULL,
  `cantidad_remesa` int(11) NOT NULL,
  `fecha_remesa` date DEFAULT NULL,
  `folio` varchar(255) COLLATE utf8_spanish2_ci DEFAULT NULL,
  `cantidad_remesa_segundo` int(11) NOT NULL,
  `fecha_remesa_segundo` date DEFAULT NULL,
  `folio_segundo` varchar(255) COLLATE utf8_spanish2_ci DEFAULT NULL,
  `fecha_liquidar` date DEFAULT NULL,
  `mes_liquidar` varchar(255) COLLATE utf8_spanish2_ci DEFAULT NULL,
  `anio_liquidar` varchar(255) COLLATE utf8_spanish2_ci DEFAULT NULL,
  `estado` int(11) NOT NULL,
  `tipo_programacion_id` bigint(20) UNSIGNED NOT NULL,
  `forma_pago_id` bigint(20) UNSIGNED NOT NULL,
  `created_at` timestamp NULL DEFAULT NULL,
  `updated_at` timestamp NULL DEFAULT NULL
) ENGINE=InnoDB DEFAULT CHARSET=utf8 COLLATE=utf8_spanish2_ci;

--
-- Volcado de datos para la tabla `via_viatico`
--

INSERT INTO `via_viatico` (`id_viatico`, `referencia`, `fecha_inicio`, `fecha_final`, `referencia_ufi`, `fecha`, `centro_id`, `cheque`, `fecha_cheque`, `cantidad_remesa`, `fecha_remesa`, `folio`, `cantidad_remesa_segundo`, `fecha_remesa_segundo`, `folio_segundo`, `fecha_liquidar`, `mes_liquidar`, `anio_liquidar`, `estado`, `tipo_programacion_id`, `forma_pago_id`, `created_at`, `updated_at`) VALUES
(3, 'GRH-00-0013-21', '2021-02-01', '2021-02-05', 'LVRCO-00-2021', '2021-02-03', 2, '86', '2021-02-25', 0, NULL, NULL, 0, NULL, NULL, '2021-02-24', 'Diciembre', '2020', 3, 2, 1, '2021-02-03 23:50:24', '2021-02-25 09:09:15'),
(6, 'GRH-00-2940-21', '2021-02-01', '2021-02-05', 'LVRCO-830578-2021', '2021-02-20', 1, '90450', '2021-02-19', 8, '2021-02-19', '0845', 0, NULL, NULL, '2021-02-20', 'Diciembre', '2020', 3, 1, 1, '2021-02-21 08:53:33', '2021-02-21 10:37:24'),
(7, 'GRH-00-2940-21', '2021-02-01', '2021-02-05', 'LVRCO-830578-2021', '2021-02-20', 3, '90450', '2021-02-19', 8, '2021-02-19', '0845', 0, NULL, NULL, '2021-02-20', 'Diciembre', '2020', 3, 1, 1, '2021-02-21 08:53:34', '2021-02-21 10:37:24'),
(8, 'GRH-00-12940-21', '2021-02-15', '2021-02-19', 'LVRCO-9394-2021', '2021-02-20', 1, '0284950', '2021-02-19', 8, '2021-02-19', '9385', 0, NULL, NULL, '2021-02-20', 'Diciembre', '2020', 3, 2, 1, '2021-02-21 08:57:58', '2021-02-21 10:34:40'),
(9, 'GDR-00-2804-21', '2021-02-15', '2021-02-17', NULL, '2021-02-20', 2, NULL, NULL, 0, NULL, NULL, 0, NULL, NULL, NULL, NULL, NULL, 2, 2, 1, '2021-02-21 08:58:25', '2021-02-21 10:32:28'),
(10, 'GDR-00-0012-21', '2021-02-19', '2021-02-19', NULL, '2021-02-20', 5, NULL, NULL, 0, NULL, NULL, 0, NULL, NULL, NULL, NULL, NULL, 1, 2, 1, '2021-02-21 09:08:44', '2021-02-21 09:08:44'),
(11, 'GRH-00-0001-21', '2021-02-17', '2021-02-19', NULL, '2021-02-20', 1, NULL, NULL, 0, NULL, NULL, 0, NULL, NULL, NULL, NULL, NULL, 2, 2, 1, '2021-02-21 09:09:26', '2021-02-21 10:32:46'),
(12, 'GRH-00-0001-21', '2021-02-17', '2021-02-19', NULL, '2021-02-20', 3, NULL, NULL, 0, NULL, NULL, 0, NULL, NULL, NULL, NULL, NULL, 1, 2, 1, '2021-02-21 09:09:26', '2021-02-21 09:09:26'),
(13, 'GRH-00-0938-21', '2021-02-22', '2021-02-25', NULL, '2021-02-20', 1, NULL, NULL, 0, NULL, NULL, 0, NULL, NULL, NULL, NULL, NULL, 1, 3, 1, '2021-02-21 09:11:10', '2021-02-21 09:11:10');

-- --------------------------------------------------------

--
-- Estructura para la vista `calendario_marcacion_vw`
--
DROP TABLE IF EXISTS `calendario_marcacion_vw`;

CREATE ALGORITHM=UNDEFINED DEFINER=`root`@`localhost` SQL SECURITY DEFINER VIEW `calendario_marcacion_vw`  AS SELECT `e`.`id_empleado` AS `id_empleado`, `e`.`nombre` AS `nombre`, `e`.`apellido` AS `apellido`, `e`.`codigo_empleado` AS `codigo_empleado`, `e`.`pin_empleado` AS `pin_empleado`, `o`.`oficina` AS `oficina`, `u`.`unidad_administrativa` AS `unidad_administrativa`, `cen`.`centro` AS `centro`, cast(`c`.`fecha` as date) AS `fecha`, cast(`m`.`fecha` as date) AS `fecha_marcacion`, cast(`m`.`hora` as time) AS `hora`, `a`.`asueto` AS `asueto`, CASE WHEN `p`.`estado` = 1 THEN `tp`.`descripcion` END AS `permisos` FROM ((((((((((`mar_calendario` `c` left join `mar_calendario_emp` `ce` on(`ce`.`calendario_id` = `c`.`id_calendario`)) left join `emp_empleado` `e` on(`e`.`id_empleado` = `ce`.`empleado_id`)) left join `emp_oficina` `o` on(`o`.`id_oficina` = `e`.`oficina_id`)) left join `emp_unidad_administrativa` `u` on(`u`.`id_unidad_administrativa` = `o`.`unidad_administrativa_id`)) left join `emp_centro` `cen` on(`cen`.`id_centro` = `o`.`centro_id`)) left join `mar_marcacion` `m` on(`m`.`emp_calendario_id` = `ce`.`id_calendario_emp`)) left join `mar_asueto` `a` on(`a`.`calendario_id` = `c`.`id_calendario`)) left join `mar_permiso_detalle` `pde` on(`pde`.`emp_calendario_id` = `ce`.`id_calendario_emp`)) left join `mar_permiso` `p` on(`p`.`id_permiso` = `pde`.`permiso_id`)) left join `mar_tipo_permiso` `tp` on(`tp`.`id_tipo_permiso` = `p`.`tipo_permiso_id`)) WHERE `e`.`guardado` = 1 AND `e`.`activo` = 1 ORDER BY `e`.`id_empleado` ASC, `c`.`fecha` ASC ;

-- --------------------------------------------------------

--
-- Estructura para la vista `detalle_permiso_empleado_vw`
--
DROP TABLE IF EXISTS `detalle_permiso_empleado_vw`;

CREATE ALGORITHM=UNDEFINED DEFINER=`root`@`localhost` SQL SECURITY DEFINER VIEW `detalle_permiso_empleado_vw`  AS SELECT `p`.`empleado_id` AS `empleado_id`, `tp`.`codigo_permiso` AS `codigo_permiso`, `tp`.`descripcion` AS `descripcion`, `tp`.`numero_horas` AS `numero_horas`, sum(`p`.`horas_acumuladas`) AS `horas_acumuladas`, `tp`.`numero_horas`- sum(`p`.`horas_acumuladas`) AS `resta_hora` FROM (`mar_permiso` `p` left join `mar_tipo_permiso` `tp` on(`p`.`tipo_permiso_id` = `tp`.`id_tipo_permiso`)) WHERE `p`.`estado` = 1 GROUP BY `p`.`empleado_id`, `tp`.`descripcion`, `tp`.`codigo_permiso`, `tp`.`numero_horas` ;

-- --------------------------------------------------------

--
-- Estructura para la vista `empleado_vw`
--
DROP TABLE IF EXISTS `empleado_vw`;

CREATE ALGORITHM=UNDEFINED DEFINER=`root`@`localhost` SQL SECURITY DEFINER VIEW `empleado_vw`  AS SELECT `emp_empleado`.`codigo_empleado` AS `codigo_empleado`, `emp_empleado`.`nombre` AS `nombre`, `emp_empleado`.`apellido` AS `apellido`, `emp_departamento`.`departamento` AS `departamento`, `emp_cargo_mp`.`cargo_mp` AS `cargo_mp`, `emp_oficina`.`oficina` AS `oficina`, `emp_unidad_administrativa`.`unidad_administrativa` AS `unidad_administrativa`, `emp_tipo_plaza`.`tipo_plaza` AS `tipo_plaza`, `emp_empleado`.`fecha_nacimiento` AS `fecha_nacimiento`, `emp_empleado`.`fecha_ingreso` AS `fecha_ingreso`, `emp_empleado`.`direccion` AS `direccion`, `emp_empleado`.`sexo` AS `sexo`, `emp_empleado`.`salario_actual` AS `salario_actual` FROM ((((((`emp_empleado` left join `emp_municipio` on(`emp_municipio`.`id_municipio` = `emp_empleado`.`municipio_id`)) left join `emp_departamento` on(`emp_departamento`.`id_departamento` = `emp_municipio`.`departamento_id`)) left join `emp_oficina` on(`emp_oficina`.`id_oficina` = `emp_empleado`.`oficina_id`)) left join `emp_unidad_administrativa` on(`emp_unidad_administrativa`.`id_unidad_administrativa` = `emp_oficina`.`unidad_administrativa_id`)) left join `emp_cargo_mp` on(`emp_cargo_mp`.`id_cargo_mp` = `emp_empleado`.`cargo_mp_id`)) left join `emp_tipo_plaza` on(`emp_tipo_plaza`.`id_tipo_plaza` = `emp_empleado`.`tipo_plaza_id`)) WHERE `emp_empleado`.`guardado` = 1 ;

-- --------------------------------------------------------

--
-- Estructura para la vista `filp27_liquidacion_vw`
--
DROP TABLE IF EXISTS `filp27_liquidacion_vw`;

CREATE ALGORITHM=UNDEFINED DEFINER=`root`@`localhost` SQL SECURITY DEFINER VIEW `filp27_liquidacion_vw`  AS SELECT `v`.`referencia` AS `referencia`, `v`.`cheque` AS `cheque`, `pd`.`pago_viatico` AS `pago`, `v`.`estado` AS `estado_v`, `pd`.`estado` AS `estado_pd`, `v`.`fecha_inicio` AS `desde`, `v`.`fecha_final` AS `hasta`, `c`.`centro` AS `centro` FROM (((`via_viatico` `v` left join `via_programacion` `p` on(`p`.`viatico_id` = `v`.`id_viatico`)) left join `via_programacion_detalle` `pd` on(`pd`.`programacion_id` = `p`.`id_programacion`)) left join `emp_centro` `c` on(`c`.`id_centro` = `v`.`centro_id`)) ;

-- --------------------------------------------------------

--
-- Estructura para la vista `filp80_liquidacion_vw`
--
DROP TABLE IF EXISTS `filp80_liquidacion_vw`;

CREATE ALGORITHM=UNDEFINED DEFINER=`root`@`localhost` SQL SECURITY DEFINER VIEW `filp80_liquidacion_vw`  AS SELECT `e`.`codigo_empleado` AS `codigo`, `e`.`nombre` AS `nombre`, `e`.`apellido` AS `apellido`, `pd`.`fecha_programacion` AS `fecha`, `pd`.`pago_viatico` AS `valor`, `v`.`referencia` AS `referencia`, `v`.`estado` AS `estado_v`, `pd`.`estado` AS `estado_pd`, `p`.`fecha_desde` AS `desde`, `p`.`fecha_hasta` AS `hasta`, `fp`.`forma_pago` AS `forma_pago` FROM ((((`via_viatico` `v` left join `via_programacion` `p` on(`p`.`viatico_id` = `v`.`id_viatico`)) left join `via_programacion_detalle` `pd` on(`pd`.`programacion_id` = `p`.`id_programacion`)) left join `emp_empleado` `e` on(`e`.`id_empleado` = `p`.`empleado_id`)) left join `via_forma_pago` `fp` on(`fp`.`id_forma_pago` = `v`.`forma_pago_id`)) ;

-- --------------------------------------------------------

--
-- Estructura para la vista `generar_cco_vw`
--
DROP TABLE IF EXISTS `generar_cco_vw`;

CREATE ALGORITHM=UNDEFINED DEFINER=`root`@`localhost` SQL SECURITY DEFINER VIEW `generar_cco_vw`  AS SELECT `v`.`id_viatico` AS `id`, `e`.`codigo_empleado` AS `codigo`, `e`.`nombre` AS `nombre`, `e`.`apellido` AS `apellido`, `lm`.`lugar_mision` AS `lugar`, `p`.`fecha_desde` AS `desde`, `p`.`fecha_hasta` AS `hasta`, `act`.`actividad` AS `actividad`, `dep`.`departamento` AS `departamento`, `e`.`salario_actual` AS `salario`, `p`.`fecha_registro` AS `fecha_registro`, `p`.`usuario_id` AS `usuario_id`, round(`e`.`salario_actual` / timestampdiff(DAY,concat(year(current_timestamp()),'-',month(current_timestamp()),'-01'),concat(year(current_timestamp()),'-',month(current_timestamp()),'-01') + interval 1 month),2) AS `diario`, `tp`.`tipo_plaza` AS `tipo_plaza`, `p`.`pago_viatico` AS `pago_viatico`, `tv`.`tipo_viatico` AS `tipo_viatico`, `tv`.`valor` AS `valor`, `tv`.`codigo` AS `codigo_viatico`, `uni`.`unidad_administrativa` AS `unidad`, `cen`.`centro` AS `sede_oficial`, `cen`.`id_centro` AS `id_centro`, to_days(`p`.`fecha_hasta`) - to_days(`p`.`fecha_desde`) + 1 AS `dias`, `p`.`impreso` AS `impreso`, `c`.`cargo` AS `cargo`, `p`.`estado` AS `estado` FROM (((((((((((`via_programacion` `p` left join `emp_empleado` `e` on(`e`.`id_empleado` = `p`.`empleado_id`)) left join `emp_tipo_plaza` `tp` on(`tp`.`id_tipo_plaza` = `e`.`tipo_plaza_id`)) left join `via_lugar_mision` `lm` on(`lm`.`id_lugar_mision` = `p`.`lugar_mision_id`)) left join `via_actividad` `act` on(`act`.`id_actividad` = `p`.`actividad_id`)) left join `via_tipo_viatico` `tv` on(`tv`.`id_tipo_viatico` = `p`.`tipo_viatico_id`)) left join `emp_departamento` `dep` on(`dep`.`id_departamento` = `lm`.`departamento_id`)) left join `emp_oficina` `o` on(`o`.`id_oficina` = `e`.`oficina_id`)) left join `emp_unidad_administrativa` `uni` on(`uni`.`id_unidad_administrativa` = `o`.`unidad_administrativa_id`)) left join `emp_centro` `cen` on(`cen`.`id_centro` = `o`.`centro_id`)) left join `emp_cargo` `c` on(`c`.`id_cargo` = `e`.`cargo_funcional_id`)) left join `via_viatico` `v` on(`v`.`id_viatico` = `p`.`viatico_id`)) WHERE `e`.`guardado` = 1 AND `e`.`activo` = 1 ORDER BY `e`.`codigo_empleado` ASC, `p`.`fecha_desde` ASC ;

-- --------------------------------------------------------

--
-- Estructura para la vista `generar_horas_extras_vw`
--
DROP TABLE IF EXISTS `generar_horas_extras_vw`;

CREATE ALGORITHM=UNDEFINED DEFINER=`root`@`localhost` SQL SECURITY DEFINER VIEW `generar_horas_extras_vw`  AS SELECT `emp_empleado`.`codigo_empleado` AS `codigo`, `emp_empleado`.`nombre` AS `nombre`, `emp_empleado`.`apellido` AS `apellido`, `emp_empleado`.`salario_actual` AS `salario_actual`, `mar_hora_extra`.`fecha_registro` AS `fecha_registro`, `mar_hora_extra`.`mes` AS `mes`, sum(`mar_hora_extra`.`horas`) AS `horas`, sum(`mar_hora_extra`.`minutos`) AS `minutos`, sum(`mar_hora_extra`.`devengo`) AS `devengo`, sum(`mar_hora_extra`.`total`) AS `total`, `emp_tipo_plaza`.`tipo_plaza` AS `tipo_plaza`, `emp_unidad_administrativa`.`unidad_administrativa` AS `unidad_administrativa` FROM ((((`mar_hora_extra` left join `emp_empleado` on(`emp_empleado`.`id_empleado` = `mar_hora_extra`.`empleado_id`)) left join `emp_tipo_plaza` on(`emp_empleado`.`tipo_plaza_id` = `emp_tipo_plaza`.`id_tipo_plaza`)) left join `emp_oficina` on(`emp_oficina`.`id_oficina` = `emp_empleado`.`oficina_id`)) left join `emp_unidad_administrativa` on(`emp_oficina`.`unidad_administrativa_id` = `emp_unidad_administrativa`.`id_unidad_administrativa`)) WHERE `emp_empleado`.`guardado` = 1 AND `emp_empleado`.`activo` = 1 GROUP BY `emp_empleado`.`id_empleado`, `emp_empleado`.`nombre`, `emp_empleado`.`apellido`, `emp_empleado`.`salario_actual`, `mar_hora_extra`.`fecha_registro`, `emp_empleado`.`codigo_empleado`, `emp_tipo_plaza`.`tipo_plaza`, `emp_unidad_administrativa`.`unidad_administrativa`, `mar_hora_extra`.`mes` ;

-- --------------------------------------------------------

--
-- Estructura para la vista `genero_vw`
--
DROP TABLE IF EXISTS `genero_vw`;

CREATE ALGORITHM=UNDEFINED DEFINER=`root`@`localhost` SQL SECURITY DEFINER VIEW `genero_vw`  AS SELECT `o`.`oficina` AS `Oficina`, CASE WHEN `e`.`sexo` = 'Mujer' THEN `e`.`id_empleado` END AS `Mujer`, CASE WHEN `e`.`sexo` = 'Hombre' THEN `e`.`id_empleado` END AS `Hombre`, `e`.`id_empleado` AS `ID` FROM (`emp_empleado` `e` join `emp_oficina` `o` on(`e`.`oficina_id` = `o`.`id_oficina`)) ;

-- --------------------------------------------------------

--
-- Estructura para la vista `informes_viaticos_vw`
--
DROP TABLE IF EXISTS `informes_viaticos_vw`;

CREATE ALGORITHM=UNDEFINED DEFINER=`root`@`localhost` SQL SECURITY DEFINER VIEW `informes_viaticos_vw`  AS SELECT `v`.`id_viatico` AS `id`, `c`.`id_centro` AS `id_centro`, `c`.`centro` AS `centro`, `v`.`fecha_inicio` AS `fecha_inicio`, `v`.`fecha_final` AS `fecha_fin`, `v`.`referencia` AS `referencia`, sum(`p`.`pago_viatico`) AS `monto`, `tp`.`tipo_programacion` AS `tipo`, `v`.`estado` AS `estado`, `fp`.`forma_pago` AS `pago` FROM (((((`via_programacion` `p` left join `via_viatico` `v` on(`v`.`id_viatico` = `p`.`viatico_id`)) left join `emp_oficina` `o` on(`o`.`id_oficina` = `p`.`oficina_id`)) left join `emp_centro` `c` on(`c`.`id_centro` = `o`.`centro_id`)) left join `via_forma_pago` `fp` on(`fp`.`id_forma_pago` = `v`.`forma_pago_id`)) left join `via_tipo_programacion` `tp` on(`tp`.`id_tipo_programacion` = `v`.`tipo_programacion_id`)) WHERE `v`.`referencia` is not null GROUP BY `v`.`id_viatico`, `c`.`centro`, `v`.`referencia`, `tp`.`tipo_programacion`, `fp`.`forma_pago`, `v`.`estado`, `v`.`fecha_inicio`, `v`.`fecha_final`, `c`.`id_centro` ORDER BY `v`.`fecha_inicio` ASC ;

-- --------------------------------------------------------

--
-- Estructura para la vista `informe_empleado_vw`
--
DROP TABLE IF EXISTS `informe_empleado_vw`;

CREATE ALGORITHM=UNDEFINED DEFINER=`root`@`localhost` SQL SECURITY DEFINER VIEW `informe_empleado_vw`  AS SELECT `v`.`id_viatico` AS `id`, `e`.`codigo_empleado` AS `codigo`, `e`.`nombre` AS `nombre`, `e`.`apellido` AS `apellido`, `c`.`centro` AS `centro`, concat(`e`.`codigo_empleado`,' ',' ',`e`.`nombre`,' ',`e`.`apellido`) AS `empleado`, `pd`.`fecha_programacion` AS `fecha`, `pd`.`pago_viatico` AS `pago`, `tp`.`tipo_programacion` AS `tipo_programacion` FROM (((((`via_programacion` `p` left join `via_programacion_detalle` `pd` on(`pd`.`programacion_id` = `p`.`id_programacion`)) left join `emp_empleado` `e` on(`e`.`id_empleado` = `p`.`empleado_id`)) left join `via_viatico` `v` on(`v`.`id_viatico` = `p`.`viatico_id`)) left join `emp_centro` `c` on(`c`.`id_centro` = `v`.`centro_id`)) left join `via_tipo_programacion` `tp` on(`v`.`tipo_programacion_id` = `tp`.`id_tipo_programacion`)) WHERE `e`.`guardado` = 1 AND `e`.`activo` = 1 ;

-- --------------------------------------------------------

--
-- Estructura para la vista `informe_liquidaciones_vw`
--
DROP TABLE IF EXISTS `informe_liquidaciones_vw`;

CREATE ALGORITHM=UNDEFINED DEFINER=`root`@`localhost` SQL SECURITY DEFINER VIEW `informe_liquidaciones_vw`  AS SELECT `pd`.`id_programacion_detalle` AS `id_programacion_detalle`, `v`.`referencia` AS `referencia`, `e`.`codigo_empleado` AS `codigo_empleado`, `e`.`nombre` AS `nombre`, `e`.`apellido` AS `apellido`, `pd`.`fecha_programacion` AS `fecha_programacion`, `pd`.`pago_viatico` AS `pago_viatico`, `pd`.`estado` AS `estado_programacion`, `v`.`estado` AS `estado`, `c`.`id_centro` AS `id_centro`, `c`.`centro` AS `centro`, `o`.`oficina` AS `oficina` FROM (((((`via_programacion_detalle` `pd` join `via_programacion` `p` on(`p`.`id_programacion` = `pd`.`programacion_id`)) left join `via_viatico` `v` on(`v`.`id_viatico` = `p`.`viatico_id`)) left join `emp_empleado` `e` on(`e`.`id_empleado` = `p`.`empleado_id`)) left join `emp_oficina` `o` on(`o`.`id_oficina` = `e`.`oficina_id`)) left join `emp_centro` `c` on(`c`.`id_centro` = `v`.`centro_id`)) ;

-- --------------------------------------------------------

--
-- Estructura para la vista `informe_programacion_vw`
--
DROP TABLE IF EXISTS `informe_programacion_vw`;

CREATE ALGORITHM=UNDEFINED DEFINER=`root`@`localhost` SQL SECURITY DEFINER VIEW `informe_programacion_vw`  AS SELECT `u`.`id_unidad_administrativa` AS `id_unidad_administrativa`, `p`.`viatico_id` AS `viatico_id`, `p`.`id_programacion` AS `id_programacion`, `pd`.`fecha_programacion` AS `fecha_programacion`, `p`.`fecha_registro` AS `fecha_registro`, `pd`.`pago_viatico` AS `pago_viatico`, `pd`.`estado` AS `estado`, `p`.`estado` AS `estado_programacion`, `p`.`impreso` AS `impreso`, `e`.`codigo_empleado` AS `codigo_empleado`, `e`.`nombre` AS `nombre`, `e`.`apellido` AS `apellido`, `ti`.`tipo_plaza` AS `tipo_plaza`, `o`.`oficina` AS `oficina`, `u`.`unidad_administrativa` AS `unidad_administrativa`, `c`.`centro` AS `centro`, `a`.`actividad` AS `actividad`, `lm`.`lugar_mision` AS `lugar_mision`, `d`.`departamento` AS `departamento`, `tv`.`tipo_viatico` AS `tipo_viatico`, `tv`.`valor` AS `valor`, `tv`.`codigo` AS `codigo`, `au`.`nombre_usuario` AS `nombre_usuario`, `v`.`referencia` AS `referencia`, `p`.`usuario_id` AS `usuario_id`, `c`.`id_centro` AS `id_centro`, `b`.`id_banco` AS `id_banco`, `b`.`nombre_banco` AS `banco` FROM (((((((((((((`via_programacion_detalle` `pd` join `via_programacion` `p` on(`pd`.`programacion_id` = `p`.`id_programacion`)) left join `emp_empleado` `e` on(`e`.`id_empleado` = `p`.`empleado_id`)) left join `emp_oficina` `o` on(`o`.`id_oficina` = `e`.`oficina_id`)) left join `emp_centro` `c` on(`c`.`id_centro` = `o`.`centro_id`)) left join `emp_unidad_administrativa` `u` on(`u`.`id_unidad_administrativa` = `o`.`unidad_administrativa_id`)) left join `admin_usuario` `au` on(`au`.`id_usuario` = `p`.`usuario_id`)) left join `via_lugar_mision` `lm` on(`lm`.`id_lugar_mision` = `p`.`lugar_mision_id`)) left join `via_tipo_viatico` `tv` on(`tv`.`id_tipo_viatico` = `p`.`tipo_viatico_id`)) left join `via_actividad` `a` on(`a`.`id_actividad` = `p`.`actividad_id`)) left join `via_viatico` `v` on(`v`.`id_viatico` = `p`.`viatico_id`)) left join `emp_tipo_plaza` `ti` on(`ti`.`id_tipo_plaza` = `e`.`tipo_plaza_id`)) left join `emp_departamento` `d` on(`d`.`id_departamento` = `lm`.`departamento_id`)) left join `emp_banco` `b` on(`b`.`id_banco` = `e`.`banco_id`)) WHERE `e`.`guardado` = 1 AND `e`.`activo` = 1 ;

-- --------------------------------------------------------

--
-- Estructura para la vista `jefaturas_vw`
--
DROP TABLE IF EXISTS `jefaturas_vw`;

CREATE ALGORITHM=UNDEFINED DEFINER=`root`@`localhost` SQL SECURITY DEFINER VIEW `jefaturas_vw`  AS SELECT `emp_empleado`.`codigo_empleado` AS `codigo_empleado`, `emp_empleado`.`nombre` AS `nombre`, `emp_empleado`.`apellido` AS `apellido`, `emp_empleado`.`correo` AS `correo`, `emp_unidad_administrativa`.`unidad_administrativa` AS `unidad_administrativa`, `emp_cargo_mp`.`cargo_mp` AS `cargo_mp`, `emp_oficina`.`oficina` AS `oficina`, `emp_oficina`.`telefono_oficina` AS `telefono_oficina` FROM (((`emp_empleado` left join `emp_oficina` on(`emp_oficina`.`id_oficina` = `emp_empleado`.`oficina_id`)) left join `emp_unidad_administrativa` on(`emp_oficina`.`unidad_administrativa_id` = `emp_unidad_administrativa`.`id_unidad_administrativa`)) left join `emp_cargo_mp` on(`emp_cargo_mp`.`id_cargo_mp` = `emp_empleado`.`cargo_mp_id`)) WHERE `emp_empleado`.`es_jefe` = 1 ;

-- --------------------------------------------------------

--
-- Estructura para la vista `listado_programaciones_vw`
--
DROP TABLE IF EXISTS `listado_programaciones_vw`;

CREATE ALGORITHM=UNDEFINED DEFINER=`root`@`localhost` SQL SECURITY DEFINER VIEW `listado_programaciones_vw`  AS SELECT `p`.`id_programacion` AS `id_programacion`, `e`.`id_empleado` AS `id_empleado`, `e`.`nombre` AS `nombre`, `e`.`apellido` AS `apellido`, `e`.`codigo_empleado` AS `codigo_empleado`, `o`.`oficina` AS `oficina`, `c`.`centro` AS `centro`, `c`.`id_centro` AS `id_centro`, `p`.`fecha_desde` AS `fecha_desde`, `p`.`fecha_hasta` AS `fecha_hasta`, `tp`.`tipo_viatico` AS `tipo_viatico`, `p`.`pago_viatico` AS `pago_viatico`, `p`.`estado` AS `estado`, `o`.`id_oficina` AS `id_oficina`, `p`.`usuario_id` AS `usuario_id` FROM ((((`via_programacion` `p` join `emp_empleado` `e` on(`e`.`id_empleado` = `p`.`empleado_id`)) left join `emp_oficina` `o` on(`o`.`id_oficina` = `e`.`oficina_id`)) left join `emp_centro` `c` on(`c`.`id_centro` = `o`.`centro_id`)) left join `via_tipo_viatico` `tp` on(`tp`.`id_tipo_viatico` = `p`.`tipo_viatico_id`)) WHERE `e`.`guardado` = 1 AND `e`.`activo` = 1 ;

-- --------------------------------------------------------

--
-- Estructura para la vista `llegada_tarde_fecha_vw`
--
DROP TABLE IF EXISTS `llegada_tarde_fecha_vw`;

CREATE ALGORITHM=UNDEFINED DEFINER=`root`@`localhost` SQL SECURITY DEFINER VIEW `llegada_tarde_fecha_vw`  AS SELECT `marcacion_llegada_tarde_vw`.`id_empleado` AS `id_empleado`, `marcacion_llegada_tarde_vw`.`mes` AS `mes`, `marcacion_llegada_tarde_vw`.`semana` AS `semana`, `marcacion_llegada_tarde_vw`.`fecha_marcacion` AS `fecha_marcacion` FROM `marcacion_llegada_tarde_vw` WHERE `marcacion_llegada_tarde_vw`.`minutos` in (select max(`marcacion_llegada_tarde_vw`.`minutos`) from `marcacion_llegada_tarde_vw` where `marcacion_llegada_tarde_vw`.`minutos` > '00:05:00' AND `marcacion_llegada_tarde_vw`.`permiso_fecha` is null group by `marcacion_llegada_tarde_vw`.`id_empleado`,`marcacion_llegada_tarde_vw`.`mes`,`marcacion_llegada_tarde_vw`.`semana`) ;

-- --------------------------------------------------------

--
-- Estructura para la vista `marcaciones_ausencia_vw`
--
DROP TABLE IF EXISTS `marcaciones_ausencia_vw`;

CREATE ALGORITHM=UNDEFINED DEFINER=`root`@`localhost` SQL SECURITY DEFINER VIEW `marcaciones_ausencia_vw`  AS SELECT concat(`e`.`codigo_empleado`,' ',`e`.`nombre`,' ',`e`.`apellido`,' ',`u`.`unidad_administrativa`) AS `empleado`, `e`.`salario_actual` AS `salario`, month(`c`.`fecha`) AS `mes`, `e`.`id_empleado` AS `id_empleado`, `e`.`codigo_empleado` AS `codigo_empleado`, `e`.`nombre` AS `nombre`, `e`.`apellido` AS `apellido`, `ti`.`tipo_plaza` AS `tipo_plaza`, `o`.`oficina` AS `oficina`, cast(`c`.`fecha` as date) AS `fecha`, cast(`m`.`fecha` as date) AS `fecha_marcacion`, cast(`a`.`fecha` as date) AS `fecha_asueto`, CASE WHEN `p`.`estado` = 1 THEN `pde`.`fecha_permiso` END AS `fecha_permiso`, CASE WHEN `a`.`fecha` is null AND `pde`.`fecha_permiso` is null AND `m`.`fecha` is null THEN 8 ELSE 0 END AS `hora_ausencia` FROM ((((((((((`mar_calendario` `c` left join `mar_calendario_emp` `ce` on(`c`.`id_calendario` = `ce`.`calendario_id`)) left join `emp_empleado` `e` on(`e`.`id_empleado` = `ce`.`empleado_id`)) left join `emp_oficina` `o` on(`o`.`id_oficina` = `e`.`oficina_id`)) left join `emp_unidad_administrativa` `u` on(`u`.`id_unidad_administrativa` = `o`.`unidad_administrativa_id`)) left join `emp_centro` `cen` on(`cen`.`id_centro` = `o`.`centro_id`)) left join `mar_marcacion` `m` on(`m`.`emp_calendario_id` = `ce`.`id_calendario_emp`)) left join `mar_asueto` `a` on(`a`.`calendario_id` = `c`.`id_calendario`)) left join `mar_permiso_detalle` `pde` on(`pde`.`emp_calendario_id` = `ce`.`id_calendario_emp`)) left join `emp_tipo_plaza` `ti` on(`ti`.`id_tipo_plaza` = `e`.`tipo_plaza_id`)) left join `mar_permiso` `p` on(`p`.`id_permiso` = `pde`.`permiso_id`)) WHERE `e`.`guardado` = 1 AND `e`.`activo` = 1 ;

-- --------------------------------------------------------

--
-- Estructura para la vista `marcacion_falta_entrada_vw`
--
DROP TABLE IF EXISTS `marcacion_falta_entrada_vw`;

CREATE ALGORITHM=UNDEFINED DEFINER=`root`@`localhost` SQL SECURITY DEFINER VIEW `marcacion_falta_entrada_vw`  AS SELECT `e`.`id_empleado` AS `id_empleado`, `e`.`codigo_empleado` AS `codigo_empleado`, `e`.`nombre` AS `nombre`, `e`.`apellido` AS `apellido`, `e`.`pin_empleado` AS `pin_empleado`, `u`.`id_unidad_administrativa` AS `id_unidad_administrativa`, `o`.`oficina` AS `oficina`, `m`.`fecha` AS `fecha_marcacion`, month(`m`.`fecha`) AS `mes`, `tp`.`tipo_plaza` AS `tipo`, `e`.`salario_actual` AS `salario`, max(`m`.`hora`) AS `hora_marcacion`, CASE WHEN `pdt`.`fecha_permiso` = `m`.`fecha` AND `p`.`estado` = 1 AND `pdt`.`hora_inicio` > '07:30:00' AND `pdt`.`hora_fin` < '12:30:00' THEN `pdt`.`fecha_permiso` END AS `permiso_fecha` FROM (((((((((`mar_marcacion` `m` left join `emp_empleado` `e` on(`e`.`id_empleado` = `m`.`empleado_id`)) left join `mar_permiso_detalle` `pdt` on(`pdt`.`emp_calendario_id` = `m`.`emp_calendario_id`)) left join `emp_oficina` `o` on(`o`.`id_oficina` = `e`.`oficina_id`)) left join `emp_unidad_administrativa` `u` on(`u`.`id_unidad_administrativa` = `o`.`unidad_administrativa_id`)) left join `mar_calendario_emp` `ce` on(`ce`.`id_calendario_emp` = `m`.`emp_calendario_id`)) left join `mar_calendario` `c` on(`ce`.`calendario_id` = `c`.`id_calendario`)) left join `mar_asueto` `a` on(`a`.`calendario_id` = `c`.`id_calendario`)) left join `emp_tipo_plaza` `tp` on(`e`.`tipo_plaza_id` = `tp`.`id_tipo_plaza`)) left join `mar_permiso` `p` on(`p`.`id_permiso` = `pdt`.`permiso_id`)) WHERE (`a`.`fecha` = 0 OR `a`.`fecha` is null) AND (`pdt`.`fecha_permiso` = 0 OR `pdt`.`fecha_permiso` is null) AND `m`.`hora` > '12:30:00' AND `e`.`guardado` = 1 AND `e`.`activo` = 1 GROUP BY `e`.`id_empleado`, `e`.`codigo_empleado`, `e`.`nombre`, `e`.`apellido`, `e`.`pin_empleado`, `u`.`id_unidad_administrativa`, `o`.`oficina`, `m`.`fecha`, `tp`.`tipo_plaza`, `e`.`salario_actual`, `pdt`.`fecha_permiso`, `pdt`.`hora_inicio`, `pdt`.`hora_fin`, `p`.`estado` ;

-- --------------------------------------------------------

--
-- Estructura para la vista `marcacion_falta_salida_vw`
--
DROP TABLE IF EXISTS `marcacion_falta_salida_vw`;

CREATE ALGORITHM=UNDEFINED DEFINER=`root`@`localhost` SQL SECURITY DEFINER VIEW `marcacion_falta_salida_vw`  AS SELECT `e`.`id_empleado` AS `id_empleado`, `e`.`codigo_empleado` AS `codigo_empleado`, `e`.`nombre` AS `nombre`, `e`.`apellido` AS `apellido`, `e`.`pin_empleado` AS `pin_empleado`, `u`.`id_unidad_administrativa` AS `id_unidad_administrativa`, `o`.`oficina` AS `oficina`, `m`.`fecha` AS `fecha_marcacion`, month(`m`.`fecha`) AS `mes`, `tp`.`tipo_plaza` AS `tipo`, `e`.`salario_actual` AS `salario`, max(`m`.`hora`) AS `hora_marcacion`, CASE WHEN `pdt`.`fecha_permiso` = `m`.`fecha` AND `p`.`estado` = 1 AND `pdt`.`hora_inicio` > '12:30:00' AND `pdt`.`hora_fin` < '15:30:00' THEN `pdt`.`fecha_permiso` END AS `permiso_fecha` FROM (((((((((`mar_marcacion` `m` left join `emp_empleado` `e` on(`e`.`id_empleado` = `m`.`empleado_id`)) left join `mar_permiso_detalle` `pdt` on(`pdt`.`emp_calendario_id` = `m`.`emp_calendario_id`)) left join `emp_oficina` `o` on(`o`.`id_oficina` = `e`.`oficina_id`)) left join `emp_unidad_administrativa` `u` on(`u`.`id_unidad_administrativa` = `o`.`unidad_administrativa_id`)) left join `mar_calendario_emp` `ce` on(`ce`.`id_calendario_emp` = `m`.`emp_calendario_id`)) left join `mar_calendario` `c` on(`ce`.`calendario_id` = `c`.`id_calendario`)) left join `mar_asueto` `a` on(`a`.`calendario_id` = `c`.`id_calendario`)) left join `emp_tipo_plaza` `tp` on(`e`.`tipo_plaza_id` = `tp`.`id_tipo_plaza`)) left join `mar_permiso` `p` on(`p`.`id_permiso` = `pdt`.`permiso_id`)) WHERE (`a`.`fecha` = 0 OR `a`.`fecha` is null) AND (`pdt`.`fecha_permiso` = 0 OR `pdt`.`fecha_permiso` is null) AND `m`.`hora` < '12:30:00' AND `e`.`guardado` = 1 AND `e`.`activo` = 1 GROUP BY `e`.`id_empleado`, `e`.`codigo_empleado`, `e`.`nombre`, `e`.`apellido`, `e`.`pin_empleado`, `u`.`id_unidad_administrativa`, `o`.`oficina`, `m`.`fecha`, `tp`.`tipo_plaza`, `e`.`salario_actual`, `pdt`.`fecha_permiso`, `pdt`.`hora_inicio`, `pdt`.`hora_fin`, `p`.`estado` ;

-- --------------------------------------------------------

--
-- Estructura para la vista `marcacion_intermedias_vw`
--
DROP TABLE IF EXISTS `marcacion_intermedias_vw`;

CREATE ALGORITHM=UNDEFINED DEFINER=`root`@`localhost` SQL SECURITY DEFINER VIEW `marcacion_intermedias_vw`  AS SELECT `e`.`id_empleado` AS `id_empleado`, `e`.`codigo_empleado` AS `codigo_empleado`, `e`.`nombre` AS `nombre`, `e`.`apellido` AS `apellido`, `e`.`pin_empleado` AS `pin_empleado`, `u`.`id_unidad_administrativa` AS `id_unidad_administrativa`, `o`.`oficina` AS `oficina`, cast(`m`.`fecha` as date) AS `fecha_marcacion`, month(`m`.`fecha`) AS `mes`, `tp`.`tipo_plaza` AS `tipo`, `e`.`salario_actual` AS `salario`, `m`.`hora` AS `hora_marcacion`, CASE WHEN `pdt`.`fecha_permiso` = `m`.`fecha` AND `p`.`estado` = 1 THEN `pdt`.`fecha_permiso` END AS `permiso_fecha`, `a`.`fecha` AS `fecha_asueto` FROM (((((((((`mar_marcacion` `m` left join `emp_empleado` `e` on(`e`.`id_empleado` = `m`.`empleado_id`)) left join `mar_permiso_detalle` `pdt` on(`pdt`.`emp_calendario_id` = `m`.`emp_calendario_id`)) left join `emp_oficina` `o` on(`o`.`id_oficina` = `m`.`oficina_id`)) left join `emp_unidad_administrativa` `u` on(`u`.`id_unidad_administrativa` = `o`.`unidad_administrativa_id`)) left join `mar_calendario_emp` `ce` on(`ce`.`id_calendario_emp` = `m`.`emp_calendario_id`)) left join `mar_calendario` `c` on(`ce`.`calendario_id` = `c`.`id_calendario`)) left join `mar_asueto` `a` on(`a`.`calendario_id` = `c`.`id_calendario`)) left join `emp_tipo_plaza` `tp` on(`e`.`tipo_plaza_id` = `tp`.`id_tipo_plaza`)) left join `mar_permiso` `p` on(`p`.`id_permiso` = `pdt`.`permiso_id`)) WHERE `e`.`guardado` = 1 AND `e`.`activo` = 1 ORDER BY `e`.`id_empleado` ASC, `e`.`codigo_empleado` ASC, `e`.`nombre` ASC, `e`.`apellido` ASC, `e`.`pin_empleado` ASC, `u`.`id_unidad_administrativa` ASC, `o`.`oficina` ASC, `m`.`fecha` ASC, `tp`.`tipo_plaza` ASC, `e`.`salario_actual` ASC, `m`.`hora` ASC ;

-- --------------------------------------------------------

--
-- Estructura para la vista `marcacion_llegada_tarde_vw`
--
DROP TABLE IF EXISTS `marcacion_llegada_tarde_vw`;

CREATE ALGORITHM=UNDEFINED DEFINER=`root`@`localhost` SQL SECURITY DEFINER VIEW `marcacion_llegada_tarde_vw`  AS SELECT `e`.`codigo_empleado` AS `codigo_empleado`, `e`.`id_empleado` AS `id_empleado`, `e`.`nombre` AS `nombre`, `e`.`apellido` AS `apellido`, `e`.`pin_empleado` AS `pin_empleado`, `u`.`unidad_administrativa` AS `unidad_administrativa`, `o`.`oficina` AS `oficina`, `ti`.`tipo_plaza` AS `tipo_plaza`, `e`.`salario_actual` AS `salario_actual`, `m`.`fecha` AS `fecha_marcacion`, min(`m`.`hora`) AS `hora`, `m`.`fecha_hora` AS `fecha_hora`, sec_to_time(timestampdiff(SECOND,cast(concat(`m`.`fecha`,' ','7:30:00') as datetime),min(`m`.`fecha_hora`))) AS `minutos`, concat(week(`m`.`fecha`,5) - week(`m`.`fecha` - interval dayofmonth(`m`.`fecha`) - 1 day,5) + 1,' ','Semana') AS `semana`, month(`m`.`fecha`) AS `mes`, CASE WHEN `pdt`.`fecha_permiso` = `m`.`fecha` AND `p`.`estado` = 1 AND (`pdt`.`hora_inicio` <= '12:00:00' OR `pdt`.`hora_fin` <= '12:00:00') THEN `pdt`.`fecha_permiso` END AS `permiso_fecha`, `a`.`fecha` AS `fecha_asueto` FROM (((((((((`mar_marcacion` `m` left join `emp_empleado` `e` on(`e`.`id_empleado` = `m`.`empleado_id`)) left join `mar_permiso_detalle` `pdt` on(`pdt`.`emp_calendario_id` = `m`.`emp_calendario_id`)) left join `emp_oficina` `o` on(`o`.`id_oficina` = `m`.`oficina_id`)) left join `emp_unidad_administrativa` `u` on(`u`.`id_unidad_administrativa` = `o`.`unidad_administrativa_id`)) left join `mar_calendario_emp` `ce` on(`ce`.`id_calendario_emp` = `m`.`emp_calendario_id`)) left join `mar_calendario` `c` on(`ce`.`calendario_id` = `c`.`id_calendario`)) left join `mar_asueto` `a` on(`a`.`calendario_id` = `c`.`id_calendario`)) left join `emp_tipo_plaza` `ti` on(`ti`.`id_tipo_plaza` = `e`.`tipo_plaza_id`)) left join `mar_permiso` `p` on(`p`.`id_permiso` = `pdt`.`permiso_id`)) WHERE `m`.`hora` between '07:30:00' and '12:00:00' AND `e`.`guardado` = 1 AND `e`.`activo` = 1 GROUP BY `e`.`codigo_empleado`, `e`.`id_empleado`, `e`.`nombre`, `e`.`apellido`, `e`.`pin_empleado`, `u`.`unidad_administrativa`, `o`.`oficina`, `ti`.`tipo_plaza`, `e`.`salario_actual`, `m`.`fecha`, `pdt`.`hora_inicio`, `pdt`.`hora_fin`, `a`.`fecha`, `pdt`.`fecha_permiso`, `m`.`fecha_hora`, `p`.`estado` ;

-- --------------------------------------------------------

--
-- Estructura para la vista `marcacion_salida_temprano_vw`
--
DROP TABLE IF EXISTS `marcacion_salida_temprano_vw`;

CREATE ALGORITHM=UNDEFINED DEFINER=`root`@`localhost` SQL SECURITY DEFINER VIEW `marcacion_salida_temprano_vw`  AS SELECT `e`.`codigo_empleado` AS `codigo_empleado`, `e`.`nombre` AS `nombre`, `e`.`apellido` AS `apellido`, `e`.`pin_empleado` AS `pin_empleado`, `u`.`id_unidad_administrativa` AS `id_unidad_administrativa`, `o`.`oficina` AS `oficina`, `m`.`fecha` AS `fecha_marcacion`, year(`m`.`fecha`) AS `anio_marcacion`, `tp`.`tipo_plaza` AS `tipo`, month(`m`.`fecha`) AS `mes`, `e`.`salario_actual` AS `salario`, max(`m`.`hora`) AS `hora_marcacion`, CASE WHEN `pdt`.`fecha_permiso` = `m`.`fecha` AND `p`.`estado` = 1 AND (`pdt`.`hora_inicio` > '12:00:00' OR `pdt`.`hora_fin` < '12:00:00') THEN `pdt`.`fecha_permiso` END AS `permiso_fecha`, sec_to_time(timestampdiff(SECOND,max(`m`.`fecha_hora`),cast(concat(`m`.`fecha`,' ','15:30:00') as datetime))) AS `minutos` FROM (((((((((`mar_marcacion` `m` left join `emp_empleado` `e` on(`e`.`id_empleado` = `m`.`empleado_id`)) left join `mar_permiso_detalle` `pdt` on(`pdt`.`emp_calendario_id` = `m`.`emp_calendario_id`)) left join `emp_oficina` `o` on(`o`.`id_oficina` = `e`.`oficina_id`)) left join `emp_unidad_administrativa` `u` on(`u`.`id_unidad_administrativa` = `o`.`unidad_administrativa_id`)) left join `mar_calendario_emp` `ce` on(`ce`.`id_calendario_emp` = `m`.`emp_calendario_id`)) left join `mar_calendario` `c` on(`ce`.`calendario_id` = `c`.`id_calendario`)) left join `mar_asueto` `a` on(`a`.`calendario_id` = `c`.`id_calendario`)) left join `emp_tipo_plaza` `tp` on(`e`.`tipo_plaza_id` = `tp`.`id_tipo_plaza`)) left join `mar_permiso` `p` on(`p`.`id_permiso` = `pdt`.`permiso_id`)) WHERE `m`.`hora` between '12:30:00' and '15:30:00' AND `e`.`guardado` = 1 AND `e`.`activo` = 1 GROUP BY `e`.`codigo_empleado`, `e`.`nombre`, `e`.`apellido`, `e`.`pin_empleado`, `u`.`id_unidad_administrativa`, `o`.`oficina`, `m`.`fecha`, `tp`.`tipo_plaza`, `e`.`salario_actual`, `pdt`.`fecha_permiso`, `pdt`.`hora_inicio`, `pdt`.`hora_fin`, `p`.`estado` ;

-- --------------------------------------------------------

--
-- Estructura para la vista `permiso_sin_goce_sueldo_vw`
--
DROP TABLE IF EXISTS `permiso_sin_goce_sueldo_vw`;

CREATE ALGORITHM=UNDEFINED DEFINER=`root`@`localhost` SQL SECURITY DEFINER VIEW `permiso_sin_goce_sueldo_vw`  AS SELECT month(`pd`.`fecha_permiso`) AS `mes`, year(`pd`.`fecha_permiso`) AS `anio`, `pd`.`fecha_permiso` AS `fecha_permiso`, `e`.`id_empleado` AS `id_empleado`, `e`.`codigo_empleado` AS `codigo_empleado`, `e`.`nombre` AS `nombre`, `e`.`apellido` AS `apellido`, `e`.`salario_actual` AS `salario_actual`, `tp`.`tipo_plaza` AS `tipo_plaza`, `pd`.`horas_acumuladas` AS `horas_acumuladas`, `p`.`id_permiso` AS `id_permiso`, `ti`.`codigo_permiso` AS `codigo_permiso` FROM ((((`mar_permiso` `p` left join `emp_empleado` `e` on(`e`.`id_empleado` = `p`.`empleado_id`)) left join `emp_tipo_plaza` `tp` on(`tp`.`id_tipo_plaza` = `e`.`tipo_plaza_id`)) left join `mar_permiso_detalle` `pd` on(`pd`.`permiso_id` = `p`.`id_permiso`)) left join `mar_tipo_permiso` `ti` on(`ti`.`id_tipo_permiso` = `p`.`tipo_permiso_id`)) WHERE `e`.`guardado` = 1 AND `e`.`activo` = 1 AND `p`.`estado` = 1 ;

-- --------------------------------------------------------

--
-- Estructura para la vista `reporte_unidad_vw`
--
DROP TABLE IF EXISTS `reporte_unidad_vw`;

CREATE ALGORITHM=UNDEFINED DEFINER=`root`@`localhost` SQL SECURITY DEFINER VIEW `reporte_unidad_vw`  AS SELECT `emp_empleado`.`nombre` AS `nombre`, `emp_empleado`.`apellido` AS `apellido`, `emp_unidad_administrativa`.`unidad_administrativa` AS `unidad_administrativa`, `emp_cargo_mp`.`cargo_mp` AS `cargo_mp` FROM (((`emp_empleado` left join `emp_oficina` on(`emp_oficina`.`id_oficina` = `emp_empleado`.`oficina_id`)) left join `emp_unidad_administrativa` on(`emp_oficina`.`unidad_administrativa_id` = `emp_unidad_administrativa`.`id_unidad_administrativa`)) left join `emp_cargo_mp` on(`emp_cargo_mp`.`id_cargo_mp` = `emp_empleado`.`cargo_mp_id`)) WHERE `emp_empleado`.`guardado` = 1 ;

-- --------------------------------------------------------

--
-- Estructura para la vista `traslado_vw`
--
DROP TABLE IF EXISTS `traslado_vw`;

CREATE ALGORITHM=UNDEFINED DEFINER=`root`@`localhost` SQL SECURITY DEFINER VIEW `traslado_vw`  AS SELECT `emp_historial`.`codigo_empleado` AS `codigo_empleado`, `emp_historial`.`nombre` AS `nombre`, `emp_historial`.`apellido` AS `apellido`, `emp_unidad_administrativa`.`unidad_administrativa` AS `unidad`, `emp_oficina`.`oficina` AS `oficina`, `emp_historial`.`fecha_traslado` AS `fecha_traslado`, `emp_historial`.`fecha_ingreso` AS `fecha_ingreso`, `emp_cargo_mp`.`cargo_mp` AS `cargo_mp`, `emp_cargo_hacienda`.`cargo_hacienda` AS `cargo_hacienda`, `cn`.`cargo` AS `cargo_nominal`, `cf`.`cargo` AS `cargo_funcional` FROM ((((((`emp_historial` left join `emp_oficina` on(`emp_oficina`.`id_oficina` = `emp_historial`.`oficina_id`)) left join `emp_unidad_administrativa` on(`emp_oficina`.`unidad_administrativa_id` = `emp_unidad_administrativa`.`id_unidad_administrativa`)) left join `emp_cargo` `cf` on(`cf`.`id_cargo` = `emp_historial`.`cargo_funcional_id`)) left join `emp_cargo` `cn` on(`cn`.`id_cargo` = `emp_historial`.`cargo_nominal_id`)) left join `emp_cargo_hacienda` on(`emp_cargo_hacienda`.`id_cargo_hacienda` = `emp_historial`.`cargo_hacienda_id`)) left join `emp_cargo_mp` on(`emp_cargo_mp`.`id_cargo_mp` = `emp_historial`.`cargo_mp_id`)) ORDER BY `emp_historial`.`codigo_empleado` DESC, `emp_historial`.`fecha_traslado` DESC ;

-- --------------------------------------------------------

--
-- Estructura para la vista `unidades_vw`
--
DROP TABLE IF EXISTS `unidades_vw`;

CREATE ALGORITHM=UNDEFINED DEFINER=`root`@`localhost` SQL SECURITY DEFINER VIEW `unidades_vw`  AS SELECT DISTINCT `emp_unidad_administrativa`.`unidad_administrativa` AS `unidad_administrativa` FROM ((`emp_empleado` left join `emp_oficina` on(`emp_empleado`.`oficina_id` = `emp_oficina`.`id_oficina`)) left join `emp_unidad_administrativa` on(`emp_oficina`.`unidad_administrativa_id` = `emp_unidad_administrativa`.`id_unidad_administrativa`)) WHERE `emp_empleado`.`guardado` = 1 ;

--
-- Índices para tablas volcadas
--

--
-- Indices de la tabla `admin_usuario`
--
ALTER TABLE `admin_usuario`
  ADD PRIMARY KEY (`id_usuario`),
  ADD UNIQUE KEY `admin_usuario_nombre_usuario_unique` (`nombre_usuario`),
  ADD UNIQUE KEY `admin_usuario_email_unique` (`email`),
  ADD KEY `admin_usuario_empleado_id_foreign` (`empleado_id`);

--
-- Indices de la tabla `admin_usuario_oficina`
--
ALTER TABLE `admin_usuario_oficina`
  ADD PRIMARY KEY (`id_usuario_oficina`),
  ADD KEY `admin_usuario_oficina_usuario_id_foreign` (`usuario_id`),
  ADD KEY `admin_usuario_oficina_oficina_id_foreign` (`oficina_id`);

--
-- Indices de la tabla `emp_banco`
--
ALTER TABLE `emp_banco`
  ADD PRIMARY KEY (`id_banco`);

--
-- Indices de la tabla `emp_cargo`
--
ALTER TABLE `emp_cargo`
  ADD PRIMARY KEY (`id_cargo`);

--
-- Indices de la tabla `emp_cargo_hacienda`
--
ALTER TABLE `emp_cargo_hacienda`
  ADD PRIMARY KEY (`id_cargo_hacienda`);

--
-- Indices de la tabla `emp_cargo_mp`
--
ALTER TABLE `emp_cargo_mp`
  ADD PRIMARY KEY (`id_cargo_mp`);

--
-- Indices de la tabla `emp_centro`
--
ALTER TABLE `emp_centro`
  ADD PRIMARY KEY (`id_centro`);

--
-- Indices de la tabla `emp_departamento`
--
ALTER TABLE `emp_departamento`
  ADD PRIMARY KEY (`id_departamento`);

--
-- Indices de la tabla `emp_documento`
--
ALTER TABLE `emp_documento`
  ADD PRIMARY KEY (`id_documento`),
  ADD KEY `emp_documento_empleado_id_foreign` (`empleado_id`);

--
-- Indices de la tabla `emp_empleado`
--
ALTER TABLE `emp_empleado`
  ADD PRIMARY KEY (`id_empleado`),
  ADD KEY `emp_empleado_municipio_id_foreign` (`municipio_id`),
  ADD KEY `emp_empleado_nivel_academico_id_foreign` (`nivel_academico_id`),
  ADD KEY `emp_empleado_cargo_nominal_id_foreign` (`cargo_nominal_id`),
  ADD KEY `emp_empleado_tipo_plaza_id_foreign` (`tipo_plaza_id`),
  ADD KEY `emp_empleado_estado_civil_id_foreign` (`estado_civil_id`),
  ADD KEY `emp_empleado_banco_id_foreign` (`banco_id`),
  ADD KEY `emp_empleado_cargo_funcional_id_foreign` (`cargo_funcional_id`),
  ADD KEY `emp_empleado_oficina_id_foreign` (`oficina_id`),
  ADD KEY `emp_empleado_cargo_mp_id_foreign` (`cargo_mp_id`),
  ADD KEY `emp_empleado_cargo_hacienda_id_foreign` (`cargo_hacienda_id`);

--
-- Indices de la tabla `emp_estado_civil`
--
ALTER TABLE `emp_estado_civil`
  ADD PRIMARY KEY (`id_estado_civil`);

--
-- Indices de la tabla `emp_historial`
--
ALTER TABLE `emp_historial`
  ADD PRIMARY KEY (`id_historial`),
  ADD KEY `emp_historial_municipio_id_foreign` (`municipio_id`),
  ADD KEY `emp_historial_nivel_academico_id_foreign` (`nivel_academico_id`),
  ADD KEY `emp_historial_cargo_nominal_id_foreign` (`cargo_nominal_id`),
  ADD KEY `emp_historial_tipo_plaza_id_foreign` (`tipo_plaza_id`),
  ADD KEY `emp_historial_estado_civil_id_foreign` (`estado_civil_id`),
  ADD KEY `emp_historial_banco_id_foreign` (`banco_id`),
  ADD KEY `emp_historial_cargo_funcional_id_foreign` (`cargo_funcional_id`),
  ADD KEY `emp_historial_oficina_id_foreign` (`oficina_id`),
  ADD KEY `emp_historial_cargo_mp_id_foreign` (`cargo_mp_id`),
  ADD KEY `emp_historial_cargo_hacienda_id_foreign` (`cargo_hacienda_id`),
  ADD KEY `emp_historial_empleado_id_foreign` (`empleado_id`),
  ADD KEY `emp_historial_usuario_id_foreign` (`usuario_id`);

--
-- Indices de la tabla `emp_municipio`
--
ALTER TABLE `emp_municipio`
  ADD PRIMARY KEY (`id_municipio`),
  ADD KEY `emp_municipio_departamento_id_foreign` (`departamento_id`);

--
-- Indices de la tabla `emp_nivel_academico`
--
ALTER TABLE `emp_nivel_academico`
  ADD PRIMARY KEY (`id_nivel_academico`);

--
-- Indices de la tabla `emp_oficina`
--
ALTER TABLE `emp_oficina`
  ADD PRIMARY KEY (`id_oficina`),
  ADD KEY `emp_oficina_unidad_administrativa_id_foreign` (`unidad_administrativa_id`),
  ADD KEY `emp_oficina_centro_id_foreign` (`centro_id`);

--
-- Indices de la tabla `emp_tipo_plaza`
--
ALTER TABLE `emp_tipo_plaza`
  ADD PRIMARY KEY (`id_tipo_plaza`);

--
-- Indices de la tabla `emp_unidad_administrativa`
--
ALTER TABLE `emp_unidad_administrativa`
  ADD PRIMARY KEY (`id_unidad_administrativa`);

--
-- Indices de la tabla `mar_asueto`
--
ALTER TABLE `mar_asueto`
  ADD PRIMARY KEY (`id_asueto`),
  ADD KEY `mar_asueto_calendario_id_foreign` (`calendario_id`);

--
-- Indices de la tabla `mar_calendario`
--
ALTER TABLE `mar_calendario`
  ADD PRIMARY KEY (`id_calendario`);

--
-- Indices de la tabla `mar_calendario_emp`
--
ALTER TABLE `mar_calendario_emp`
  ADD PRIMARY KEY (`id_calendario_emp`),
  ADD KEY `mar_calendario_emp_calendario_id_foreign` (`calendario_id`),
  ADD KEY `mar_calendario_emp_empleado_id_foreign` (`empleado_id`);

--
-- Indices de la tabla `mar_historial`
--
ALTER TABLE `mar_historial`
  ADD PRIMARY KEY (`id_historial`);

--
-- Indices de la tabla `mar_hora_extra`
--
ALTER TABLE `mar_hora_extra`
  ADD PRIMARY KEY (`id_hora_extra`),
  ADD KEY `mar_hora_extra_empleado_id_foreign` (`empleado_id`);

--
-- Indices de la tabla `mar_marcacion`
--
ALTER TABLE `mar_marcacion`
  ADD PRIMARY KEY (`id_marcacion`),
  ADD KEY `mar_marcacion_oficina_id_foreign` (`oficina_id`),
  ADD KEY `mar_marcacion_empleado_id_foreign` (`empleado_id`),
  ADD KEY `mar_marcacion_emp_calendario_id_foreign` (`emp_calendario_id`);

--
-- Indices de la tabla `mar_meses_horas`
--
ALTER TABLE `mar_meses_horas`
  ADD PRIMARY KEY (`id_meses_horas`);

--
-- Indices de la tabla `mar_permiso`
--
ALTER TABLE `mar_permiso`
  ADD PRIMARY KEY (`id_permiso`),
  ADD KEY `mar_permiso_empleado_id_foreign` (`empleado_id`),
  ADD KEY `mar_permiso_tipo_permiso_id_foreign` (`tipo_permiso_id`);

--
-- Indices de la tabla `mar_permiso_detalle`
--
ALTER TABLE `mar_permiso_detalle`
  ADD PRIMARY KEY (`id_permiso_detalle`),
  ADD KEY `mar_permiso_detalle_permiso_id_foreign` (`permiso_id`),
  ADD KEY `mar_permiso_detalle_emp_calendario_id_foreign` (`emp_calendario_id`);

--
-- Indices de la tabla `mar_tipo_permiso`
--
ALTER TABLE `mar_tipo_permiso`
  ADD PRIMARY KEY (`id_tipo_permiso`);

--
-- Indices de la tabla `migrations`
--
ALTER TABLE `migrations`
  ADD PRIMARY KEY (`id`);

--
-- Indices de la tabla `model_has_permissions`
--
ALTER TABLE `model_has_permissions`
  ADD PRIMARY KEY (`permission_id`,`model_id`,`model_type`),
  ADD KEY `model_has_permissions_model_id_model_type_index` (`model_id`,`model_type`);

--
-- Indices de la tabla `model_has_roles`
--
ALTER TABLE `model_has_roles`
  ADD PRIMARY KEY (`role_id`,`model_id`,`model_type`),
  ADD KEY `model_has_roles_model_id_model_type_index` (`model_id`,`model_type`);

--
-- Indices de la tabla `password_resets`
--
ALTER TABLE `password_resets`
  ADD KEY `password_resets_email_index` (`email`);

--
-- Indices de la tabla `permissions`
--
ALTER TABLE `permissions`
  ADD PRIMARY KEY (`id`);

--
-- Indices de la tabla `roles`
--
ALTER TABLE `roles`
  ADD PRIMARY KEY (`id`);

--
-- Indices de la tabla `role_has_permissions`
--
ALTER TABLE `role_has_permissions`
  ADD PRIMARY KEY (`permission_id`,`role_id`),
  ADD KEY `role_has_permissions_role_id_foreign` (`role_id`);

--
-- Indices de la tabla `via_actividad`
--
ALTER TABLE `via_actividad`
  ADD PRIMARY KEY (`id_actividad`);

--
-- Indices de la tabla `via_forma_pago`
--
ALTER TABLE `via_forma_pago`
  ADD PRIMARY KEY (`id_forma_pago`);

--
-- Indices de la tabla `via_lugar_mision`
--
ALTER TABLE `via_lugar_mision`
  ADD PRIMARY KEY (`id_lugar_mision`),
  ADD KEY `via_lugar_mision_departamento_id_foreign` (`departamento_id`);

--
-- Indices de la tabla `via_periodo`
--
ALTER TABLE `via_periodo`
  ADD PRIMARY KEY (`id_periodo`),
  ADD KEY `via_periodo_centro_id_foreign` (`centro_id`);

--
-- Indices de la tabla `via_programacion`
--
ALTER TABLE `via_programacion`
  ADD PRIMARY KEY (`id_programacion`),
  ADD KEY `via_programacion_empleado_id_foreign` (`empleado_id`),
  ADD KEY `via_programacion_oficina_id_foreign` (`oficina_id`),
  ADD KEY `via_programacion_lugar_mision_id_foreign` (`lugar_mision_id`),
  ADD KEY `via_programacion_actividad_id_foreign` (`actividad_id`),
  ADD KEY `via_programacion_tipo_viatico_id_foreign` (`tipo_viatico_id`),
  ADD KEY `via_programacion_viatico_id_foreign` (`viatico_id`),
  ADD KEY `via_programacion_usuario_id_foreign` (`usuario_id`);

--
-- Indices de la tabla `via_programacion_detalle`
--
ALTER TABLE `via_programacion_detalle`
  ADD PRIMARY KEY (`id_programacion_detalle`),
  ADD KEY `via_programacion_detalle_programacion_id_foreign` (`programacion_id`);

--
-- Indices de la tabla `via_tipo_programacion`
--
ALTER TABLE `via_tipo_programacion`
  ADD PRIMARY KEY (`id_tipo_programacion`);

--
-- Indices de la tabla `via_tipo_viatico`
--
ALTER TABLE `via_tipo_viatico`
  ADD PRIMARY KEY (`id_tipo_viatico`);

--
-- Indices de la tabla `via_viatico`
--
ALTER TABLE `via_viatico`
  ADD PRIMARY KEY (`id_viatico`),
  ADD KEY `via_viatico_centro_id_foreign` (`centro_id`),
  ADD KEY `via_viatico_tipo_programacion_id_foreign` (`tipo_programacion_id`),
  ADD KEY `via_viatico_forma_pago_id_foreign` (`forma_pago_id`);

--
-- AUTO_INCREMENT de las tablas volcadas
--

--
-- AUTO_INCREMENT de la tabla `admin_usuario`
--
ALTER TABLE `admin_usuario`
  MODIFY `id_usuario` bigint(20) UNSIGNED NOT NULL AUTO_INCREMENT, AUTO_INCREMENT=16;

--
-- AUTO_INCREMENT de la tabla `admin_usuario_oficina`
--
ALTER TABLE `admin_usuario_oficina`
  MODIFY `id_usuario_oficina` bigint(20) UNSIGNED NOT NULL AUTO_INCREMENT, AUTO_INCREMENT=4;

--
-- AUTO_INCREMENT de la tabla `emp_banco`
--
ALTER TABLE `emp_banco`
  MODIFY `id_banco` bigint(20) UNSIGNED NOT NULL AUTO_INCREMENT, AUTO_INCREMENT=5;

--
-- AUTO_INCREMENT de la tabla `emp_cargo`
--
ALTER TABLE `emp_cargo`
  MODIFY `id_cargo` bigint(20) UNSIGNED NOT NULL AUTO_INCREMENT, AUTO_INCREMENT=19;

--
-- AUTO_INCREMENT de la tabla `emp_cargo_hacienda`
--
ALTER TABLE `emp_cargo_hacienda`
  MODIFY `id_cargo_hacienda` bigint(20) UNSIGNED NOT NULL AUTO_INCREMENT, AUTO_INCREMENT=18;

--
-- AUTO_INCREMENT de la tabla `emp_cargo_mp`
--
ALTER TABLE `emp_cargo_mp`
  MODIFY `id_cargo_mp` bigint(20) UNSIGNED NOT NULL AUTO_INCREMENT, AUTO_INCREMENT=18;

--
-- AUTO_INCREMENT de la tabla `emp_centro`
--
ALTER TABLE `emp_centro`
  MODIFY `id_centro` bigint(20) UNSIGNED NOT NULL AUTO_INCREMENT, AUTO_INCREMENT=7;

--
-- AUTO_INCREMENT de la tabla `emp_departamento`
--
ALTER TABLE `emp_departamento`
  MODIFY `id_departamento` bigint(20) UNSIGNED NOT NULL AUTO_INCREMENT, AUTO_INCREMENT=15;

--
-- AUTO_INCREMENT de la tabla `emp_documento`
--
ALTER TABLE `emp_documento`
  MODIFY `id_documento` bigint(20) UNSIGNED NOT NULL AUTO_INCREMENT, AUTO_INCREMENT=4;

--
-- AUTO_INCREMENT de la tabla `emp_empleado`
--
ALTER TABLE `emp_empleado`
  MODIFY `id_empleado` bigint(20) UNSIGNED NOT NULL AUTO_INCREMENT, AUTO_INCREMENT=16;

--
-- AUTO_INCREMENT de la tabla `emp_estado_civil`
--
ALTER TABLE `emp_estado_civil`
  MODIFY `id_estado_civil` bigint(20) UNSIGNED NOT NULL AUTO_INCREMENT, AUTO_INCREMENT=5;

--
-- AUTO_INCREMENT de la tabla `emp_historial`
--
ALTER TABLE `emp_historial`
  MODIFY `id_historial` bigint(20) UNSIGNED NOT NULL AUTO_INCREMENT, AUTO_INCREMENT=21;

--
-- AUTO_INCREMENT de la tabla `emp_municipio`
--
ALTER TABLE `emp_municipio`
  MODIFY `id_municipio` bigint(20) UNSIGNED NOT NULL AUTO_INCREMENT, AUTO_INCREMENT=263;

--
-- AUTO_INCREMENT de la tabla `emp_nivel_academico`
--
ALTER TABLE `emp_nivel_academico`
  MODIFY `id_nivel_academico` bigint(20) UNSIGNED NOT NULL AUTO_INCREMENT, AUTO_INCREMENT=2;

--
-- AUTO_INCREMENT de la tabla `emp_oficina`
--
ALTER TABLE `emp_oficina`
  MODIFY `id_oficina` bigint(20) UNSIGNED NOT NULL AUTO_INCREMENT, AUTO_INCREMENT=24;

--
-- AUTO_INCREMENT de la tabla `emp_tipo_plaza`
--
ALTER TABLE `emp_tipo_plaza`
  MODIFY `id_tipo_plaza` bigint(20) UNSIGNED NOT NULL AUTO_INCREMENT, AUTO_INCREMENT=3;

--
-- AUTO_INCREMENT de la tabla `emp_unidad_administrativa`
--
ALTER TABLE `emp_unidad_administrativa`
  MODIFY `id_unidad_administrativa` bigint(20) UNSIGNED NOT NULL AUTO_INCREMENT, AUTO_INCREMENT=22;

--
-- AUTO_INCREMENT de la tabla `mar_asueto`
--
ALTER TABLE `mar_asueto`
  MODIFY `id_asueto` bigint(20) UNSIGNED NOT NULL AUTO_INCREMENT, AUTO_INCREMENT=31;

--
-- AUTO_INCREMENT de la tabla `mar_calendario`
--
ALTER TABLE `mar_calendario`
  MODIFY `id_calendario` bigint(20) UNSIGNED NOT NULL AUTO_INCREMENT, AUTO_INCREMENT=1097;

--
-- AUTO_INCREMENT de la tabla `mar_calendario_emp`
--
ALTER TABLE `mar_calendario_emp`
  MODIFY `id_calendario_emp` bigint(20) UNSIGNED NOT NULL AUTO_INCREMENT, AUTO_INCREMENT=13153;

--
-- AUTO_INCREMENT de la tabla `mar_historial`
--
ALTER TABLE `mar_historial`
  MODIFY `id_historial` bigint(20) UNSIGNED NOT NULL AUTO_INCREMENT, AUTO_INCREMENT=2;

--
-- AUTO_INCREMENT de la tabla `mar_hora_extra`
--
ALTER TABLE `mar_hora_extra`
  MODIFY `id_hora_extra` bigint(20) UNSIGNED NOT NULL AUTO_INCREMENT, AUTO_INCREMENT=8;

--
-- AUTO_INCREMENT de la tabla `mar_marcacion`
--
ALTER TABLE `mar_marcacion`
  MODIFY `id_marcacion` bigint(20) UNSIGNED NOT NULL AUTO_INCREMENT, AUTO_INCREMENT=1340;

--
-- AUTO_INCREMENT de la tabla `mar_meses_horas`
--
ALTER TABLE `mar_meses_horas`
  MODIFY `id_meses_horas` bigint(20) UNSIGNED NOT NULL AUTO_INCREMENT, AUTO_INCREMENT=13;

--
-- AUTO_INCREMENT de la tabla `mar_permiso`
--
ALTER TABLE `mar_permiso`
  MODIFY `id_permiso` bigint(20) UNSIGNED NOT NULL AUTO_INCREMENT, AUTO_INCREMENT=16;

--
-- AUTO_INCREMENT de la tabla `mar_permiso_detalle`
--
ALTER TABLE `mar_permiso_detalle`
  MODIFY `id_permiso_detalle` bigint(20) UNSIGNED NOT NULL AUTO_INCREMENT, AUTO_INCREMENT=22;

--
-- AUTO_INCREMENT de la tabla `mar_tipo_permiso`
--
ALTER TABLE `mar_tipo_permiso`
  MODIFY `id_tipo_permiso` bigint(20) UNSIGNED NOT NULL AUTO_INCREMENT, AUTO_INCREMENT=25;

--
-- AUTO_INCREMENT de la tabla `migrations`
--
ALTER TABLE `migrations`
  MODIFY `id` int(10) UNSIGNED NOT NULL AUTO_INCREMENT, AUTO_INCREMENT=83;

--
-- AUTO_INCREMENT de la tabla `permissions`
--
ALTER TABLE `permissions`
  MODIFY `id` bigint(20) UNSIGNED NOT NULL AUTO_INCREMENT, AUTO_INCREMENT=129;

--
-- AUTO_INCREMENT de la tabla `roles`
--
ALTER TABLE `roles`
  MODIFY `id` bigint(20) UNSIGNED NOT NULL AUTO_INCREMENT, AUTO_INCREMENT=28;

--
-- AUTO_INCREMENT de la tabla `via_actividad`
--
ALTER TABLE `via_actividad`
  MODIFY `id_actividad` bigint(20) UNSIGNED NOT NULL AUTO_INCREMENT, AUTO_INCREMENT=2;

--
-- AUTO_INCREMENT de la tabla `via_forma_pago`
--
ALTER TABLE `via_forma_pago`
  MODIFY `id_forma_pago` bigint(20) UNSIGNED NOT NULL AUTO_INCREMENT, AUTO_INCREMENT=3;

--
-- AUTO_INCREMENT de la tabla `via_lugar_mision`
--
ALTER TABLE `via_lugar_mision`
  MODIFY `id_lugar_mision` bigint(20) UNSIGNED NOT NULL AUTO_INCREMENT, AUTO_INCREMENT=2;

--
-- AUTO_INCREMENT de la tabla `via_periodo`
--
ALTER TABLE `via_periodo`
  MODIFY `id_periodo` bigint(20) UNSIGNED NOT NULL AUTO_INCREMENT, AUTO_INCREMENT=8;

--
-- AUTO_INCREMENT de la tabla `via_programacion`
--
ALTER TABLE `via_programacion`
  MODIFY `id_programacion` bigint(20) UNSIGNED NOT NULL AUTO_INCREMENT, AUTO_INCREMENT=11;

--
-- AUTO_INCREMENT de la tabla `via_programacion_detalle`
--
ALTER TABLE `via_programacion_detalle`
  MODIFY `id_programacion_detalle` bigint(20) UNSIGNED NOT NULL AUTO_INCREMENT, AUTO_INCREMENT=36;

--
-- AUTO_INCREMENT de la tabla `via_tipo_programacion`
--
ALTER TABLE `via_tipo_programacion`
  MODIFY `id_tipo_programacion` bigint(20) UNSIGNED NOT NULL AUTO_INCREMENT, AUTO_INCREMENT=4;

--
-- AUTO_INCREMENT de la tabla `via_tipo_viatico`
--
ALTER TABLE `via_tipo_viatico`
  MODIFY `id_tipo_viatico` bigint(20) UNSIGNED NOT NULL AUTO_INCREMENT, AUTO_INCREMENT=11;

--
-- AUTO_INCREMENT de la tabla `via_viatico`
--
ALTER TABLE `via_viatico`
  MODIFY `id_viatico` bigint(20) UNSIGNED NOT NULL AUTO_INCREMENT, AUTO_INCREMENT=14;

--
-- Restricciones para tablas volcadas
--

--
-- Filtros para la tabla `admin_usuario`
--
ALTER TABLE `admin_usuario`
  ADD CONSTRAINT `admin_usuario_empleado_id_foreign` FOREIGN KEY (`empleado_id`) REFERENCES `emp_empleado` (`id_empleado`) ON DELETE CASCADE ON UPDATE CASCADE;

--
-- Filtros para la tabla `admin_usuario_oficina`
--
ALTER TABLE `admin_usuario_oficina`
  ADD CONSTRAINT `admin_usuario_oficina_oficina_id_foreign` FOREIGN KEY (`oficina_id`) REFERENCES `emp_oficina` (`id_oficina`) ON DELETE CASCADE ON UPDATE CASCADE,
  ADD CONSTRAINT `admin_usuario_oficina_usuario_id_foreign` FOREIGN KEY (`usuario_id`) REFERENCES `admin_usuario` (`id_usuario`) ON DELETE CASCADE ON UPDATE CASCADE;

--
-- Filtros para la tabla `emp_documento`
--
ALTER TABLE `emp_documento`
  ADD CONSTRAINT `emp_documento_empleado_id_foreign` FOREIGN KEY (`empleado_id`) REFERENCES `emp_empleado` (`id_empleado`) ON DELETE CASCADE ON UPDATE CASCADE;

--
-- Filtros para la tabla `emp_empleado`
--
ALTER TABLE `emp_empleado`
  ADD CONSTRAINT `emp_empleado_banco_id_foreign` FOREIGN KEY (`banco_id`) REFERENCES `emp_banco` (`id_banco`) ON DELETE CASCADE ON UPDATE CASCADE,
  ADD CONSTRAINT `emp_empleado_cargo_funcional_id_foreign` FOREIGN KEY (`cargo_funcional_id`) REFERENCES `emp_cargo` (`id_cargo`) ON DELETE CASCADE ON UPDATE CASCADE,
  ADD CONSTRAINT `emp_empleado_cargo_hacienda_id_foreign` FOREIGN KEY (`cargo_hacienda_id`) REFERENCES `emp_cargo_hacienda` (`id_cargo_hacienda`) ON DELETE CASCADE ON UPDATE CASCADE,
  ADD CONSTRAINT `emp_empleado_cargo_mp_id_foreign` FOREIGN KEY (`cargo_mp_id`) REFERENCES `emp_cargo_mp` (`id_cargo_mp`) ON DELETE CASCADE ON UPDATE CASCADE,
  ADD CONSTRAINT `emp_empleado_cargo_nominal_id_foreign` FOREIGN KEY (`cargo_nominal_id`) REFERENCES `emp_cargo` (`id_cargo`) ON DELETE CASCADE ON UPDATE CASCADE,
  ADD CONSTRAINT `emp_empleado_estado_civil_id_foreign` FOREIGN KEY (`estado_civil_id`) REFERENCES `emp_estado_civil` (`id_estado_civil`) ON DELETE CASCADE ON UPDATE CASCADE,
  ADD CONSTRAINT `emp_empleado_municipio_id_foreign` FOREIGN KEY (`municipio_id`) REFERENCES `emp_municipio` (`id_municipio`) ON DELETE CASCADE ON UPDATE CASCADE,
  ADD CONSTRAINT `emp_empleado_nivel_academico_id_foreign` FOREIGN KEY (`nivel_academico_id`) REFERENCES `emp_nivel_academico` (`id_nivel_academico`) ON DELETE CASCADE ON UPDATE CASCADE,
  ADD CONSTRAINT `emp_empleado_oficina_id_foreign` FOREIGN KEY (`oficina_id`) REFERENCES `emp_oficina` (`id_oficina`) ON DELETE CASCADE ON UPDATE CASCADE,
  ADD CONSTRAINT `emp_empleado_tipo_plaza_id_foreign` FOREIGN KEY (`tipo_plaza_id`) REFERENCES `emp_tipo_plaza` (`id_tipo_plaza`) ON DELETE CASCADE ON UPDATE CASCADE;

--
-- Filtros para la tabla `emp_historial`
--
ALTER TABLE `emp_historial`
  ADD CONSTRAINT `emp_historial_banco_id_foreign` FOREIGN KEY (`banco_id`) REFERENCES `emp_banco` (`id_banco`) ON DELETE CASCADE ON UPDATE CASCADE,
  ADD CONSTRAINT `emp_historial_cargo_funcional_id_foreign` FOREIGN KEY (`cargo_funcional_id`) REFERENCES `emp_cargo` (`id_cargo`) ON DELETE CASCADE ON UPDATE CASCADE,
  ADD CONSTRAINT `emp_historial_cargo_hacienda_id_foreign` FOREIGN KEY (`cargo_hacienda_id`) REFERENCES `emp_cargo_hacienda` (`id_cargo_hacienda`) ON DELETE CASCADE ON UPDATE CASCADE,
  ADD CONSTRAINT `emp_historial_cargo_mp_id_foreign` FOREIGN KEY (`cargo_mp_id`) REFERENCES `emp_cargo_mp` (`id_cargo_mp`) ON DELETE CASCADE ON UPDATE CASCADE,
  ADD CONSTRAINT `emp_historial_cargo_nominal_id_foreign` FOREIGN KEY (`cargo_nominal_id`) REFERENCES `emp_cargo` (`id_cargo`) ON DELETE CASCADE ON UPDATE CASCADE,
  ADD CONSTRAINT `emp_historial_empleado_id_foreign` FOREIGN KEY (`empleado_id`) REFERENCES `emp_empleado` (`id_empleado`) ON DELETE CASCADE ON UPDATE CASCADE,
  ADD CONSTRAINT `emp_historial_estado_civil_id_foreign` FOREIGN KEY (`estado_civil_id`) REFERENCES `emp_estado_civil` (`id_estado_civil`) ON DELETE CASCADE ON UPDATE CASCADE,
  ADD CONSTRAINT `emp_historial_municipio_id_foreign` FOREIGN KEY (`municipio_id`) REFERENCES `emp_municipio` (`id_municipio`) ON DELETE CASCADE ON UPDATE CASCADE,
  ADD CONSTRAINT `emp_historial_nivel_academico_id_foreign` FOREIGN KEY (`nivel_academico_id`) REFERENCES `emp_nivel_academico` (`id_nivel_academico`) ON DELETE CASCADE ON UPDATE CASCADE,
  ADD CONSTRAINT `emp_historial_oficina_id_foreign` FOREIGN KEY (`oficina_id`) REFERENCES `emp_oficina` (`id_oficina`) ON DELETE CASCADE ON UPDATE CASCADE,
  ADD CONSTRAINT `emp_historial_tipo_plaza_id_foreign` FOREIGN KEY (`tipo_plaza_id`) REFERENCES `emp_tipo_plaza` (`id_tipo_plaza`) ON DELETE CASCADE ON UPDATE CASCADE,
  ADD CONSTRAINT `emp_historial_usuario_id_foreign` FOREIGN KEY (`usuario_id`) REFERENCES `admin_usuario` (`id_usuario`) ON DELETE CASCADE ON UPDATE CASCADE;

--
-- Filtros para la tabla `emp_municipio`
--
ALTER TABLE `emp_municipio`
  ADD CONSTRAINT `emp_municipio_departamento_id_foreign` FOREIGN KEY (`departamento_id`) REFERENCES `emp_departamento` (`id_departamento`) ON DELETE CASCADE;

--
-- Filtros para la tabla `emp_oficina`
--
ALTER TABLE `emp_oficina`
  ADD CONSTRAINT `emp_oficina_centro_id_foreign` FOREIGN KEY (`centro_id`) REFERENCES `emp_centro` (`id_centro`) ON DELETE CASCADE ON UPDATE CASCADE,
  ADD CONSTRAINT `emp_oficina_unidad_administrativa_id_foreign` FOREIGN KEY (`unidad_administrativa_id`) REFERENCES `emp_unidad_administrativa` (`id_unidad_administrativa`) ON DELETE CASCADE ON UPDATE CASCADE;

--
-- Filtros para la tabla `mar_asueto`
--
ALTER TABLE `mar_asueto`
  ADD CONSTRAINT `mar_asueto_calendario_id_foreign` FOREIGN KEY (`calendario_id`) REFERENCES `mar_calendario` (`id_calendario`) ON DELETE CASCADE ON UPDATE CASCADE;

--
-- Filtros para la tabla `mar_calendario_emp`
--
ALTER TABLE `mar_calendario_emp`
  ADD CONSTRAINT `mar_calendario_emp_calendario_id_foreign` FOREIGN KEY (`calendario_id`) REFERENCES `mar_calendario` (`id_calendario`) ON DELETE CASCADE ON UPDATE CASCADE,
  ADD CONSTRAINT `mar_calendario_emp_empleado_id_foreign` FOREIGN KEY (`empleado_id`) REFERENCES `emp_empleado` (`id_empleado`) ON DELETE CASCADE ON UPDATE CASCADE;

--
-- Filtros para la tabla `mar_hora_extra`
--
ALTER TABLE `mar_hora_extra`
  ADD CONSTRAINT `mar_hora_extra_empleado_id_foreign` FOREIGN KEY (`empleado_id`) REFERENCES `emp_empleado` (`id_empleado`) ON DELETE CASCADE ON UPDATE CASCADE;

--
-- Filtros para la tabla `mar_marcacion`
--
ALTER TABLE `mar_marcacion`
  ADD CONSTRAINT `mar_marcacion_emp_calendario_id_foreign` FOREIGN KEY (`emp_calendario_id`) REFERENCES `mar_calendario_emp` (`id_calendario_emp`) ON DELETE CASCADE ON UPDATE CASCADE,
  ADD CONSTRAINT `mar_marcacion_empleado_id_foreign` FOREIGN KEY (`empleado_id`) REFERENCES `emp_empleado` (`id_empleado`) ON DELETE CASCADE ON UPDATE CASCADE,
  ADD CONSTRAINT `mar_marcacion_oficina_id_foreign` FOREIGN KEY (`oficina_id`) REFERENCES `emp_oficina` (`id_oficina`) ON DELETE CASCADE ON UPDATE CASCADE;

--
-- Filtros para la tabla `mar_permiso`
--
ALTER TABLE `mar_permiso`
  ADD CONSTRAINT `mar_permiso_empleado_id_foreign` FOREIGN KEY (`empleado_id`) REFERENCES `emp_empleado` (`id_empleado`) ON DELETE CASCADE,
  ADD CONSTRAINT `mar_permiso_tipo_permiso_id_foreign` FOREIGN KEY (`tipo_permiso_id`) REFERENCES `mar_tipo_permiso` (`id_tipo_permiso`) ON DELETE CASCADE;

--
-- Filtros para la tabla `mar_permiso_detalle`
--
ALTER TABLE `mar_permiso_detalle`
  ADD CONSTRAINT `mar_permiso_detalle_emp_calendario_id_foreign` FOREIGN KEY (`emp_calendario_id`) REFERENCES `mar_calendario_emp` (`id_calendario_emp`) ON DELETE CASCADE ON UPDATE CASCADE,
  ADD CONSTRAINT `mar_permiso_detalle_permiso_id_foreign` FOREIGN KEY (`permiso_id`) REFERENCES `mar_permiso` (`id_permiso`) ON DELETE CASCADE ON UPDATE CASCADE;

--
-- Filtros para la tabla `model_has_permissions`
--
ALTER TABLE `model_has_permissions`
  ADD CONSTRAINT `model_has_permissions_permission_id_foreign` FOREIGN KEY (`permission_id`) REFERENCES `permissions` (`id`) ON DELETE CASCADE;

--
-- Filtros para la tabla `model_has_roles`
--
ALTER TABLE `model_has_roles`
  ADD CONSTRAINT `model_has_roles_role_id_foreign` FOREIGN KEY (`role_id`) REFERENCES `roles` (`id`) ON DELETE CASCADE;

--
-- Filtros para la tabla `role_has_permissions`
--
ALTER TABLE `role_has_permissions`
  ADD CONSTRAINT `role_has_permissions_permission_id_foreign` FOREIGN KEY (`permission_id`) REFERENCES `permissions` (`id`) ON DELETE CASCADE,
  ADD CONSTRAINT `role_has_permissions_role_id_foreign` FOREIGN KEY (`role_id`) REFERENCES `roles` (`id`) ON DELETE CASCADE;

--
-- Filtros para la tabla `via_lugar_mision`
--
ALTER TABLE `via_lugar_mision`
  ADD CONSTRAINT `via_lugar_mision_departamento_id_foreign` FOREIGN KEY (`departamento_id`) REFERENCES `emp_departamento` (`id_departamento`) ON DELETE CASCADE ON UPDATE CASCADE;

--
-- Filtros para la tabla `via_periodo`
--
ALTER TABLE `via_periodo`
  ADD CONSTRAINT `via_periodo_centro_id_foreign` FOREIGN KEY (`centro_id`) REFERENCES `emp_centro` (`id_centro`) ON DELETE CASCADE ON UPDATE CASCADE;

--
-- Filtros para la tabla `via_programacion`
--
ALTER TABLE `via_programacion`
  ADD CONSTRAINT `via_programacion_actividad_id_foreign` FOREIGN KEY (`actividad_id`) REFERENCES `via_actividad` (`id_actividad`) ON DELETE CASCADE ON UPDATE CASCADE,
  ADD CONSTRAINT `via_programacion_empleado_id_foreign` FOREIGN KEY (`empleado_id`) REFERENCES `emp_empleado` (`id_empleado`) ON DELETE CASCADE ON UPDATE CASCADE,
  ADD CONSTRAINT `via_programacion_lugar_mision_id_foreign` FOREIGN KEY (`lugar_mision_id`) REFERENCES `via_lugar_mision` (`id_lugar_mision`) ON DELETE CASCADE ON UPDATE CASCADE,
  ADD CONSTRAINT `via_programacion_oficina_id_foreign` FOREIGN KEY (`oficina_id`) REFERENCES `emp_oficina` (`id_oficina`) ON DELETE CASCADE ON UPDATE CASCADE,
  ADD CONSTRAINT `via_programacion_tipo_viatico_id_foreign` FOREIGN KEY (`tipo_viatico_id`) REFERENCES `via_tipo_viatico` (`id_tipo_viatico`) ON DELETE CASCADE ON UPDATE CASCADE,
  ADD CONSTRAINT `via_programacion_usuario_id_foreign` FOREIGN KEY (`usuario_id`) REFERENCES `admin_usuario` (`id_usuario`) ON DELETE CASCADE ON UPDATE CASCADE,
  ADD CONSTRAINT `via_programacion_viatico_id_foreign` FOREIGN KEY (`viatico_id`) REFERENCES `via_viatico` (`id_viatico`) ON DELETE CASCADE ON UPDATE CASCADE;

--
-- Filtros para la tabla `via_programacion_detalle`
--
ALTER TABLE `via_programacion_detalle`
  ADD CONSTRAINT `via_programacion_detalle_programacion_id_foreign` FOREIGN KEY (`programacion_id`) REFERENCES `via_programacion` (`id_programacion`) ON DELETE CASCADE ON UPDATE CASCADE;

--
-- Filtros para la tabla `via_viatico`
--
ALTER TABLE `via_viatico`
  ADD CONSTRAINT `via_viatico_centro_id_foreign` FOREIGN KEY (`centro_id`) REFERENCES `emp_centro` (`id_centro`) ON DELETE CASCADE ON UPDATE CASCADE,
  ADD CONSTRAINT `via_viatico_forma_pago_id_foreign` FOREIGN KEY (`forma_pago_id`) REFERENCES `via_forma_pago` (`id_forma_pago`) ON DELETE CASCADE ON UPDATE CASCADE,
  ADD CONSTRAINT `via_viatico_tipo_programacion_id_foreign` FOREIGN KEY (`tipo_programacion_id`) REFERENCES `via_tipo_programacion` (`id_tipo_programacion`) ON DELETE CASCADE ON UPDATE CASCADE;
COMMIT;

/*!40101 SET CHARACTER_SET_CLIENT=@OLD_CHARACTER_SET_CLIENT */;
/*!40101 SET CHARACTER_SET_RESULTS=@OLD_CHARACTER_SET_RESULTS */;
/*!40101 SET COLLATION_CONNECTION=@OLD_COLLATION_CONNECTION */;
